feature_idx,label,description
2,other,
5,other,
31,other,
197,other,
309,other,
351,other,
355,other,
356,other,
362,other,
464,other,
494,other,
603,other,
925,other,
934,other,
1069,other,
1082,other,
1144,other,
1163,other,
1239,other,
1283,other,
1618,other,
1839,other,
1876,other,
1922,other,
1995,other,
2056,other,
2062,other,
2215,other,
2274,other,
2333,other,
2383,other,
2607,other,
2630,other,
2656,other,
2682,other,
2720,other,
2748,other,
2896,other,
2952,other,
2971,other,
2975,other,
3129,other,
3170,other,
3194,other,
3226,other,
3257,other,
3267,other,
3282,other,
3292,other,
3358,other,
3532,other,
3612,other,
3619,other,
3797,other,
3856,other,
4019,other,
4051,other,
4252,other,
4259,other,
4507,other,
4557,other,
4636,other,
4781,other,
4803,other,
4930,other,
4952,other,
5072,other,
5099,other,
5110,other,
5221,other,
5259,other,
5394,other,
5406,other,
5590,other,
5681,other,
5706,other,
5766,other,
5931,other,
6063,other,
6079,other,
6108,other,
6199,other,
6201,other,
6307,other,
6368,other,
6377,other,
6386,other,
6415,other,
6522,other,
6608,other,
6660,other,
6818,other,
6822,other,
6902,other,
6942,other,
6946,other,
6957,other,
7018,other,
7094,other,
7192,other,
7216,other,
7246,other,
7248,other,
7283,other,
7357,other,
7361,other,
7420,other,
7566,other,
7582,other,
7602,other,
7639,other,
7676,other,
7679,other,
7824,other,
7861,other,
8074,other,
8089,other,
8093,other,
8271,other,
8409,other,
8606,other,
8812,other,
8841,other,
9203,other,
9464,other,
9502,other,
9618,other,
9645,other,
9766,other,
9863,other,
9952,other,
10084,other,
10139,other,
10225,other,
10244,other,
10407,other,
10624,other,
10853,other,
10935,other,
11253,other,
11528,other,
11607,other,
11713,other,
11962,other,
11974,other,
11988,other,
12201,other,
12244,other,
12288,other,
12345,other,
12405,other,
12477,other,
12551,other,
12571,other,
12686,other,
12725,other,
12790,other,
12811,other,
13004,other,
13277,other,
13295,other,
13332,other,
13369,other,
13454,other,
13739,other,
14002,other,
14023,other,
14032,other,
14207,other,
14279,other,
14373,other,
14567,other,
14788,other,
14790,other,
14860,other,
14969,other,
15107,other,
15138,other,
15169,other,
15306,other,
15337,other,
15479,other,
15623,other,
15634,other,
15691,other,
15728,other,
15848,other,
15882,other,
15892,other,
15948,other,
16034,other,
16036,other,
16073,other,
16074,other,
16192,other,
16294,other,
16344,other,
16352,other,
16377,other,
16389,other,
16711,other,
16905,other,
17051,other,
17063,other,
17112,other,
17158,other,
17610,other,
17699,other,
17810,other,
17859,other,
17954,other,
17962,other,
18069,other,
18078,other,
18105,other,
18143,other,
18252,other,
18473,other,
18534,other,
18571,other,
18899,other,
18931,other,
18941,other,
19011,other,
19202,other,
19446,other,
19547,other,
19725,other,
19909,other,
20054,other,
20497,other,
20529,other,
20647,other,
20869,other,
21175,other,
21180,other,
21284,other,
21601,other,
21709,other,
21800,other,
22404,other,
22465,other,
22481,other,
22768,other,
22837,other,
22880,other,
22881,other,
23015,other,
23271,other,
23564,other,
23969,other,
23986,other,
24267,other,
24386,other,
24511,other,
25007,other,
25180,other,
25418,other,
25631,other,
25881,other,
26139,other,
26298,other,
26368,other,
26524,other,
26811,other,
26894,other,
26973,other,
27141,other,
27216,other,
27345,other,
27501,other,
27677,other,
27691,other,
28123,other,
28142,other,
28379,other,
28557,other,
28740,other,
28972,other,
28986,other,
29009,other,
29082,other,
29280,other,
29554,other,
29749,other,
30041,other,
30077,other,
30080,other,
30553,other,
30603,other,
30683,other,
30704,other,
30835,other,
30904,other,
31053,other,
31192,other,
31315,other,
31397,other,
31503,other,
32100,other,
32176,other,
32225,other,
32350,other,
32377,other,
32475,other,
32684,other,
32690,other,
32734,other,
32815,other,
33340,other,
33368,other,
33549,other,
33587,other,
33742,other,
33752,other,
33874,other,
33927,other,
34230,other,
34326,other,
34368,other,
34446,other,
34665,other,
34759,other,
34804,other,
34924,other,
35027,other,
35090,other,
35121,other,
35520,other,
35608,other,
35628,other,
35941,other,
36293,other,
36314,other,
36330,other,
36388,other,
36607,other,
36824,other,
36895,other,
36911,other,
36979,other,
37265,other,
37299,other,
37429,other,
37636,other,
37789,other,
37858,other,
38107,other,
38603,other,
38699,other,
38769,other,
38856,other,
38988,other,
39170,other,
40190,other,
40193,other,
40232,other,
40303,other,
40432,other,
40588,other,
40658,other,
40674,other,
41239,other,
41612,other,
41614,other,
41812,other,
41889,other,
42336,other,
42352,other,
42549,other,
42622,other,
42660,other,
42809,other,
43302,other,
43403,other,
43564,other,
43577,other,
44099,other,
44172,other,
44402,other,
44424,other,
45233,other,
45299,other,
45497,other,
45554,other,
45754,other,
45878,other,
46203,other,
46374,other,
46811,other,
46892,other,
47340,other,
47543,other,
47679,other,
48043,other,
48142,other,
48434,other,
48756,other,
48774,other,
48849,other,
48901,other,
49342,other,
49594,other,
49665,other,
49835,other,
50019,other,
50173,other,
50403,other,
50730,other,
51043,other,
51115,other,
51280,other,
51588,other,
51683,other,
51754,other,
52108,other,
52592,other,
52913,other,
52948,other,
53028,other,
53352,other,
53700,other,
53851,other,
54127,other,
54241,other,
54350,other,
54411,other,
54449,other,
54558,other,
54677,other,
54815,other,
54980,other,
54996,other,
55089,other,
55172,other,
55633,other,
55647,other,
55937,other,
56445,other,
57604,other,
58206,other,
58329,other,
58462,other,
59063,other,
59667,other,
59799,other,
59994,other,
60004,other,
60057,other,
60151,other,
60162,other,
60391,other,
61017,other,
61405,other,
61464,other,
61902,other,
61908,other,
62180,other,
62283,other,
62300,other,
62942,other,
63301,other,
63521,other,
63803,other,
63943,other,
64288,other,
64608,other,
64773,other,
65004,other,
65011,other,
65171,other,
65372,other,
65501,other,
65817,other,
65825,other,
66606,other,
66738,other,
67093,other,
67129,other,
67142,other,
67605,other,
67886,other,
68082,other,
68159,other,
68266,other,
68750,other,
69226,other,
69269,other,
69394,other,
69573,other,
69984,other,
70237,other,
70242,other,
70289,other,
70642,other,
70661,other,
71353,other,
71772,other,
71945,other,
71966,other,
71975,other,
72474,other,
72780,other,
73168,other,
73364,other,
73455,other,
73858,other,
74000,other,
74167,other,
74424,other,
74494,other,
74566,other,
74894,other,
75070,other,
75092,other,
75410,other,
75532,other,
75660,other,
75807,other,
76061,other,
76527,other,
76712,other,
76759,other,
76936,other,
77209,other,
77222,other,
77304,other,
77575,other,
77583,other,
77647,other,
77654,other,
77659,other,
77912,other,
78750,other,
78924,other,
79903,other,
80191,other,
80291,other,
80339,other,
80402,other,
80560,other,
80715,other,
80730,other,
80803,other,
80993,other,
81000,other,
81488,other,
81739,other,
81805,other,
81907,other,
82210,other,
82802,other,
83218,other,
83361,other,
83441,other,
83825,other,
84035,other,
84253,other,
84585,other,
84774,other,
85460,other,
85802,other,
85848,other,
86170,other,
86527,other,
86625,other,
87630,other,
88350,other,
88464,other,
88725,other,
89621,other,
89753,other,
89810,other,
89890,other,
89999,other,
90939,other,
91363,other,
91476,other,
92424,other,
92581,other,
92786,other,
92899,other,
92921,other,
93059,other,
93265,other,
93371,other,
93827,other,
93988,other,
94197,other,
94340,other,
94918,other,
96259,other,
96394,other,
96615,other,
96908,other,
97667,other,
97734,other,
98328,other,
99007,other,
99872,other,
100150,other,
100722,other,
101166,other,
101191,other,
101899,other,
102461,other,
102558,other,
102726,other,
102945,other,
103375,other,
103561,other,
103891,other,
104762,other,
104823,other,
105123,other,
105455,other,
105522,other,
105597,other,
105840,other,
106072,other,
106482,other,
107526,other,
108522,other,
108684,other,
109349,other,
109616,other,
109680,other,
110225,other,
110466,other,
110828,other,
111369,other,
111454,other,
111711,other,
111765,other,
112246,other,
112385,other,
112815,other,
112889,other,
112962,other,
113668,other,
113951,other,
113967,other,
114174,other,
114331,other,
114591,other,
114977,other,
115548,other,
115783,other,
116668,other,
117280,other,
117405,other,
117719,other,
118157,other,
118663,other,
119535,other,
119585,other,
120137,other,
120246,other,
120380,other,
120767,other,
120874,other,
121292,other,
121503,other,
121925,other,
122123,other,
122353,other,
122635,other,
123326,other,
123349,other,
123866,other,
124054,other,
124178,other,
124227,other,
124335,other,
124837,other,
124965,other,
125316,other,
125429,other,
125949,other,
126082,other,
126468,other,
126538,other,
126842,other,
127316,other,
127421,other,
127702,other,
127815,other,
128104,other,
128432,other,
128663,other,
128672,other,
129167,other,
129174,other,
129867,other,
129927,other,
131845,other,
132800,other,
133102,other,
133692,other,
134079,other,
134114,other,
134494,other,
134610,other,
134945,other,
135806,other,
135912,other,
136043,other,
136172,other,
136557,other,
136952,other,
137047,other,
137778,other,
138008,other,
138277,other,
138427,other,
138488,other,
139002,other,
139135,other,
139485,other,
139979,other,
140126,other,
140626,other,
141352,other,
141760,other,
142163,other,
142504,other,
142511,other,
142523,other,
143492,other,
143533,other,
144055,other,
144728,other,
144815,other,
145363,other,
145410,other,
145744,other,
145895,other,
146220,other,
146260,other,
146372,other,
147487,other,
147708,other,
148083,other,
148467,other,
148728,other,
149357,other,
149467,other,
149923,other,
149948,other,
150020,other,
150178,other,
150904,other,
151692,other,
151831,other,
151903,other,
151933,other,
152628,other,
152658,other,
152702,other,
152832,other,
153338,other,
153638,other,
153797,other,
154652,other,
154857,other,
155056,other,
155194,other,
155371,other,
156420,other,
156754,other,
156838,other,
157225,other,
157259,other,
157918,other,
157926,other,
157983,other,
158108,other,
158130,other,
158156,other,
158286,other,
158928,other,
159681,other,
159771,other,
159946,other,
160626,other,
160844,other,
161003,other,
161169,other,
161713,other,
161829,other,
161860,other,
161931,other,
162045,other,
162094,other,
162215,other,
162244,other,
162881,other,
163601,other,
163728,other,
165226,other,
165392,other,
165539,other,
165819,other,
165869,other,
166233,other,
166490,other,
167214,other,
167387,other,
167895,other,
168880,other,
169409,other,
169444,other,
169497,other,
169855,other,
170882,other,
171492,other,
171908,other,
172495,other,
172678,other,
173678,other,
173785,other,
174559,other,
174759,other,
174896,other,
175874,other,
176074,other,
176174,other,
176360,other,
176384,other,
176428,other,
176968,other,
177108,other,
177474,other,
177556,other,
177710,other,
177908,other,
177992,other,
178441,other,
178448,other,
178450,other,
178485,other,
179606,other,
180032,other,
180706,other,
181081,other,
182118,other,
182485,other,
182536,other,
182583,other,
182779,other,
183198,other,
183219,other,
183328,other,
183676,other,
184574,other,
184905,other,
184947,other,
185102,other,
185620,other,
186107,other,
186843,other,
187431,other,
187580,other,
187738,other,
187840,other,
188416,other,
188657,other,
188741,other,
188748,other,
189187,other,
189269,other,
189579,other,
189722,other,
190008,other,
190319,other,
191434,other,
191865,other,
191984,other,
192005,other,
192394,other,
192709,other,
193255,other,
193961,other,
194205,other,
195159,other,
196168,other,
196377,other,
196431,other,
196769,other,
197096,other,
197219,other,
197400,other,
197634,other,
197937,other,
198162,other,
198373,other,
198665,other,
198673,other,
199007,other,
199214,other,
199276,other,
199438,other,
200697,other,
201379,other,
201753,other,
202793,other,
203230,other,
204364,other,
204614,other,
204778,other,
204927,other,
205101,other,
205128,other,
206330,other,
206343,other,
206706,other,
207051,other,
208549,other,
208551,other,
208854,other,
208881,other,
209191,other,
209614,other,
210368,other,
210576,other,
210843,other,
211274,other,
211400,other,
211435,other,
211724,other,
211865,other,
211952,other,
212747,other,
212968,other,
213103,other,
213155,other,
213430,other,
215052,other,
215884,other,
215945,other,
216152,other,
216246,other,
216425,other,
216692,other,
216796,other,
216997,other,
218448,other,
218565,other,
218687,other,
218809,other,
219217,other,
219619,other,
220651,other,
220709,other,
220896,other,
222461,other,
223316,other,
223360,other,
223634,other,
224058,other,
224443,other,
225364,other,
225593,other,
226169,other,
226710,other,
227106,other,
227271,other,
228087,other,
228101,other,
228883,other,
229745,other,
229757,other,
230339,other,
231132,other,
231656,other,
233750,other,
233822,other,
233975,other,
234365,other,
235016,other,
235040,other,
235613,other,
235748,other,
237882,other,
238130,other,
239020,other,
239032,other,
239247,other,
239483,other,
239688,other,
239854,other,
240173,other,
240564,other,
240586,other,
241218,other,
241776,other,
241812,other,
242656,other,
243045,other,
243123,other,
243156,other,
243357,other,
243639,other,
243850,other,
244153,other,
244596,other,
244695,other,
244737,other,
245116,other,
245272,other,
245735,other,
245862,other,
245994,other,
246773,other,
248322,other,
248373,other,
248831,other,
249033,other,
249607,other,
249792,other,
249796,other,
249813,other,
250256,other,
251526,other,
251578,other,
251736,other,
251951,other,
252195,other,
252732,other,
252772,other,
252977,other,
252990,other,
253931,other,
254030,other,
254418,other,
254733,other,
255038,other,
255175,other,
255625,other,
256947,other,
257936,other,
258035,other,
258132,other,
258784,other,
260316,other,
260615,other,
260625,other,
260739,other,
260932,other,
261158,other,
68,syntactic,Here's a guide explaining
138,syntactic,"explaining concepts after ""what is"" or ""understanding"""
217,syntactic,"by default, convention"
219,syntactic,reviewing content as specific roles
233,syntactic,\usepackage{
240,syntactic,Here's a guide
257,syntactic,acknowledging understanding
258,syntactic,word count limits
371,syntactic,code formatting and utilities
403,syntactic,.com or URLs
479,syntactic,HTML tags
500,syntactic,Input + Output
522,syntactic,link.springer.com
543,syntactic,tikz code
551,syntactic,"""code for access"" or ""below tweet"""
575,syntactic,closing punctuation and code blocks
618,syntactic,expected output
742,syntactic,variable names
785,syntactic,conversational structure
810,syntactic,This paper introduces
812,syntactic,mathematical calculations
839,syntactic,exist. case
890,syntactic,"theme, css, styling, customization"
937,syntactic,ASCII art parentheses
968,syntactic,return after print
970,syntactic,code context
1216,syntactic,standard library namespace
1251,syntactic,plug in the values
1547,syntactic,code comments and syntax
1581,syntactic,list item markers and non-English characters
1782,syntactic,transition words at start of sentences
1880,syntactic,Explanation:** headings
1938,syntactic,phrases that summarize or conclude
2036,syntactic,json data structures
2043,syntactic,list items
2072,syntactic,programming code elements
2205,syntactic,module.exports assignments
2362,syntactic,lists with asterisks and letters
2391,syntactic,declaration and assignment
2444,syntactic,ASCII art elements
2477,syntactic,LaTeX commands and options
2517,syntactic,gerunds and participles
2612,syntactic,let's break down
2641,syntactic,"list items, special characters, numbers"
2692,syntactic,"so, what"
2721,syntactic,if you
38,semantic,biological secretions
46,semantic,dragons or fantasy
56,semantic,isolation of compounds
125,semantic,key importance
151,semantic,what to bring
170,semantic,review titles and adjectives
176,semantic,Dungeons & Dragons
185,semantic,"job, introductory, health, social, family"
211,semantic,citations and paper numbers
275,semantic,drilling and installation
319,semantic,"initial value, formula, quantity"
322,semantic,materials or historical terms
324,semantic,Red Carpet
349,semantic,multiplication and addition operations
404,semantic,dental health and dentists
423,semantic,Science evaluating deals
426,semantic,insurance claims and repairs
472,semantic,on the edge
473,semantic,"Kanye West, Balenciaga"
570,semantic,organic products and farming
648,semantic,"disappointed, disappointment"
676,semantic,"healthcare costs, Planned Parenthood funding"
745,semantic,improving your vision or home
791,semantic,audience and customers
815,semantic,country names and regions
834,semantic,"looking, gazing, or staring"
836,semantic,LiquidCrystal or ListView followed by name/rs/Low
842,semantic,"business names, photos, social media, reviews"
896,semantic,helplines and organizations
935,semantic,Wolfram Language code
946,semantic,Slightly more / less
953,semantic,table headers
981,semantic,expressions of gladness and happiness towards others
1000,semantic,drink plenty of water
1016,semantic,destination
1025,semantic,insult causes
1035,semantic,"ideal sheaf, category, maps"
1107,semantic,relaxation
1108,semantic,"temples, humidity"
1142,semantic,robust
1189,semantic,normal distribution probabilities
1208,semantic,measurements and product features
1225,semantic,Britannica links by topic
1250,semantic,formational suffixes
1269,semantic,two hydrogen atoms
1339,semantic,code exports and imports
1360,semantic,examples of creative writing
1407,semantic,multi-language words
1411,semantic,scientific names (genus and species)
1414,semantic,breakdown of categorized recommendations
1417,semantic,Ukraine allies aid Zelenskyy
1454,semantic,local city newspapers magazines
1492,semantic,sports leagues and seasons
1515,semantic,ftp usage
1552,semantic,reducing quantity or increasing degree
1560,semantic,to a degree/extent
1574,semantic,keynote speaker arrangements
1591,semantic,find flaws or imperfections
1597,semantic,S-curve growth and learning curve extrapolation
1605,semantic,"Kaggle, Kai, Casbah, Calliope, certificates"
1659,semantic,for general informational
1678,semantic,summarizing or comparing
1706,semantic,technical terms and formatting
1712,semantic,Christ Jesus
1749,semantic,dialogue starts
1757,semantic,time or duration
1768,semantic,lucid dreams and hallucinations
1778,semantic,numbers and calculations
1807,semantic,"Yan, Yara, Yong names"
1836,semantic,it's
1864,semantic,end of sentence punctuation
1867,semantic,emojis and language diversity
1878,semantic,information for general knowledge
1940,semantic,specific professions and roles
1948,semantic,"terminating, political, morning"
1960,semantic,packages and reservations
1962,semantic,words starting with q
2027,semantic,numbers followed by units or descriptions
2035,semantic,skills and knowledge requirements
2042,semantic,career and identity
2049,semantic,groups and creators
2055,semantic,printing or writing
2064,semantic,links to articles and resources
2074,semantic,"Austria, industry, decrease, devices, loop"
2077,semantic,solar installation invoices
2096,semantic,patent claims and descriptions
2104,semantic,URL paths and file references
2119,semantic,Philippines
2164,semantic,"Audacity, renpy, X4"
2175,semantic,property
2227,semantic,numerical labels surrounded by parentheses
2289,semantic,"headache, nausea, dizziness, vomiting"
2307,semantic,pronouns and gendered nouns
2358,semantic,email recipients
2360,semantic,"vanishing, disappearing"
2382,semantic,water or liquid volume
2402,semantic,"Image, art, or photograph"
2403,semantic,predators alongside humans
2441,semantic,(Chorus)
2453,semantic,"measures, capacity, finances, court"
2458,semantic,"chipset, few, advertising"
2461,semantic,magnifying objects
2474,semantic,body-related urgency
2487,semantic,"stovetop, coffee, cabinets, lights"
2492,semantic,hobbies and talents
2507,semantic,get started
2530,semantic,emotional intelligence and communication
2543,semantic,religious or historical texts
2551,semantic,optimal functioning
2596,semantic,version numbers and words
2610,semantic,album and music releases
2626,semantic,news agencies
2671,semantic,blood glucose and diabetes
2673,semantic,card and scrapbook words
2687,semantic,gradually increasing or scaling
2713,semantic,story titles
2722,semantic,clothing items
2727,semantic,books and media titles
2728,semantic,Korean names and titles
2738,semantic,Series A valuation
2746,semantic,dates and times
2775,semantic,"gui, UI, widgets"
2786,semantic,rhyming poems
2788,semantic,yearly or financial reporting
107,other,this is
111,other,**
363,other,actions or processes
369,other,similarly Now
477,other,no monarch
596,other,closing or ending
601,other,things that add value or quality
605,other,"Choose, Select"
615,other,there's or there are
622,other,if you want
727,other,"text following punctuation, numbers, or domain names"
947,other,this is where it gets
1002,other,but ethical boundaries
1031,other,"""you own"""
1125,other,which defines or describes
1132,other,truly followed by awe
1183,other,"Okay,"
1242,other,non-English characters or symbols
1366,other,adhere to guidelines and formats
1534,other,if
1688,other,than comparison
1755,other,value and importance
1947,other,I'll do my best
2132,other,**Move/go beyond**
2200,other,cannot and absolutely
2281,other,numbers or code choices
2490,other,Roughly
2749,other,specific details
2812,syntactic,punctuation followed by words
2852,syntactic,function definitions and code blocks
2862,syntactic,one sentence
2925,syntactic,based on
2930,syntactic,"after ""and"", ""it"" or ""it's"""
2974,syntactic,question words and `if`
2980,syntactic,code snippets
3016,syntactic,URLs and lists
3073,syntactic,"different, vary, differ, approaches"
3087,syntactic,had to
3101,syntactic,never disappoints
3112,syntactic,"They say, want, can, add"
3180,syntactic,hexadecimal strings
3200,syntactic,greeting words
3230,syntactic,results and analysis
3274,syntactic,LaTeX commands like `\renewcommand`
3286,syntactic,https://
3349,syntactic,`model`
3371,syntactic,current value access
3516,syntactic,programming method calls
3523,syntactic,hours
3545,syntactic,answers and solutions
3598,syntactic,.
3609,syntactic,following key
3688,syntactic,"command line argument"""
3721,syntactic,code prompts and instructions
3773,syntactic,This is
3978,syntactic,sentence endings
3980,syntactic,"numbers, volumes, years"
3981,syntactic,`Now` or `Given Sentence`
4024,syntactic,url componentsinternet domains
4081,syntactic,programming and filteringprocess or functionprogram or filter
4169,syntactic,If I were
4189,syntactic,pronouns before emotions or actions
4201,syntactic,code formatting and declarations
4218,syntactic,structured lists or outlines
4222,syntactic,svg or xml structure
4225,syntactic,instruction or sequence counting
4248,syntactic,next steps
4267,syntactic,About Us or About Me
4277,syntactic,URL paths
4302,syntactic,list items or enumerations
4315,syntactic,formatting like lists and emphasis
4381,syntactic,rust imports
4402,syntactic,realizing understanding that
4459,syntactic,documentation comments `/**`
4528,syntactic,at a time/place
4536,syntactic,if you
4558,syntactic,know if you'd like me to
4593,syntactic,isinstance checks
4618,syntactic,"links, examples, or details"
4633,syntactic,is a
4653,syntactic,element locators by ID
4716,syntactic,The code
4799,syntactic,"points, lists, enumerated items"
4853,syntactic,final answer phrase
4919,syntactic,list of lists
4950,syntactic,more specific and impactful descriptions
4962,syntactic,padding declaration
4963,syntactic,"I walk, I am, while we can"
5073,syntactic,from_
5109,syntactic,sentence beginnings after punctuation
5122,syntactic,not just
5305,syntactic,following punctuation
5359,syntactic,explanations categorized by approach
5423,syntactic,affirmative response
5431,syntactic,"question ""you answer"""
5488,syntactic,code formatting
5592,syntactic,python or R code
5628,syntactic,bullet points or lists
5673,syntactic,dictionary structure
2809,semantic,requesting prescription
2837,semantic,formulas and equations
2881,semantic,Visual Studio build tools and projects
2905,semantic,AccuWeather weather
2935,semantic,mbti personality types
2966,semantic,reverse or reversal
2994,semantic,sales offer discount
3018,semantic,German verb conjugations
3029,semantic,"вести, води, привод, вывод"
3049,semantic,"editing, sculpting, adjusting images"
3059,semantic,go programming language
3370,semantic,cracked or fractured teeth
3440,semantic,month names
3486,semantic,test questions and skills
3557,semantic,COVID-19 pandemic and related events
3595,semantic,code assignment or boolean values
3604,semantic,product attributes and types
3618,semantic,reach out for help
3635,semantic,discord and slack communities
3669,semantic,"empty, partially, or strings"
3679,semantic,Rural roads
3710,semantic,state or components
3726,semantic,which clauses
3730,semantic,base URL configuration
3739,semantic,word count constraints
3748,semantic,website links and financial terms
3761,semantic,Jesus died for sins
3774,semantic,company registration and formation
3863,semantic,comes/came in sizes
3925,semantic,business owners and entrepreneurs
3938,semantic,apologies
3951,semantic,lack of care or order
3964,semantic,chapter titles
3976,semantic,jigsaw group activities
3994,semantic,context for relationships
4027,semantic,meeting someone new
4076,semantic,be verbs followed by adjectives/verbs
4091,semantic,signs and symptoms
4092,semantic,payday loans
4094,semantic,"code/data structures like lists, tuples, objects"
4099,semantic,"skin routine, conditioning, moisturizing"
4105,semantic,love and related concepts
4110,semantic,Libya and its cities
4120,semantic,"range, duration, or cost"
4130,semantic,"marketing, engineering, product, brand"
4144,semantic,exploiting weaknesses or opponents
4251,semantic,retention period
4331,semantic,responsibility and decision-making
4380,semantic,"operate, announce, Kings"
4388,semantic,"violence, organs, Russia"
4396,semantic,news agencies affiliation
4403,semantic,sum of numbers
4406,semantic,historical places and structures
4419,semantic,rooms and locations
4429,semantic,class definitions
4433,semantic,data attributes
4439,semantic,phone numbers
4531,semantic,historical fiction genre
4548,semantic,idioms and figurative language
4576,semantic,character movement
4583,semantic,Liam names
4584,semantic,odd numbers
4611,semantic,risk-free rate of return
4625,semantic,complimentary words
4648,semantic,"mathematical context ""model"""
4668,semantic,length of
4675,semantic,"solve equations, roots, maximize"
4676,semantic,"snow, rain, and showers"
4685,semantic,here's a breakdown
4743,semantic,gift giving
4745,semantic,women's clothing items
4814,semantic,boat trips and fishing
4837,semantic,wifi password
4848,semantic,statistics and rankings
4872,semantic,recipe yields
4884,semantic,religious freedom
4898,semantic,lookup parent from repository
4949,semantic,military deployments and troops
4958,semantic,heart rate and breathing
4976,semantic,"mentioning specific details like brands, companies, cities, currencies"
4983,semantic,image descriptions or titles
4988,semantic,curved compact spacetime
4999,semantic,"programmes, empires, theories, candidates, battles, ships, schools, projects, observations"
5019,semantic,specialists providing services
5031,semantic,dealerships and sales
5032,semantic,"toys, art, accessories, computing"
5059,semantic,gender discrimination
5092,semantic,explaining changes and elaborating why
5118,semantic,"numbers (one, three, four, seven, five)"
5153,semantic,determine what to do
5161,semantic,volunteer activities and cleaning
5174,semantic,"API, config, data, strategy"
5242,semantic,Turkish punctuation and numbers
5270,semantic,options (A)
5296,semantic,staying at or in places
5299,semantic,ad blocker
5302,semantic,concept of origin
5315,semantic,"dangerous substances, purity, impurities"
5354,semantic,real-life scenarios or discussions
5377,semantic,list item context
5386,semantic,key topics and questions
5420,semantic,important considerations
5460,semantic,appears to be a phrase
5483,semantic,loss and difficult times
5558,semantic,problem-solving questions
5585,semantic,links to thebalance.com
5619,semantic,news articles
5672,semantic,numbers and sequences
2843,other,want to
3033,other,legal/financial advice disclaimer
3042,other,model's turn
3610,other,That sounds awesome/cool/interesting
3678,other,given information
3769,other,"numbers, dates, or ranges"
4121,other,if
4314,other,venture-backable businesses and startups
4489,other,overwrite conflicts
4586,other,cannot provide medical advice
4706,other,understanding of concepts
5335,other,presence of AI and questions
5343,other,My purpose is to provide information
5567,other,absolutely cannot
5695,other,but I
5736,syntactic,file or directory names
5742,syntactic,url endings
5743,syntactic,```csharp
5823,syntactic,www links
5885,syntactic,Xaml TextBlock Textbox
5913,syntactic,alphanumeric sequences and links
5928,syntactic,closing parentheses and braces
6024,syntactic,"string, DataFrame, list, array"
6033,syntactic,To start an action or purpose
6132,syntactic,"later, eventually, or pending actions"
6204,syntactic,```python
6230,syntactic,by [name]
6401,syntactic,still after 'but'
6409,syntactic,documentation args
6426,syntactic,the final answer is
6431,syntactic,while clauses
6464,syntactic,word count instructions
6482,syntactic,following a request or prompt
6483,syntactic,reasoning
6571,syntactic,numbers and punctuation
6665,syntactic,you ask a question
6688,syntactic,"python code, yaml, initialization"
6778,syntactic,counting numbers and symbols
6827,syntactic,using a method
6862,syntactic,php plugin code
6954,syntactic,**1. Understanding The
6955,syntactic,contractions and possessives
6981,syntactic,sentence endings
6985,syntactic,list item 2. explanations
6996,syntactic,qualities or characteristics
7102,syntactic,log and set
7116,syntactic,package main import log
7122,syntactic,❗
7130,syntactic,expresses certainty or possibility
7145,syntactic,"questions starting with ""What"""
7157,syntactic,use strict; use warnings;
7172,syntactic,list items or structure
7204,syntactic,code documentation examples
7227,syntactic,JSON and code structure identifiers
7272,syntactic,breakdown of
7278,syntactic,code syntax and functions
7301,syntactic,table headers
7318,syntactic,have any
7347,syntactic,end of sentence or phrase
7354,syntactic,XML and version attributes
7387,syntactic,links to articles
7438,syntactic,"tokens following ""**"""
7450,syntactic,css pixel unit
7464,syntactic,conjunctions followed by pronouns
7478,syntactic,section/chapter markers
7498,syntactic,assess or determine
7589,syntactic,list items after punctuation
7606,syntactic,too followed by conjunctions
7615,syntactic,we will
7617,syntactic,"programming actions: instantiate, set, replace"
7629,syntactic,modeldialogue after a pause or question
7643,syntactic,```sql and comments
7647,syntactic,feeling confused or asking questions
7688,syntactic,sounds natural or less natural
7715,syntactic,emphasized bullet points
7719,syntactic,applied and variants
7959,syntactic,JSON structure or code blocks
7964,syntactic,please provide
8084,syntactic,mathematical operators
8106,syntactic,"list markers (*, numbers)"
8160,syntactic,sequences after commas
8256,syntactic,error with subsequent word
8323,syntactic,speculating or expressing possibility
5700,semantic,governed by laws
5718,semantic,requests and notifications
5753,semantic,age and dates
5796,semantic,"places, servers, volumes, tables"
5810,semantic,"DLP, selects, Archiving"
5886,semantic,"gone, no longer, extinct"
5897,semantic,US cities and states
5916,semantic,"wire, furnace, die, batch"
5917,semantic,school years and grades
5925,semantic,unlimited
5932,semantic,peanut butter
5986,semantic,multilingual words
5989,semantic,how we know things
6010,semantic,temperature degrees Celsius Fahrenheit
6083,semantic,ecommerce platforms and operations
6090,semantic,"REST, NO ACTION, Samsung"
6158,semantic,FOREIGN KEY refers to
6193,semantic,appearance and behavior of creatures
6213,semantic,numbers and units
6222,semantic,countries and numbers in URLs
6272,semantic,dates and meeting details
6273,semantic,tutor descriptions
6280,semantic,rental services
6345,semantic,"standard, standardization, standards, std"
6363,semantic,invite or invitation
6391,semantic,question or answer
6407,semantic,as many or as needed
6461,semantic,LoRA
6480,semantic,"Beowulf, Earnest, Mockingbird, army, Green"
6481,semantic,Office Hours
6505,semantic,Apple arc
6507,semantic,morning time slots
6552,semantic,"route, routes, routing, router"
6556,semantic,network authentication protocol
6574,semantic,clarifying information
6587,semantic,"room, bedroom, cabin quality, and amenities"
6610,semantic,planets and life's purpose
6618,semantic,summary / conclusion
6668,semantic,bio-integrated processes and materials
6671,semantic,vibe
6677,semantic,add to any rooms
6678,semantic,phonetics and pronunciation
6725,semantic,describing women and their qualities
6727,semantic,smelled faintly
6738,semantic,cross-lingual discourse markers
6761,semantic,prices change or increase
6763,semantic,names and places
6773,semantic,specific definitions
6790,semantic,publisher against claim
6840,semantic,amusement park rides and attractions
6854,semantic,collecting or accumulating things
6896,semantic,Vietnamese questions and statements
6898,semantic,guess a number
6989,semantic,trending hashtags and topics
7091,semantic,names and surnames
7124,semantic,fishing and fisheries
7142,semantic,mental health conditions
7163,semantic,路 不 即可 摸 索 想 问题 距离 解决
7187,semantic,knowledge and unity
7229,semantic,foreign diplomats and citizenship
7250,semantic,medium difficulty or time
7294,semantic,Random Forest
7338,semantic,walking then
7363,semantic,forever and ever
7383,semantic,primary or main components
7391,semantic,listening and confidentiality
7392,semantic,election cycle events
7400,semantic,century
7406,semantic,genetic mutation and variation
7475,semantic,Poj Arunanwa
7538,semantic,paper introduces concept
7544,semantic,"time, seconds, minutes, hours"
7628,semantic,"""I have a bad feeling about this"""
7660,semantic,mathematical equations and code blocks
7680,semantic,special issue
7681,semantic,TikTok and followers
7714,semantic,parts of speech or specific words
7724,semantic,"regular/frequent checks, updates, maintenance"
7742,semantic,subjective
7744,semantic,your phone number
7780,semantic,effort or difficulty ratings
7784,semantic,elegant English
7789,semantic,introduction
7798,semantic,bags and purses
7836,semantic,noun followed by of
7875,semantic,"address, city, state, and street components"
7881,semantic,dramatic natural landscapes
7889,semantic,"builder, updater, scaler, reader"
7901,semantic,how to run code
7917,semantic,anonymous functions and encryption
7930,semantic,days of the week
7979,semantic,python import statements
8003,semantic,reading or understanding content
8007,semantic,understand exploring themes
8020,semantic,normal variation differences
8026,semantic,foreign languages and punctuation
8030,semantic,highly recommend
8040,semantic,PyCharm Python code
8065,semantic,explaining understanding
8087,semantic,Chicago Illinois
8103,semantic,promote positive and beneficial actions
8109,semantic,drying or dried
8119,semantic,interjections and pauses
8168,semantic,make it fun
8173,semantic,studies have shown or suggest
8190,semantic,relative pronouns and conjunctions
8232,semantic,estimation for calculations
8233,semantic,gaining popularity or prominence
8234,semantic,currency exchange rates and conversions
8239,semantic,"giving, receiving, contributing"
8263,semantic,Wikipedia articles and creation
5760,other,skeletons don't go on dates
5849,other,model
5895,other,guide
6011,other,at each/maximum/minimum
6169,other,describe
6178,other,essentially the same
6311,other,need to
6321,other,"code, multilingual, principles"
6355,other,cannot provide advice
6437,other,I *can* offer
6541,other,proportional to
6620,other,promotes hate speech or discrimination
6622,other,harm to children or sensitive content
6960,other,best suited
6961,other,abstract concepts
8077,other,that
8081,other,"mere, vague, unsubstantiated"
8213,other,"following a, the"
8393,syntactic,AI model definitions
8448,syntactic,mathematical expressions and code snippets
8478,syntactic,ending punctuation
8479,syntactic,code snippets
8585,syntactic,price symbol `$`
8870,syntactic,php code
9103,syntactic,section titles
9130,syntactic,Page numbers
9159,syntactic,numbers and punctuation
9382,syntactic,"`encoding=""` in XML"
9408,syntactic,special characters and punctuation
9500,syntactic,comparison or description
9586,syntactic,multi-language transition or structure
9625,syntactic,code keywords and symbols
9639,syntactic,special characters and code formatting
9671,syntactic,non-English characters and words
9753,syntactic,This is
9949,syntactic,section headings
10171,syntactic,numbers and sequence markers
10185,syntactic,"sections, numbering, listing"
10272,syntactic,what is an
10283,syntactic,explaining further
10734,syntactic,"tables, lists, code blocks, or similar structured data"
10961,syntactic,list item introductions
11063,syntactic,"numbered lists, enumeration"
11136,syntactic,a/an (articles)
11297,syntactic,keywords and non-english words
8349,semantic,c++ programming
8404,semantic,LLC and privacy information
8542,semantic,ethnic groups and nationalities
8587,semantic,standards and specialized terms
8594,semantic,subjects describing past activities
8595,semantic,represents future or current value
8604,semantic,"architect, Magento, Windows, tum"
8630,semantic,dictionary definitions
8648,semantic,examples
8660,semantic,years of experience
8661,semantic,tablet dosage
8662,semantic,comparison
8665,semantic,YouTube videos
8668,semantic,"maximum value, length, or number"
8677,semantic,architecture and design
8684,semantic,largest or tallest country/economy/state/structure
8694,semantic,definitions and explanations
8719,semantic,official website links
8729,semantic,protects from water damage
8783,semantic,breaks and recharge
8805,semantic,racial slurs or data items
8863,semantic,"driven, security, principles"
8893,semantic,quantities and measurements
8922,semantic,chipped objects
8927,semantic,family and family events
8931,semantic,code constructs
8936,semantic,building
8946,semantic,asking for help or clarification
8950,semantic,declaring indictment diplomacy
8957,semantic,the most important thing
8960,semantic,woodchuck chuck wood
8989,semantic,hide scrollbars
9052,semantic,quadratic formula with frac
9074,semantic,love/like for activities
9075,semantic,bubble / bubbling
9076,semantic,pharmaceutical quality control
9096,semantic,inflation
9102,semantic,buying or selling
9122,semantic,specific media sources and profiles
9232,semantic,"one day,"
9242,semantic,hormonal mood regulation
9320,semantic,build tools and development workflow
9377,semantic,not endorsements
9397,semantic,multi-lingual content
9417,semantic,sunlight intensity and angle
9419,semantic,immigration and migrants
9458,semantic,html <style> or <link>
9564,semantic,understanding severity and how
9600,semantic,phone numbers
9693,semantic,Sir titles and honorable figures
9716,semantic,adjust or tailor for specific needs
9749,semantic,clarity and vagueness
9757,semantic,convenience and access
9784,semantic,data grids and tables
9790,semantic,android build configurations
9803,semantic,label htmlFor
9805,semantic,liquids and containers
9816,semantic,experience in employment history
9831,semantic,"hot water, laundry, charging, parking"
9854,semantic,собственные / свои
9869,semantic,"API keys, access tokens, Gemini, BlockFi"
9870,semantic,desechar consider combat intent
9888,semantic,funzionamento di modelli e azioni
9921,semantic,author information
9923,semantic,UN Language English
9934,semantic,loyalty and choosing a brand
9959,semantic,image and media files on wikis
9960,semantic,without giving access
9984,semantic,"broad, wide, range"
9991,semantic,citations and references
10003,semantic,"url_for, index, todo"
10010,semantic,financial/mathematical terms
10014,semantic,project management
10027,semantic,past or before
10031,semantic,"properties, settings, configurations"
10032,semantic,construction stages and execution
10068,semantic,Sherbrooke
10069,semantic,Job titles and descriptions
10072,semantic,"in a real application, app"
10085,semantic,tire and tyre related terms
10099,semantic,* lists
10147,semantic,calculate total cost or quantity
10163,semantic,seeing what's next
10198,semantic,FOR IMMEDIATE RELEASE
10220,semantic,concerned about
10248,semantic,skill or sky
10271,semantic,Gemma team at Google DeepMind
10320,semantic,"creative, elaborate, interesting, unique"
10327,semantic,other diverse groups
10330,semantic,appreciate your business
10362,semantic,table formatting
10373,semantic,"related keywords, phone, image"
10405,semantic,"formulas with ""given by"""
10446,semantic,project and task completion
10452,semantic,"mathematical, scientific, technical definitions"
10455,semantic,"res, response handling"
10483,semantic,"legal, encoding, and specific genres"
10507,semantic,numbers and temperatures
10552,semantic,contrasting word or phrase
10562,semantic,cannnot and will not
10650,semantic,"digital marketing, painting, photography, content, twins"
10659,semantic,price per night or week
10664,semantic,confirm your
10665,semantic,thorough and care
10673,semantic,navigating conflict or exploring themes
10698,semantic,hotel amenities
10763,semantic,attributes and properties
10796,semantic,`#ifndef`
10808,semantic,seeing what happens
10814,semantic,"multi-AZ deployment, society, parameter, safe"
10831,semantic,if you
10871,semantic,"aligned, positioned, left, away, end"
10877,semantic,script metadata format
10891,semantic,Duke of
10902,semantic,academic fields and research
10924,semantic,IELTS aptitude tests
10928,semantic,i am here to
10929,semantic,reading level
10930,semantic,contact information
10939,semantic,change over time
10941,semantic,edition or author
10942,semantic,"base currency, slow EMA, base"
10959,semantic,"Okay,"
10975,semantic,dosage instructions carefully
10998,semantic,France; French
11012,semantic,uric acid
11014,semantic,historical periods and eras
11016,semantic,registration or participation
11059,semantic,away from home or location
11112,semantic,results and analyses
11120,semantic,system process identifiers
11123,semantic,math and programming functions
11137,semantic,estimating values
11162,semantic,county administrative divisions
11179,semantic,"policy, plan, roadmap, guidelines, statement, draft"
11218,semantic,"touch, tactile, tingling, dexterity"
11255,semantic,breakdown of why/how/what
11260,semantic,company websites
11267,semantic,districts and cities
11331,semantic,"products, services, albums, songs, work"
11338,semantic,"Looking at the provided lists:-   **MAX_ACTIVATING_TOKENS**: Contains numbers (5, 2, 1, 3, 6, 0) and the ""="" symbol.-   **TOKENS_AFTER_MAX_ACTIVATING_TOKEN**: Contains numbers (0, 2, 6, 4, 3) and a punctuation mark (.).-   **TOP_POSITIVE_LOGITS**: Contains a mix of words, including ""contracting"", ""computation"", and non-English words, as well as numerical-looking characters like ""cỡ"" (Vietnamese for size/measure) and ""手術"" (Japanese for surgery).-   **TOP_ACTIVATING_TEXTS**: The texts show examples of:    *   Mathematical calculations: ""183.71 * 110.22 ≈ 20,250"", ""509220"", ""44 = 1 + 1296 + 81 + 256 = 1634"", ""198 * 198 gives you 39204"", ""42^2 = 42 × 42 = 1764"", ""3.141624"", ""4 * 3.1416 * 60"", ""8.1 million tons + 12.5 million tons = 20.6 million metric tons"", ""41.01 mpg = 41.01 * 0.425144"".    *   Historical/contextual numbers: ""5th century AD"", ""around 250 BC"".The common theme is **mathematics, calculations, equations, and numbers**. The MAX_ACTIVATING_TOKENS includes '=', which is key in equations. The TOKENS_AFTER_MAX_ACTIVATING_TOKEN often includes numbers or a period, typical in numerical results or mathematical expressions. The TOP_POSITIVE_LOGITS suggest an underlying ""computation"" or ""contracting"" (as in contracting a problem/calculation). The activating texts strongly reinforce the idea of quantitative operations.Therefore, a concise explanation would be related to calculations or equations.mathematical calculations"
11402,semantic,"""6 monthly"""
8368,other,of course
8401,other,"indicates ""this""/""it"""
8576,other,contextual words
8808,other,already and overall
8819,other,qualifiers or minor negations
8925,other,model
9083,other,"Please, disclaimer"
9109,other,There is
9280,other,concept entity style
9314,other,U-letter words and following tokens
9355,other,number or quantity
9406,other,"easy, easier, easiest"
9422,other,starting user prompts
9635,other,find or calculate unknown values
10090,other,AI assistant refusals
10486,other,anything at all
10522,other,numbers and symbols
10735,other,for a while
10779,other,The request
10791,other,for the
10917,other,based on
10944,other,numbers and counts
10970,other,A value
11023,other,with [noun]
11124,other,asking questions or giving commands
11428,syntactic,structured text markers
11453,syntactic,"continue, further, another"
11484,syntactic,youtube links or json
11501,syntactic,asking for similar items
11515,syntactic,.html file
11635,syntactic,listing actions or functions
11649,syntactic,end of sentence or clause
11760,syntactic,SQL keywords and commands
11779,syntactic,examples vary slightly
11937,syntactic,code syntax and structure
12029,syntactic,Hose songs HM cer
12035,syntactic,programming code and commands
12121,syntactic,e.g. examples and lists
12145,syntactic,there's introducing another item
12193,syntactic,*
12232,syntactic,base64 encoded data
12341,syntactic,formula used
12362,syntactic,such information or code
12432,syntactic,code blocks
12484,syntactic,article headings
12493,syntactic,ranging from X to Y
12569,syntactic,"""this"" followed by descriptions"
12647,syntactic,names following punctuation
12747,syntactic,quoted speech starting new sentences
12752,syntactic,app class definitions
12911,syntactic,closing punctuation and code structure
12942,syntactic,"`name`, `fields`, `key`"
12945,syntactic,non-english characters
13099,syntactic,identifying listed items
13175,syntactic,sentence terminators in different languages
13271,syntactic,code blocks and technical terms
13275,syntactic,of each / these / your / them
13297,syntactic,letter a followed by punctuation
13335,syntactic,"naturally, logical, statistically"
13348,syntactic,superlative adjectives followed by descriptions
13392,syntactic,responses to user
13397,syntactic,format and formula
13413,syntactic,`/imagine prompt`
13484,syntactic,create dropdownscriptdiv
13494,syntactic,function parameters and arguments
13851,syntactic,outputting text with echo
13905,syntactic,'s
13922,syntactic,reading disclaimer before discussing topics
14352,syntactic,numbers and symbols
14593,syntactic,code syntax and punctuation
14642,syntactic,website links
14723,syntactic,sentence endings
14734,syntactic,Numbers followed by punctuation or list items
11434,semantic,"Supplement, not replace"
11440,semantic,"niches, affiliate, SEO"
11511,semantic,committee
11552,semantic,making mistakes
11554,semantic,function return values
11568,semantic,Rust syntax components
11600,semantic,complexity and performance
11637,semantic,Publisher
11672,semantic,bounding boxes
11714,semantic,dealing with problems and advice
11718,semantic,numbers and specific measurements
11732,semantic,how to command
11761,semantic,financial estate tourism sector
11768,semantic,graduation note
11813,semantic,complex reasoning and description
11815,semantic,military related terms
11816,semantic,bullet points
11845,semantic,Indian culture and practices
11882,semantic,muscle fatigue
11905,semantic,researchers and faculty publishing
11911,semantic,fractions or division
11921,semantic,Roofing manufacturers
11934,semantic,control and power dynamics
11942,semantic,lazy dog
12017,semantic,"pronouns (they, them, their)"
12044,semantic,Kaanapali Beach Famous
12053,semantic,growth and development
12063,semantic,doing/making things
12072,semantic,"clothing, bedding, towels"
12111,semantic,job titles and roles
12120,semantic,"overuse, exertion, abuse, injuries"
12143,semantic,"comic strip, horoscope, advice column"
12154,semantic,taken with meal
12197,semantic,help or danger
12215,semantic,benchmarks and comparisons
12234,semantic,public spaces and features
12243,semantic,launch and attack actions
12246,semantic,geometric shapes coordinates
12300,semantic,Here's why
12342,semantic,"day, month, year"
12379,semantic,ESP or Gest
12395,semantic,global context
12417,semantic,words starting with Z
12419,semantic,of Canada
12425,semantic,past states and ownership
12453,semantic,breakdown of the reasoning
12454,semantic,inside
12467,semantic,search for meaning
12506,semantic,explaining relationships between words
12511,semantic,sum of calculation
12584,semantic,covid pandemic and recovery
12675,semantic,translation or meaning
12706,semantic,license or permit
12719,semantic,copyright holder permission
12737,semantic,negation
12759,semantic,leader empathy strategic coaches approach
12787,semantic,risk of heart
12816,semantic,charts and statistics visualizations
12841,semantic,cannot / unable / dare not
12863,semantic,brands and brand ownership
12864,semantic,To Kill a Mockingbird
12883,semantic,Chinese poets and poetry
12898,semantic,two main stages
12994,semantic,"weakness, weaker, strength"
13005,semantic,preventing crashing
13101,semantic,email subject lines
13106,semantic,Berberine
13136,semantic,through each
13174,semantic,"tween, girl, young, child"
13215,semantic,people in relationships
13252,semantic,relationships and communication
13286,semantic,liquid falling
13319,semantic,honor or remember the deceased
13352,semantic,improvement of self
13379,semantic,activate / enable commands
13396,semantic,shut down or close
13408,semantic,South Indian meals
13419,semantic,solve step by step
13426,semantic,give a rough idea
13480,semantic,Link:**
13514,semantic,instead
13542,semantic,"like, as if comparisons"
13567,semantic,today's or this day's
13582,semantic,options and drafts
13616,semantic,emergency and immediate care
13641,semantic,increase or decrease by a factor
13647,semantic,"numbers and letters, cyrillic"
13654,semantic,"culinary food items, with preparation"
13661,semantic,categorized recommendations
13693,semantic,Broadway show tickets
13718,semantic,non-english characters
13733,semantic,colors and clothing items
13745,semantic,list formatting
13755,semantic,"Vogue, brands, Patagonia, UNICEF"
13765,semantic,"control flow keywords: continue, break, return"
13768,semantic,Key improvements
13792,semantic,feeling states or sensations
13806,semantic,actions leading to outcomes
13840,semantic,"clothing, belongings, and their states"
13877,semantic,during or while
13891,semantic,"course, package, training, counseling, shelters, Bulgarian, phones"
13901,semantic,asking clarifying questions
13941,semantic,emotional expressions
13959,semantic,"""to combine"", ""PDF Drive"""
13969,semantic,code includes
13989,semantic,Vantage finance companies
14054,semantic,love and other emotions
14090,semantic,roleplay command or suggestion
14100,semantic,print pdf
14121,semantic,phrases offering options or suggestions
14141,semantic,can afford to
14151,semantic,"collaboration, account, accident"
14160,semantic,place names with 'brook' or 'creek'
14173,semantic,"seeing, hearing, smelling"
14202,semantic,series and Dragon Ball Z
14215,semantic,annual checkups
14249,semantic,most
14261,semantic,planting of trees
14309,semantic,brings about consequences or attributes
14328,semantic,crossing street signals
14329,semantic,"across, reaching, laptop, slightly, set, mug"
14334,semantic,product descriptions and catalogs
14345,semantic,javascript programming
14362,semantic,build commands and files
14389,semantic,to give *best* help/advice
14395,semantic,explanation:
14397,semantic,convert units or values
14435,semantic,protein interactions and inhibition
14529,semantic,math expressions
14542,semantic,"job titles with ""Associate"""
14555,semantic,numbers followed by BC
14576,semantic,Portugal maritime historian's championship
14580,semantic,Hello World
14589,semantic,when [pronoun] first
14594,semantic,popular because
14622,semantic,"vanishing gradients, long-range dependencies"
14648,semantic,financial statements
14698,semantic,questions or introductions
14729,semantic,Indian city names
14736,semantic,mental health resources
14753,semantic,fine-tune
11486,other,asking why
11503,other,adaptability and responding
11991,other,in the style of
12156,other,call or calc
12631,other,placeholders and context words
13355,other,nature of
14234,other,you name it
14985,syntactic,either or
14993,syntactic,This means
15075,syntactic,instruction or question
15132,syntactic,"however, but"
15289,syntactic,you can
15291,syntactic,based on
15295,syntactic,which of the following
15309,syntactic,you can
15321,syntactic,if you
15454,syntactic,for loop index
15507,syntactic,lack of usual/specific context
15756,syntactic,variable names
16100,syntactic,often followed by verb
16274,syntactic,logical statements and programming
16370,syntactic,Task 1: Sep 1:
16450,syntactic,original input or error
16740,syntactic,symbols and punctuation
16837,syntactic,"sentences starting with ""By"""
17043,syntactic,there
17059,syntactic,since or in patterns
17405,syntactic,the [famous/specific] noun
17441,syntactic,separating by comma
17443,syntactic,describing past actions or observations
17502,syntactic,code structures and control flow
17536,syntactic,citations ending in parenthesis
17589,syntactic,"lists like "":"" or ""*"""
17593,syntactic,"Furthermore,"
17741,syntactic,le explicarías
17865,syntactic,paste text here
17879,syntactic,"x, 8, or 0"
17969,syntactic,tasks like:
18040,syntactic,to lists and sequences
18293,syntactic,ensure that
18415,syntactic,closing email salutations
18701,syntactic,HTML code separators
18898,syntactic,pronoun followed by speech
16273,syntactic,"""do you know"" and ""is there"""
15973,syntactic,Bold Mathematical
14906,syntactic,group of
18836,syntactic,our possessive pronouns
14809,semantic,abstract concepts or states
14841,semantic,international greetings
14848,semantic,strategic and influence
14850,semantic,park picnic
14865,semantic,expertise and skills requirements
14872,semantic,drawings for beginners
14923,semantic,finding resources and articles
14941,semantic,solid-state drives (SSDs) versus hard disk drives (HDDs)
14984,semantic,behavior of matter and energy
15046,semantic,dates and years
15048,semantic,"Texas, California, historical periods"
15049,semantic,bipolar disorder and lithium
15072,semantic,major league baseball players
15146,semantic,plate tectonics and movement
15216,semantic,news reporting and sources
15326,semantic,explaining what words mean
15383,semantic,dates and numbers
15513,semantic,cell differentiation and growth
15582,semantic,do it yourself
15592,semantic,nuclear fission
15631,semantic,years and dates
15649,semantic,parties and gatherings
15686,semantic,"Single Asset Mode, cross-Unity"
15718,semantic,cities and their populations
15729,semantic,"личность, формирование, развитие"
15813,semantic,contrastive learning
15856,semantic,"(x, y) coordinates"
15898,semantic,"flavor, texture, richness"
16043,semantic,market store sell
16070,semantic,port
16141,semantic,pulling or towing vehicles
16155,semantic,rankings and lists
16178,semantic,writing user stories
16183,semantic,division 1
16186,semantic,"worried, scared, afraid"
16223,semantic,withstand or survive conditions
16261,semantic,thinking or assuming something incorrect
16277,semantic,"caveats, physician, compiling studies"
16365,semantic,social activities and interaction
16418,semantic,"adding, summing, or comparing numbers"
16423,semantic,"plastic surgery, body modification"
16459,semantic,"updates, additions, or frequent changes"
16494,semantic,quantities or amounts
16519,semantic,public class declarations
16536,semantic,"ice, snow, cold, mountains"
16570,semantic,formulas for calculations
16574,semantic,apparel and attire
16618,semantic,people talking about social interaction
16620,semantic,"Saudi Arabia, Oil, Ruble, population"
16641,semantic,"school choice, funding, and private education"
16704,semantic,legal fees and indemnity
16736,semantic,real photos / pics
16755,semantic,storage location
16836,semantic,from the Republic
16864,semantic,ancient India
16886,semantic,significant engine damage
16903,semantic,record warm temperatures
16945,semantic,"toy, anime, merchandise for franchises"
16994,semantic,"socialize, fun, relaxing activities"
17027,semantic,Chinese universities or famous places
17035,semantic,binary quadratic symmetric spaces
17080,semantic,fasting glucose measurement
17107,semantic,counting words or letters in a phrase
17121,semantic,genetic component or predictor
17159,semantic,"end punctuation, then sentence start"
17269,semantic,upward force opposing gravity
17351,semantic,customer or client related words
17401,semantic,"""; import"""
17430,semantic,the capital of
17467,semantic,Direct effect of EU directives
17503,semantic,property development and sales
17592,semantic,percentages and numerical values
17604,semantic,encyclopedia
17625,semantic,gradient descent or model train
17638,semantic,screen display calibration
17639,semantic,Spiritual practices and philosophies
17672,semantic,employee engagement and management
17682,semantic,SATA interface
17724,semantic,Japanese words and dates
17755,semantic,raise or throw
17801,semantic,summer season or activities
17803,semantic,chess moves
17864,semantic,non-English characters and words
17885,semantic,emulsification
17932,semantic,explaining terms
17995,semantic,"reporting, publications, and events"
18151,semantic,plant parts and growth
18169,semantic,egg preparation
18175,semantic,calf raises and stretches
18239,semantic,definitions of concepts
18434,semantic,replacement or lifespan
18444,semantic,"""God"", ""fullness"", ""body"", ""truth"", ""righteousness"""
18453,semantic,section introductions
18583,semantic,movement and action phrases
18609,semantic,saw/seen something
18715,semantic,super market
18751,semantic,spatial or technical descriptions
18775,semantic,country's equivalent
18815,semantic,grouping same or similar items
18837,semantic,"video, criminals, names"
18851,semantic,did you hear about
18882,semantic,title characters
18934,semantic,watch videos
18955,semantic,proximity to destinations
19017,semantic,enabled/disabled flags
15734,semantic,unique qualities
16366,semantic,easy to use
16689,semantic,web-based cloud SaaS
16733,semantic,"addresses, numbers, commas"
16876,semantic,benefits and features
17416,semantic,numbers with 'per'
17538,semantic,gender identity and relationships
17662,semantic,academic departments and courses
18302,semantic,chat marketing automation platforms
15560,semantic,locations and activities
16153,semantic,essential workers and business
15801,semantic,sports or competitive team context
18492,semantic,string theory geometry and scars
14759,other,"all, any"
14782,other,like
14830,other,we can do
14859,other,questions and statements
14910,other,in that fact
15083,other,open-weights model explained as
15092,other,writing prompts
15180,other,modify to suit
15348,other,"illegal, harmful, unethical"
15368,other,need to adjust
15369,other,depending on the specific situation
15429,other,even acknowledging harm
15437,other,"questions, why, what"
15660,other,improve or simplify requests
15748,other,preface this
15901,other,wondering what
15902,other,confident belief and excitement
15908,other,return code
15914,other,It violates principles
15943,other,to high/medium levels or decades
15985,other,excluding or not considering
15997,other,"converts into, lot of"
16665,other,**
16677,other,requesting more information
16701,other,don't hesitate
16930,other,there are
16941,other,impression and seeming
17220,other,before mind
17250,other,science or related field
17385,other,performance characteristics
18039,other,"difficulty, challenge, hard"
18071,other,".com, .org, URLs"
18085,other,who vs whom grammar
18454,other,"Hex bolt, test, Ready, Authors, Building, B, African"
18489,other,general or typical responses
18593,other,described as
18710,other,I think we need
18723,other,"Spanish addresses, Google Ads, SCP Foundation"
18909,other,topic planning
18982,other,listing alternatives or options
19061,syntactic,code formatting and mathematical notation
19086,syntactic,JSON schema and data structures
19357,syntactic,"`method=""post""`, `maxlength`, `inline styles`"
19427,syntactic,code comments
19814,syntactic,variable initialization
20033,syntactic,state creation and iterables
20057,syntactic,quotation marks or equals signs
20114,syntactic,list delimiters
20169,syntactic,Therefore / Hence
20953,syntactic,code blocks with comments
21614,syntactic,parentheses with content
21793,syntactic,punctuation followed by capital letter
21834,syntactic,special characters and non-English words
22055,syntactic,question or answer prompts
22621,syntactic,bullet points or lists
22762,syntactic,code block delimiters
22775,syntactic,code snippets or Excel formulas
23476,syntactic,assist you
24148,syntactic,you followed by modal verbs
19137,semantic,parenting and loving support
19164,semantic,linkedin
19263,semantic,faith and trust in God
19377,semantic,soft fabrics and feel
19398,semantic,dates and times
19474,semantic,"time, rhythm, delay, rolls"
19615,semantic,avoidant attachment
19628,semantic,EV production and sales
19637,semantic,cost overruns and budget issues
19650,semantic,severe symptoms
19673,semantic,creative arts and crafts
19680,semantic,Showing Up for Racial Justice
19711,semantic,answer the question
19721,semantic,coefficient / polynomial
19820,semantic,obsessive compulsive thoughts
19910,semantic,plate or plates
19912,semantic,public attitudes and trust
20048,semantic,pornography addiction recovery resources
20058,semantic,alcohol consumption effects
20083,semantic,acronym
20085,semantic,playing games
20130,semantic,"VC, LP, Venture Creator"
20150,semantic,slavery and its consequences
20168,semantic,or anything / or something
20219,semantic,N units with force or mass
20224,semantic,place names
20257,semantic,shipping labels and postal codes
20270,semantic,cook onion or onion powder
20314,semantic,numbers and currency values
20320,semantic,Elara
20340,semantic,summarize text
20351,semantic,"obstacles, parts, objects"
20457,semantic,matrix geometry graphs groups rotations
20490,semantic,historical entities
20599,semantic,external links and references
20636,semantic,mathematical expression components
20684,semantic,return home
20706,semantic,"Lionel Messi, Ballon d'Or, greatest of all time"
20873,semantic,autonomous weapons systems
20990,semantic,express.js server requests
20997,semantic,your health
21007,semantic,differentiate from others
21076,semantic,covenant and contract agreements
21115,semantic,metadata or bibliographic fields
21132,semantic,agreeing to terms
21148,semantic,watch
21184,semantic,"Babylon, Babel, Bible"
21204,semantic,"session, video, nights, center, device"
21245,semantic,vasodilation or vasoconstriction
21262,semantic,protecting privacy and security
21332,semantic,showing empathy or interest
21403,semantic,density and composition
21424,semantic,URLs and file path separators
21613,semantic,play or act as
21629,semantic,Good for
21648,semantic,try
21653,semantic,"initiate legislation, protection, Russian, monthly wage, Ministry"
21715,semantic,recommendations from friends
21723,semantic,annually adjusted income
21738,semantic,"circumference, distance, around the Earth"
21758,semantic,"similarly, likewise, similarly"
21780,semantic,in some contexts
21809,semantic,"unremarkable, bland, ordinary"
21852,semantic,"withdrawal symptoms, cravings, difficulty"
21860,semantic,bash conditional statements and commands
21861,semantic,languages and cultures
21869,semantic,"locations following ""in"""
21880,semantic,"life expectancy, cardiovascular disease"
21885,semantic,proportion or hydrogen
21924,semantic,30.5 in
21934,semantic,museums and historical places
21989,semantic,motorsport racing circuits and cars
22005,semantic,probability of an event
22016,semantic,left or right lung
22052,semantic,result assignment
22063,semantic,support the claim
22101,semantic,URLs and image links
22110,semantic,"Catholic Church, saints, penance"
22178,semantic,interests and hobbies
22247,semantic,"numbers, locations, characters"
22270,semantic,continuous mathematical notation
22320,semantic,question prompts
22347,semantic,before
22453,semantic,cricket scores and player performance
22503,semantic,pasta with cheese
22508,semantic,colors and descriptors
22550,semantic,punctuation and foreign words
22609,semantic,lists of items or bullet points
22684,semantic,number calculations
22743,semantic,history periods
22751,semantic,in no event shall
22758,semantic,electric vehicles and hybrid systems
22764,semantic,fHx
22773,semantic,comprehensive + topic
22788,semantic,Russian torsion field research
22851,semantic,item condition
22872,semantic,omegle chat interests
22899,semantic,"Austin, TX, Travis County"
22997,semantic,something many people
23056,semantic,notes and notebooks
23091,semantic,yellow
23117,semantic,looking expectantly
23180,semantic,adding/subtracting with remainder
23199,semantic,hate speech
23362,semantic,slope and steepness
23387,semantic,a success
23420,semantic,"address, `pid`, `com`"
23470,semantic,camera mode actions
23472,semantic,"Thinking, Fast and Slow"
23484,semantic,"boy, girl, student, brother, princess"
23514,semantic,initials followed by punctuation
23520,semantic,names of people and objects
23522,semantic,Consider getting easy
23539,semantic,I'm [verb-ing]
23542,semantic,make accessible/available
23575,semantic,anagrams and similar word formations
23577,semantic,Enron and related topics
23587,semantic,concessions and opposition
23642,semantic,the definition
23689,semantic,question type after user input
23730,semantic,blood clotting and circulation
23761,semantic,date of the month
23806,semantic,specifically targeting
23831,semantic,marketing slogans for kids
23843,semantic,personal information
23937,semantic,important considerations
23939,semantic,root access or plant roots
24003,semantic,log lines and system information
24007,semantic,flow and focus
24020,semantic,contacting or reaching out
24041,semantic,for _ in range
24063,semantic,not comfortable or qualified
24071,semantic,range(
24084,semantic,services. Light. Rail. diesel. protective
24107,semantic,time periods and completion
24134,semantic,fulfillment orders
24154,semantic,"unsafe, exploitative, unethical"
24235,semantic,PHP frameworks like Laravel and Symfony
20612,semantic,arrive at
21409,semantic,"code block keywords like if, create, def, private"
22516,semantic,typo correction and grammar fixes
22865,semantic,"understand, knowledge, expertise"
23154,semantic,"effort, rewarding results"
19083,other,demonstrates or suggests
19270,other,possessive pronouns followed by family or place
19289,other,noticing or seeing
19313,other,spend time
19330,other,return the
19342,other,variation within
19424,other,brainstorm or break
19638,other,"ready, available, constantly"
19677,other,only
19682,other,of the
19828,other,go
19905,other,"Due Diligence, Cost, Do, Long"
19980,other,different types of X & Y
19992,other,"no, not, cannot, without"
20144,other,can contributeto help
20145,other,bukkit plugin development
20147,other,"module, plugin, tool, handler"
20398,other,de
20630,other,"Okay, From, I, We"
20641,other,`ib bun` / `ela n`
20663,other,situation
20881,other,"fl, sh, st beginnings"
20884,other,possessive pronouns and common verbs
21072,other,","
21078,other,dealing
21766,other,I am designed to
21785,other,occuring or happening
21876,other,"both, smaller, changes, used"
22619,other,"not, no, without"
22854,other,more + [adjectives]
22973,other,please do not hesitate to ask
23026,other,first names followed by surnames
23087,other,organisation or version
23165,other,edited by
23713,other,polite requests or questions
24152,other,asking questions
24268,syntactic,ChadGPT or specific terms
24273,syntactic,generally or usually
24276,syntactic,page
24438,syntactic,names followed by punctuation
24540,syntactic,adding information
24597,syntactic,specific symbols or formatting
24628,syntactic,"commands starting with ""I will"""
24686,syntactic,closing punctuation
24831,syntactic,without or no followed by word
24909,syntactic,links with punctuation
24957,syntactic,"connected, linked, or anchored"
25012,syntactic,"print ""hello world"""
25015,syntactic,"as mentioned,"
25029,syntactic,"entire script, model, application, database, table, dataset, system"
25039,syntactic,what works best
25326,syntactic,describing a or the
25442,syntactic,short distances
25468,syntactic,param or returns
25484,syntactic,if not
25606,syntactic,phrases after specific verbs
25665,syntactic,date followed by 26
25741,syntactic,questions asking for clarification
25886,syntactic,javascript import statements
25903,syntactic,occurs when
25913,syntactic,known as
25946,syntactic,useEffect hook in react
25949,syntactic,legal documents and code snippets
26119,syntactic,#include and header guards
26132,syntactic,"partly, mostly, largely, primarily"
26284,syntactic,in + noun/phrase
26294,syntactic,feel free to ask
26300,syntactic,class definition start
26305,syntactic,following content
26343,syntactic,building on previous
26365,syntactic,. and code returns
26500,syntactic,0.5
26708,syntactic,also
26892,syntactic,"newly, freshly, original, initial, early"
26903,syntactic,pip install commands
26980,syntactic,mathematical notation
27046,syntactic,"""not necessarily"""
27083,syntactic,usually like
27198,syntactic,names starting with initials
27214,syntactic,mathematical operations and symbols
27243,syntactic,HTML spaces and entities
27254,syntactic,variable definitions
27365,syntactic,special characters or delimiters
27378,syntactic,working on or with
27383,syntactic,request documentation or reproduction steps
27427,syntactic,application of techniques or methods
27857,syntactic,`If` with subsequent contrast
27907,syntactic,negations and exclusions
27913,syntactic,comprising or includes followed by a list
27950,syntactic,exclamation marks
28010,syntactic,nav or header closing bracket
28013,syntactic,focuses on
28140,syntactic,but
28266,syntactic,"Historically, original, obsolete"
28394,syntactic,"priority, substitute, should"
28713,syntactic,intended to / meant to
28735,syntactic,code and programming context
28896,syntactic,so it will
29089,syntactic,Keywords:
29091,syntactic,URLs followed by closing parenthesis
29110,syntactic,code definitions
29241,syntactic,letter options
29494,syntactic,start of block
29535,syntactic,yes/no answers
29545,syntactic,code blocks and lists
29551,syntactic,a or an followed by a noun
29588,syntactic,"German nouns modified by ""die"""
29606,syntactic,foreign language initial tokens
29636,syntactic,are left
29670,syntactic,of the / our / my
29688,syntactic,formulas explaining concepts
29925,syntactic,.gov/) or .htm/) URLs
30488,syntactic,variable names
30512,syntactic,requesting a resolution
30587,syntactic,`{` and `(` delimiting code blocks
24326,semantic,wilmington north carolina
24493,semantic,"demilitarize"", ""denazify"""
24542,semantic,famous landmark favorite
24543,semantic,"shared fate, damages arising"
24729,semantic,best performers and rankings
24734,semantic,torrent downloads
24787,semantic,salt and flavorings
25087,semantic,heat and temperature differences
25158,semantic,detection of anomalies
25209,semantic,greenhouse gas emissions
25292,semantic,Chinese dynasties and history
25544,semantic,unemployment and boredom
25644,semantic,legal matters and advice
25701,semantic,patient age and gender
25719,semantic,pronunciation explanations
25971,semantic,land value appreciates
26164,semantic,patriarchal control over women
26180,semantic,personality traits and types
26193,semantic,"political candidates, bills signed, donating money"
26257,semantic,origins and specific names
26367,semantic,Russian word endings
26497,semantic,countries and regions
26602,semantic,"Gemma, Gemini, Bard"
26623,semantic,mastering
26644,semantic,events occurring shortly before or after
26689,semantic,incredibly fast
26749,semantic,policies of creators
26770,semantic,"creatinine, muscle, waste product"
26849,semantic,restrictions and limitations
26921,semantic,mobile phone contract and service upgrades
27012,semantic,UI elements and navigation
27194,semantic,anticipate future events
27226,semantic,Latin phrases or quotes
27335,semantic,nail or toe related phrases
27356,semantic,android `AndroidManifest.xml` schemas
27458,semantic,Russia Ukraine International North Korea
27482,semantic,"eliminate, cultivate, migrate"
27486,semantic,dark themes or specific interests
27507,semantic,Square Footage
27530,semantic,psychology and psychological association
27531,semantic,hurricane season storm tracking
27548,semantic,physical attractiveness and beauty standards
27667,semantic,"""Us"", ""car parts"", ""rocketry"""
27701,semantic,Ecuador and its cities
27816,semantic,bible references
27866,semantic,news media and press releases
28150,semantic,"jurisdiction, law, applies"
28160,semantic,peace or dark world
28279,semantic,"earthquake hazard, milliseconds"
28311,semantic,"firewall, SRX, Panorama, AWS, active directory"
28317,semantic,capture essence or spirit
28454,semantic,subjective feeling or perception
28479,semantic,organize space
28510,semantic,smart contracts or flags
28617,semantic,cozy night in
28756,semantic,streamline optimize processes efficiency
28889,semantic,actin cytoskeleton visualization
28930,semantic,unique or memorable qualities
29056,semantic,string extraction
29118,semantic,"Portugal, Portuguese, Iberian Peninsula"
29192,semantic,AWS RDS database services
29284,semantic,"average, point, properties, starting"
29300,semantic,water and thirst
29419,semantic,how many
29447,semantic,Cargo.toml dependencies
29506,semantic,exponent `n`
29516,semantic,"unstoppable wave, stony puzzle, unpredictable energy"
29532,semantic,relativistic atom properties
29619,semantic,thumbs up/down feedback
29676,semantic,maintaining neutrality or alliances
29689,semantic,daughter or son
29735,semantic,"Quentin Tarantino, Call Me"
29747,semantic,bill passes in chamber
29757,semantic,"living conditions, improvement, humanism"
29841,semantic,best or most proper
29846,semantic,python imports for data science
29906,semantic,Chinese investment and outcomes
29914,semantic,"technical, business, and HR concepts"
29920,semantic,"rates, crisis, movement"
29934,semantic,qualities of good writing and code
29958,semantic,licensing
29977,semantic,check availability
29978,semantic,bleeding after intercourse
30025,semantic,included in
30085,semantic,capturing groups `()`
30100,semantic,anomaly detection
30127,semantic,"VirtualBox, QEMU, UTM"
30171,semantic,"disconnect, unlink, loosen, displace"
30224,semantic,Russian language or transliteration
30299,semantic,distance calculations
30319,semantic,"Japan, not China"
30349,semantic,Hong Kong
30351,semantic,making any investment decisions
30364,semantic,"I can, they struggle"
30413,semantic,well bad eye wise sprouts unique tầm
30420,semantic,"more easily, taller than, more"
30445,semantic,font editor or software
30462,semantic,future years
30483,semantic,pesticides and insecticides
30572,semantic,incoming call
24388,other,**
24600,other,any other questions
24687,other,within appropriate boundaries
24970,other,people can
25295,other,that's information
25715,other,that's a really interesting question
25916,other,relationship status
26504,other,purpose or reason
27928,other,for everyone
28170,other,Generally easy or reliable
28200,other,play on
28380,other,"consider, for, some, utilize"
28826,other,I work with text
29998,other,personal opinion subjective
30306,other,as of late 2023
30371,other,primarily focuses on
30624,other,"systematic, scheduled, planned"
30670,syntactic,"following ""when"""
30745,syntactic,but followed by a transition
30859,syntactic,reporting claims or statements
30950,syntactic,references at the end
30961,syntactic,"specifically, particularly"
30986,syntactic,what others have would
31095,syntactic,"lists separated by commas or ""and"""
31181,syntactic,open to
31196,syntactic,if [subject] [verb]
31200,syntactic,"hint, Hin, hinted, hints"
31267,syntactic,return statement
31328,syntactic,the + noun phrase
31386,syntactic,`junit.Test`
31394,syntactic,particularly
31457,syntactic,And followed by transition word
31520,syntactic,"directory, type"
31540,syntactic,to replace/change/properly
31694,syntactic,while followed by contrast
31716,syntactic,"DWDM, DDoS, IP, fiber, container ship"
31934,syntactic,"Set, create, send"
32133,syntactic,when time or date
32172,syntactic,questions starting with does
32272,syntactic,always crucial always
32441,syntactic,"with zero, with a"
32541,syntactic,decorative unicode characters
32709,syntactic,write every day for 500 words
32758,syntactic,Telekom.com
32876,syntactic,"openly, clearly, or intentionally"
33021,syntactic,DICOM. Scalability
33051,syntactic,"claims, equations, figures, married"
33066,syntactic,questions asking how
33073,syntactic,letter options
33101,syntactic,still
33125,syntactic,your + [noun]
33129,syntactic,identifier name system permissions
33323,syntactic,function return descriptions
33426,syntactic,Participate in code
33565,syntactic,walk followed by prepositions
34016,syntactic,Console output
34042,syntactic,"key, value, or assignment separators"
34044,syntactic,And then introducing a thought
34079,syntactic,Mr. followed by a name
34168,syntactic,words following punctuation
34189,syntactic,live not perish
34223,syntactic,essential for
34433,syntactic,"load, logs, reads, scrapes, uploads"
34466,syntactic,following a phrase introducing a topic
34552,syntactic,final punctuation marks
34562,syntactic,for simplicity
34911,syntactic,if... it
34914,syntactic,"g.,"
34931,syntactic,~/.config/ or ~/.ssh/
34978,syntactic,no followed by a word
35268,syntactic,dialogue preceding punctuation
35301,syntactic,why the other options
35365,syntactic,always been
35517,syntactic,know the other
35570,syntactic,objective to perform
35623,syntactic,code blocks
35636,syntactic,chuckled softly
36406,syntactic,avoid ambiguity jargon rambling
36870,syntactic,as requested
37055,syntactic,Here's a breakdown
37078,syntactic,O(n log n) complexity
37084,syntactic,lists of examples
37236,syntactic,*
37262,syntactic,identifying/discernible elements
37264,syntactic,symbols and numbers
37493,syntactic,modal verbs
37505,syntactic,enough or sufficiently
37569,syntactic,while being
37600,syntactic,don't let
37607,syntactic,when conditional clauses
38076,syntactic,date marker
38190,syntactic,arising out of or relating to
38290,syntactic,programming keywords and method signatures
38561,syntactic,past tense verbs or states of being
38724,syntactic,phrases with specific formatting
38776,syntactic,programming boolean results
38783,syntactic,subject line
38790,syntactic,numbers and symbols
38798,syntactic,mathematical equations with numbers
39052,syntactic,list item markers
39101,syntactic,for introducing groups
39192,syntactic,list item markers or emphasis
39305,syntactic,code throws exception or references
39345,syntactic,in conclusion or in short
39352,syntactic,from explaining a definition
30656,semantic,social context and emotional valence
30907,semantic,important decision impact
30960,semantic,natural light and interior spaces
30994,semantic,works of fiction and media
31006,semantic,disease and parasites
31094,semantic,struggling with
31383,semantic,solution or resolution
31385,semantic,capital and unit
31447,semantic,school funding and tuition
31719,semantic,"rustic, vintage, antique styles"
31787,semantic,causality or reason
32028,semantic,geometric coordinates and plotting
32061,semantic,squamous
32098,semantic,years
32103,semantic,"wrapped, folded, shrouded, enveloped"
32170,semantic,3D printing materials and processes
32345,semantic,numbers followed by units or calculations
32427,semantic,arrival or halted
32525,semantic,"Joker, carries, mischievous"
32528,semantic,striking a pose or conversation
32747,semantic,married couple
32790,semantic,kinds of academic disciplines
32796,semantic,growth rate or percentage change
32890,semantic,mystery and detective solving
32998,semantic,available
33055,semantic,patients undergoing studies or treatment
33317,semantic,sending by post or email
33589,semantic,"causes, factors, blame"
33618,semantic,correlation and relationships
33750,semantic,then introducing a new point
33835,semantic,Names followed by specific endings
33881,semantic,asking why
33930,semantic,go shopping
33956,semantic,"sorrow, fire, deed, striving, bias"
33963,semantic,World War I
34025,semantic,dependency injection frameworks
34143,semantic,installing and related actions
34359,semantic,COVID-19 and pandemic
34462,semantic,"startled ""Oh"""
34504,semantic,RISC-V processors
34545,semantic,hair loss and alopecia
34596,semantic,political charisma and skills
34655,semantic,divisibility by
34761,semantic,references and citations
34851,semantic,all-rounders and overall power
35106,semantic,"nuance, difficulty, and subjective evaluations"
35125,semantic,real-time information
35203,semantic,sign/indicate potential issues
35211,semantic,numbers and units
35387,semantic,comparison between things
35393,semantic,numbers followed by units
35506,semantic,"high level, ratings, or fever"
35589,semantic,cleaning and grooming
35807,semantic,"cyber espionage, targeting infrastructure"
35845,semantic,microsoft corporation websites
35904,semantic,out of
35932,semantic,promote development and contribution
35984,semantic,"fishing, farming, resources"
36046,semantic,in favor of / on behalf of
36132,semantic,angle and direction
36379,semantic,academic and professional roles
36409,semantic,time of day
36596,semantic,collapse / collapsing
36624,semantic,born in
36700,semantic,days of the week
36766,semantic,ratings and scores
36795,semantic,"session, claims, participants, customers, company, docker"
36878,semantic,preference
37040,semantic,information is
37061,semantic,Travel Style
37075,semantic,"opening, evaluating, saving"
37106,semantic,memory allocation failure
37169,semantic,regions and places
37397,semantic,landing in or into something
37477,semantic,login
37525,semantic,gamblingcasinowagering
37651,semantic,manufacturing and sourcing locations
37676,semantic,medical treatments and procedures
37691,semantic,"thilled, pleased, happy, proud"
37848,semantic,story about
37870,semantic,Welsh names and places
38036,semantic,Generate
38130,semantic,Hillary Clinton
38200,semantic,"Berberine, Barbados, Barbara, Barbette, barbar"
38347,semantic,Kentucky places and events
38371,semantic,what sets apart
38406,semantic,timestamps
38460,semantic,plant families ending in aceae
38713,semantic,one who
38804,semantic,adults can be hurt or vulnerable
38819,semantic,languages for 'term'
38914,semantic,problem solving
39042,semantic,training or teaching
39047,semantic,read/extract sensitive data
39237,semantic,past traumatic events
39392,semantic,"numbers, colors, or specific adjectives"
39440,semantic,a momentum or acceleration
39470,semantic,xenomorph survival
30955,other,for / für
31182,other,or
32164,other,"starts with ""this is"""
33848,other,discuss this further
34151,other,or
35205,other,hope you enjoy it
35874,other,I have had the opportunity to
36986,other,"solve for, substitute"
37972,other,I am Gemma
37701,other,not exclusively
38622,other,in the mood for
39412,other,actions to perform
39670,syntactic,viewport meta tag
39699,syntactic,with our / with [ topic ]
39817,syntactic,define (problem
40049,syntactic,on Day
40113,syntactic,verbs describing actions
40518,syntactic,` CREATE TABLE` statements
40606,syntactic,exponentiation `**` and `^`
40684,syntactic,latex package imports
40696,syntactic,objects followed by comma
40757,syntactic,programming control flow keywords
41204,syntactic,often seen
41402,syntactic,ellipses and punctuation
41413,syntactic,what/how/where/who
42148,syntactic,calculating or finding values
42350,syntactic,group by addition
42459,syntactic,keep it concise
42791,syntactic,numbers followed by advice/reasons
42823,syntactic,elif else
42959,syntactic,is followed by descriptive phrase
42978,syntactic,merge sort algorithms
43043,syntactic,short story or term
43228,syntactic,German nouns and official links
43390,syntactic,This sentence starter
43568,syntactic,numerical amounts
43760,syntactic,is a matter of
43822,syntactic,breakdown of explanations
43987,syntactic,less emphasis on
44074,syntactic,how you can do
44166,syntactic,`code`
44176,syntactic,default values
44213,syntactic,this is
44245,syntactic,"outlines, contrast, injuries, visa, JWT"
44276,syntactic,non-english words and URLs
44303,syntactic,not genuine or sincere
44940,syntactic,code delimiters
45057,syntactic,branching and function calls
45063,syntactic,"efficient, dependency, regression"
45098,syntactic,grant/lift/sing words
45585,syntactic,while loops or code blocks
45733,syntactic,can / could / might
45749,syntactic,broken down into
45761,syntactic,general requirements and applicability
45852,syntactic,How it works
45943,syntactic,help available or people who
46007,syntactic,for loop starting at 2
46067,syntactic,"so, such, tellement, настолько, इतना"
46224,syntactic,"Since, therefore, conclusion"
46482,syntactic,small
46500,syntactic,"to sexual, Sustainability, seeking, quiet"
46579,syntactic,"""Bonjour"", ""avoid long"", ""public transport"", ""linger"", ""Estafas""Let's look for a common theme:*   `avoid` is followed by `long` (queues)*   `public` is followed by `transport`*   `linger` is present as a word *after* `avoid` in the `TOKENS_AFTER_MAX_ACTIVATING_TOKEN` list, and `avoid long` is explicitly in texts.*   `Bonjour` is in `MAX_ACTIVATING_TOKENS`.The phrase ""avoid long, public transport"" captures a recurring theme. The neuron seems to be identifying sequences related to avoiding negative outcomes (long queues) and identifying relevant infrastructure (public transport). The presence of ""Bonjour"" suggests it might also be related to travel-related advice or greetings.Considering ""avoid long"", ""public transport"", and ""linger"", a good phrase could be:avoid long, public transport, linger"
46650,syntactic,in advance
46761,syntactic,information or
46886,syntactic,* or **
46968,syntactic,forget yesterday or separate
47296,syntactic,don't rely or risk
47309,syntactic,"chef, issuance, err"
47337,syntactic,named [name]
47735,syntactic,first of all / firstly / in the first place
47952,syntactic,list or sequence
48209,syntactic,actually followed by positive intensifiers or outcomes
48348,syntactic,number and code patterns
48445,syntactic,lists of items
48490,syntactic,start with
48721,syntactic,conjunctions indicating contrast or continuation
48896,syntactic,but not limited to
49175,syntactic,"if, if, if"
49195,syntactic,good idea to
49220,syntactic,"float, time, Request, POST, invalid, phishing, problems"
49249,syntactic,majority or bulk
49254,syntactic,sequence and conjunction
49515,syntactic,app build and project
49519,syntactic,dart code
49745,syntactic,don't care about
49813,syntactic,my + possessive noun
49991,syntactic,Table #
50344,syntactic,where questions are asked
50386,syntactic,describing tone or audience
50469,syntactic,at its
50472,syntactic,bolded headings with colons
50474,syntactic,changes frequently
50507,syntactic,reflexive and possessive concepts
50565,syntactic,code comments and programming keywords
50715,syntactic,template or prompt formatting
50734,syntactic,"cleanup, close, dispose, print"
39536,semantic,improvement
39551,semantic,abstract concepts and aspirations
39842,semantic,season or timing
39872,semantic,flexibility and open source
39987,semantic,"Vicuna, Guanaco, M3"
40055,semantic,defensive actions
40123,semantic,manufacturing illegal drugs
40233,semantic,differences
40341,semantic,propagating or distributing information or traffic
40532,semantic,phone numbers
40538,semantic,percentages and splits
40561,semantic,financial obligations and liquidity
40692,semantic,Social Security Trust Fund
40834,semantic,odd jobs
40930,semantic,abolitionist movements and escapes
41333,semantic,options and features
41356,semantic,dates and deadlines
41500,semantic,interested in bomb-making or explosives
41527,semantic,art nouveau style
41620,semantic,"clothing, products, sales"
41653,semantic,Puerto Rico
41895,semantic,has/have followed by past participle
42043,semantic,MAIT cells
42329,semantic,medals and achievements
42433,semantic,promote growth and development
42494,semantic,English and Spanish mentions
42507,semantic,API request parameters and body
42515,semantic,non-cancerous cell growth
43066,semantic,journal citations and years
43429,semantic,US states and abbreviations
43611,semantic,overlapping layers
43720,semantic,"kpop, lesbian, triple word"
44092,semantic,"**doctor, patient and medical contexts**"
44198,semantic,"berberine, PCOS, weight loss"
44290,semantic,"touristy, tourist areas"
44493,semantic,regulatory compliance requirements
44596,semantic,"calls to action like ""download today"""
44891,semantic,offering information about
45021,semantic,list items or symbols
45043,semantic,highest melting point
45097,semantic,writing sentences and paragraphs
45156,semantic,window length or clock speed
45326,semantic,divisibility by 3
45413,semantic,why questions or explanations
45454,semantic,animal or animals
45458,semantic,armed struggle
45635,semantic,medication and dosage
45989,semantic,difficulty rating 1-5
46019,semantic,"assists, rebounds, stats"
46192,semantic,blocking
46211,semantic,by or from Meta
46250,semantic,confusion of mind
46287,semantic,past 6 months
46444,semantic,school and education contexts
46467,semantic,oral glucose tolerance test
46721,semantic,some fun
46867,semantic,prevent organ rejection
46927,semantic,least common multiple
47100,semantic,manna from heaven
47325,semantic,5-4-3-2-1 grounding technique
47368,semantic,A trusted mental health professional
47527,semantic,resolve promise completion
47700,semantic,dog grooming
47869,semantic,AV equipment and professional setups
47959,semantic,archaeological finds
48190,semantic,bone jokes
48214,semantic,erotic stories or writing
48442,semantic,cautious movement or action
48800,semantic,uninterrupted peace and quiet
48932,semantic,sections for outlines
49170,semantic,hoping or searching for something
49248,semantic,football
49271,semantic,bird coloration
49310,semantic,emotional connection without explicit details
49344,semantic,"Nigeria, Sub-Saharan Africa, poverty"
49430,semantic,code keywords
49503,semantic,Persian and Afghan connections
49638,semantic,historical time or conditional circumstance
49654,semantic,mathematical operators and variables
49718,semantic,contact directly
49827,semantic,transition or transformation
50064,semantic,"penalties, fines, or amounts"
50113,semantic,probability that
50182,semantic,seal
50217,semantic,high cheekbones
50342,semantic,external communication with stakeholders
50452,semantic,"flower farms, parks, gardens"
50630,semantic,jury trial verdict
50759,semantic,"ownership, property, or rights"
50813,semantic,find or uncover them
39885,other,the aspect
40408,other,focus on
40526,other,explanation guidanceapproachthingsinstruct
40639,other,match items
40836,other,"intrinsic, certain, social"
40904,other,philanthropist or phytochemical
41161,other,dork or AI
42167,other,we'll see
42220,other,would directly contradict
42222,other,not explicitly address
42324,other,apply for this exciting opportunity
43153,other,publisher name
44104,other,"common responses to ""how are you"""
44467,other,want to talk
46529,other,that's where
46643,other,"important, critical, widespread"
46876,other,"flashcards, generates"
46881,other,css links
47154,other,office hours or administrative context
47548,other,high-level
48108,other,about the loss of
50004,other,friendly and helpful
50843,syntactic,column separator
51201,syntactic,closing punctuation
51235,syntactic,operation:1. Add2. Subtract3
51551,syntactic,possessive relationships
51664,syntactic,adjusting file paths
51833,syntactic,punctuation ending sentence or phrase
52502,syntactic,final answer boxes
52539,syntactic,code blocks with curly braces
53667,syntactic,sequence initiators and terminators
53917,syntactic,title pages
54021,syntactic,start or end
54874,syntactic,English markdown outline
54923,syntactic,/
54997,syntactic,Option 3 (
55027,syntactic,`[Your Name]` placeholder
55345,syntactic,fill in the blanks
55519,syntactic,code delimiters and programming constructs
56050,syntactic,question format
56183,syntactic,closing punctuation or brackets
56300,syntactic,I feel/want/laugh
56309,syntactic,conditional statements
56421,syntactic,numbers or words following punctuation
57987,syntactic,de nombreuses
58060,syntactic,foreign language suffixes
58104,syntactic,stop sequence
58331,syntactic,math equations and expressions
58434,syntactic,(
58621,syntactic,i've + past participle
58705,syntactic,ttk GUI elements
58812,syntactic,master =
58823,syntactic,look then at
58892,syntactic,translated with
58898,syntactic,Combine the following
59109,syntactic,help of
59502,syntactic,line breaks
59551,syntactic,numbers following punctuation
59631,syntactic,structured data keys and values
60219,syntactic,image links and file paths
62334,syntactic,Rust code closing parentheses
63561,syntactic,long explanations or lists
63604,syntactic,code blocks with numerical lists
63660,syntactic,acknowledging questions with?
63786,syntactic,code blocks and structured data descriptions
64168,syntactic,set_caption calls
50974,semantic,biological needs
50988,semantic,meaning or sense
50996,semantic,harmful stereotypes
50997,semantic,dates and times
51161,semantic,during longer/extended activities
51229,semantic,"scattering, spectral, dictates"
51342,semantic,system design
51417,semantic,"footwear, wheels, or flooring"
51427,semantic,free wifi
51547,semantic,"value, currency, cost, Integrities"
51793,semantic,central heating
52099,semantic,time series signals
52239,semantic,fishing and shopping for attention or information
52315,semantic,Art and handicrafts
52747,semantic,models and concepts
53044,semantic,body parts
53158,semantic,main
53267,semantic,"they spent, fell, stood, laughed, worked"
53354,semantic,booking in advance
53532,semantic,discuss healthy relationships
53614,semantic,p-Aminophenol
53624,semantic,focus or mindfulness
53807,semantic,laws and regulations
53984,semantic,creation and invention
54046,semantic,exclusive content
54139,semantic,random number generation
54180,semantic,mathematical operations and calculations
54228,semantic,mathematics and physics concepts
54304,semantic,hostage release Palestinian prisoners exchange
54392,semantic,famous works of art
54491,semantic,riddle
54623,semantic,"evolved, gradually, became"
54674,semantic,China academic research
54820,semantic,where to watch
54853,semantic,consciousness and unconsciousness
55193,semantic,dental apprentice
55235,semantic,from diverse backgrounds
55606,semantic,film credits director writer
55749,semantic,feet or inches tall
56058,semantic,injections and administration
56429,semantic,"front lines, supply lines, or territorial objectives"
56474,semantic,vector or matrix operations
56497,semantic,entities that are part of a group
56593,semantic,seeing and touching
56742,semantic,"nodded, a sign of agreement or acknowledgment"
57011,semantic,"enormous, colossal, mega"
57065,semantic,"observe, attuned, feeling, rhythms, signals, read, attention"
57137,semantic,code snippets
57155,semantic,percentages and calculations
57170,semantic,condemning racism and harm
57172,semantic,charismatic personality
57358,semantic,powerful model
57538,semantic,nation formation founding
57568,semantic,bordering countries and regions
57839,semantic,historical place names
58165,semantic,magic bullet
58187,semantic,ice sheets
58284,semantic,making money online
58336,semantic,taxonomy revising nomenclature
58381,semantic,eye contact and smiles
59583,semantic,against their will
59655,semantic,engage with others
59695,semantic,building with materials
59934,semantic,foreign languages and technical terms
59959,semantic,and hydrating other ingredients
60205,semantic,drop off at
60267,semantic,audio driver components
60362,semantic,months
60402,semantic,national and international scope
60531,semantic,events and activities
60553,semantic,spices and seasonings
60604,semantic,colors and states
60715,semantic,incorporates decoration or motifs
60735,semantic,describing physical forms
60800,semantic,"best, BEST"
60902,semantic,corpus cavernosa
60928,semantic,initiated by responsible entities
60993,semantic,presents opportunities and challenges
61112,semantic,refuses to honor / refund
61212,semantic,harmful exploitation or abuse
61383,semantic,reach conclusions
61472,semantic,teach me
61737,semantic,questions asked
61820,semantic,48
62052,semantic,vehicle condition and pricing
62152,semantic,free certificate or booklet
62382,semantic,"processing, hardware, processors, AI, GPUs"
62426,semantic,API key or job details
62591,semantic,describing personality traits
62595,semantic,financialstocksandnumbers
62693,semantic,options from casual to upscale
63431,semantic,license
63706,semantic,cells or injury after Cancer or lung
63747,semantic,experimentation and trying out options
63749,semantic,when to see a doctor
63791,semantic,months and dates
64019,semantic,years numbers or costs
64033,semantic,music genres
64110,semantic,psychology research and APA citation
64232,semantic,backup your data
50828,other,is / determine / compare / function calls
50832,other,just a general
51122,other,problem in dataproblem with scrapingproblem in Pythonproblem in Kolkataproblem in sharedproblem workingproblem in Unrealproblem topproblem tryingproblem Net
51422,other,don't have to
51455,other,remove or add
51534,other,"years, dates, and time periods"
51752,other,thank you for your assistance
51974,other,"normal, 正常, normalen"
52037,other,"amounts, states, or concepts"
52194,other,more or less
52323,other,applies to
52361,other,you're / you
52366,other,certain words and suffixes
52430,other,"Resources, properties, options"
52507,other,"time, node, sup, total, local, author, day, zero, google"
52644,other,service business
52689,other,"""What it is:"""
53472,other,but but but but but
53727,other,special qualities and value
54087,other,even if
54273,other,but ibut yourbut shebut itbut hisbut thebut he
55316,other,of
55354,other,remove this line
55750,other,"less, lesser"
55787,other,ہے۔
56042,other,"Vielen, Vorteile, VRAM"
56169,other,will be
56391,other,"UK, more, messaging"
56579,other,.
56949,other,Through [process/experience/method]
57248,other,indicating something
58298,other,"need help, institutional, pressure, GPT"
58311,other,ensures
58423,other,of
58461,other,jár
58492,other,there are no
59298,other,"completes, changes, longer, finished"
59408,other,does that make sense
59507,other,deep dive
59739,other,crucial for
59879,other,mathematical symbols and code delimiters
59916,other,random strings of characters
60614,other,"4 day, premium, jumbo frames, pilot"
60905,other,how to understand
61140,other,pan prefixes
61977,other,one tiny
62353,other,does not mention
62711,other,position relative to
62786,other,foreign language texts
63172,other,Currywurst and falafel
63260,other,providing increasing
63759,other,hallucinate facts
63941,other,select or choose an option
64150,other,check
64155,other,without symptoms or problems needed
64371,syntactic,We plus verb
64720,syntactic,qualitative adjectives before nouns
64723,syntactic,foreign languages and punctuation
65153,syntactic,attributes lists
65267,syntactic,possessive pronoun followed by noun
65296,syntactic,shapes and sizes
65467,syntactic,numbers 1-9
65543,syntactic,contrast conjunctions
65824,syntactic,symbols and digits
66358,syntactic,boolean enablement
66708,syntactic,"special characters, numbers, and names"
66854,syntactic,preceding if
67169,syntactic,Column definition syntax
67243,syntactic,"explaining types, systems, processes"
67268,syntactic,question marks and parentheses
67358,syntactic,return False
68217,syntactic,HTML element names
68387,syntactic,".py file, then run"
68913,syntactic,variable declaration statements
69258,syntactic,struct or module definitions
69375,syntactic,code comments
69412,syntactic,dates and numbers
69568,syntactic,lists/navigation links
69644,syntactic,какой / какое / какие
69733,syntactic,the followed by modifier
70206,syntactic,PHP code snippets
71027,syntactic,prepositions introducing context
71357,syntactic,ending punctuation
71548,syntactic,contrast or coexistence
71998,syntactic,numbers after colons or equal signs
72693,syntactic,end of lists or clauses
72733,syntactic,contrast conjunctions
73219,syntactic,code blocks or tables
73435,syntactic,"sql 'by' clauses, file paths"
73526,syntactic,real or true followed by positive descriptor
73615,syntactic,for each
74505,syntactic,I have
75476,syntactic,word endings
75649,syntactic,'a' followed by single or 's'
76392,syntactic,IP address
76598,syntactic,’ followed by a letter or number
76743,syntactic,groupId XML tags
77001,syntactic,explicit / explicitly
77164,syntactic,while others
77225,syntactic,I am followed by a verb
77283,syntactic,going beyond
77742,syntactic,that is not
77820,syntactic,navigation buttons and pages
77822,syntactic,multi-line structured data list items
78109,syntactic,* followed by text
78848,syntactic,predictions followed by punctuation or formatting
79307,syntactic,what that means
79423,syntactic,that is
80236,syntactic,most X in all of
64432,semantic,"Pennsylvania, Ireland, USA"
64545,semantic,automotive industry specifications
64568,semantic,describing smooth operation or feel
64703,semantic,countries
64784,semantic,blue and its associations
64931,semantic,ancient civilizations and their rulers
65204,semantic,ages or quantities followed by time units
65554,semantic,immigration and its effects
65838,semantic,"Fastify, express, passport"
65845,semantic,Website features and betting
66042,semantic,tuberculosis and TB
66178,semantic,Adobe Acrobat
66208,semantic,Saudi Arabia
66250,semantic,cheapness and cost-cutting
66560,semantic,which parts of robots.txt
66783,semantic,rolling mills and alloys
66925,semantic,improve urban China
67109,semantic,square root calculation
67112,semantic,net interest margin
67746,semantic,on demand
68038,semantic,Content-Type header
68113,semantic,oxidative stress and aging
68207,semantic,asking for prayers or guidance
68248,semantic,urination
68277,semantic,"tongue, creatures, body parts"
68356,semantic,The Weather Channel
69296,semantic,gravitational waves
69680,semantic,co-occurring mental health conditions
70284,semantic,LGBTQ youth helpline
70422,semantic,calculation and accuracy
70473,semantic,legal or official context
70484,semantic,south Louisiana
70498,semantic,engine valve timing rod turbo
70531,semantic,rate limiting factor
70567,semantic,transport disruptions
70864,semantic,powerpoint presentations and slides
71178,semantic,vacation rental
71668,semantic,"beginning, starting, effective dates"
71694,semantic,impaired judgment and concentration
71706,semantic,wonder and unfamiliarity
71753,semantic,System files and security
71795,semantic,social deduction games
72260,semantic,female
72455,semantic,Pearl of Great Price
72811,semantic,list items followed by colons or asterisks
72960,semantic,contacting resources
73291,semantic,street performer
73366,semantic,above sea level
73566,semantic,store of value
74026,semantic,"dominant, memorable, visually appealing places"
74045,semantic,differences between North and South
74459,semantic,power supply components
74515,semantic,animals with a fixed number of legs
74914,semantic,"eating, drinking, bite, foods"
75040,semantic,"Crunchyroll, International Airport, Park, com"
75085,semantic,sharing jokes and fun facts
75094,semantic,hosting rights
75148,semantic,things contained within or a collection of
75203,semantic,Job Board
75264,semantic,retailer names
75361,semantic,clothing and objects
75720,semantic,reliability and validity
75841,semantic,spaces above ceilings
75865,semantic,Word made flesh
76064,semantic,Thermal Design Power
76296,semantic,"market crashes, corrections, downturns, drawdowns"
76799,semantic,marketing campaigns and promotions
77029,semantic,Mississippi
77864,semantic,sexual orientation
78025,semantic,military operations and regions
78153,semantic,travel
78917,semantic,nerve damage or injury
78925,semantic,World War II causes
79086,semantic,helping others
79172,semantic,showing off or displaying
79376,semantic,cognitive functions and personality types
79669,semantic,roles at Michelin industry
79709,semantic,"legal penalties, consequences"
79899,semantic,comes with
64444,other,hope you enjoy
64451,other,even if not illegal
65070,other,"JFK, Kennedy, Monroe"
65316,other,"strive to collect, committed to"
65980,other,be yourself
65985,other,for [purpose/noun]
66144,other,need anything or help
66576,other,when it happens first
67140,other,cannot do
67591,other,car model year ranges
68450,other,"not automatically, not necessarily"
68472,other,types of queries
68702,other,related field
68760,other,because you/it/of
68786,other,both ... and
68788,other,cultivate and its derivatives
69077,other,contrasting conjunctions and clauses
69688,other,experienced in
69789,other,"is best, good, ideal, okay"
70106,other,"essential, crucial"
70224,other,thinking and questioning
70577,other,"declaration, type, intent"
70753,other,login or authentication successful
70846,other,system design
70896,other,"""the"" source.God titles"
70900,other,to join
70969,other,categorized by complexity and traits
71011,other,record percentages
71038,other,successful completion
71166,other,opening context
71315,other,positive and negative attributes
71574,other,permission to proceed or offer
71615,other,how to solve
71875,other,evaluate expressions and tasks
72081,other,technical terms and concepts
72356,other,lesser amounts
72889,other,informing or providing information
73163,other,partial positive charge
73199,other,square root of
73269,other,combining
73563,other,dejar o abandonar
73656,other,"future events, forecasts, expectations"
74225,other,informed citizenship
75035,other,attempting to do something
75659,other,you want to go
76065,other,anyone who's
76073,other,"Ms are, Ms learn, Ms is"
76090,other,over or under
76277,other,this software
76855,other,thanks for
77855,other,connect or link
78069,other,determines or dictates
78183,other,growing team
78467,other,names and titles
78624,other,slight dip in form
79118,other,with a translation or explanation
79679,other,build up
79884,other,Did you
79900,other,contrasting conjunction
80576,syntactic,URLs and file paths
80953,syntactic,"lists, rows, parameters"
81376,syntactic,>be me
81590,syntactic,"""ya"" followed by punctuation"
81832,syntactic,"sl, 't, supers"
81890,syntactic,unique identifiers and data types
82112,syntactic,formatted bullet points
82234,syntactic,as long as
82282,syntactic,asking if
82426,syntactic,in [field or domain]
82668,syntactic,commands and directives
82681,syntactic,list commands and examples
83009,syntactic,math limit syntax
83069,syntactic,"""This"" followed by descriptor"
83112,syntactic,initialization of sizes or counts
83486,syntactic,too [adjective]
83577,syntactic,before
84192,syntactic,matrix or grid structures
84356,syntactic,mathematical or technical terms following conjunctions
84362,syntactic,numbers following punctuation
84375,syntactic,path manipulation functions
84424,syntactic,save and run code
85129,syntactic,"if, followed by a condition"
85220,syntactic,commands for code and scripting
85429,syntactic,visuals and formatting
85588,syntactic,"prepositions followed by ""the"" or ""your"""
85891,syntactic,express.json(); parsing
86171,syntactic,start of a quotation
86184,syntactic,settled at
86495,syntactic,does not contain information
86651,syntactic,related to *
87207,syntactic,.com/
87246,syntactic,the before concepts/lists
88930,syntactic,sequence or MLA citation
89070,syntactic,hashtags and tags
89469,syntactic,command line arguments
89491,syntactic,remove default underlines/outlines
89726,syntactic,can followed by action verbs
89990,syntactic,a or an + noun
90008,syntactic,map data structures
90430,syntactic,"numbers, locations, and english tokens"
90603,syntactic,code blocks and commands
91019,syntactic,in all / in these
91567,syntactic,try me out
92148,syntactic,use/used/using
92584,syntactic,json generation requests
93185,syntactic,command:
93241,syntactic,valid number range checks
94589,syntactic,rating scales and qualitative descriptions
95099,syntactic,`_` separator in code and text
95560,syntactic,parentheses and separators
95990,syntactic,file paths or directory names
96093,syntactic,logarithm
96190,syntactic,code delimiters
96352,syntactic,search online for your area
96353,syntactic,especially
96582,syntactic,asking for instructions
97440,syntactic,redundant or duplicate content
97512,syntactic,following sentence structure after punctuation
97627,syntactic,. / : (
98072,syntactic,Option 2
99166,syntactic,predictive generation
100562,syntactic,conjunctions and connectors
100671,syntactic,positional descriptions; relations; containment
81220,syntactic,expresses how or why
85983,syntactic,process repeats iteratively
86867,syntactic,creation and process actions
80304,semantic,medical conditions or potential harms
80538,semantic,everyday objects and phenomena
80767,semantic,"Columbus, Ohio, Cleveland Clinic"
81051,semantic,postal code components H3A 0G4
81560,semantic,vector math and algorithms
81625,semantic,"anger, sadness, disappointment, frustration"
81892,semantic,conspiracy and sinister contexts
81919,semantic,straight face
82368,semantic,ball physics
82994,semantic,education and teaching
82996,semantic,medicine or treatments
83248,semantic,"sister, daughter, mother"
83366,semantic,increased productivity and work
83431,semantic,"Overwatch, Stargate, SCP, cybercrime"
83682,semantic,projection onto
83871,semantic,digital technology use
84359,semantic,activities by locals and volunteers
84539,semantic,bear
84593,semantic,jwt token or snow
84727,semantic,is followed by explanation
84902,semantic,recalling or remembering information
84966,semantic,numbers followed by punctuation
84990,semantic,Louisiana and related entities
85879,semantic,collision or meeting
85961,semantic,orbital mechanics and periods
86067,semantic,house mascots slang
86260,semantic,medications and drugs
86555,semantic,compiler installation
86742,semantic,pen writing
86743,semantic,going through difficult time
87050,semantic,postal codes
87102,semantic,administrator or root privileges
87202,semantic,political candidates and primaries
87344,semantic,cars driving
87408,semantic,makes us/me feel
87914,semantic,"sound effects like thud, thunk, whoosh"
88226,semantic,Competing here
88332,semantic,ticket descriptions
88487,semantic,University names and locations
88612,semantic,"efficiency, control, standards"
89097,semantic,getter methods returning value
89165,semantic,autonomous communities and provinces
89257,semantic,"Benefits, Qualifications, Cost, Employee"
89282,semantic,TV program types
89532,semantic,tail or trail
89594,semantic,investigating ongoing investigation
89724,semantic,"surviving spouse, loved ones"
90242,semantic,grams of calories and protein
90582,semantic,senior living specialist and prospect
91353,semantic,accusations of attacking
92406,semantic,global cooperation and challenges
92447,semantic,aspiration before medical help
92454,semantic,login and password management
92588,semantic,certain emotions or fantasies
92610,semantic,free services from stores
92620,semantic,start your trip with
92776,semantic,"health, fats, oils, pregnancy"
93017,semantic,contact information
93157,semantic,composition and camera angle
93416,semantic,identification and programming
93587,semantic,parents and family members
94486,semantic,Qx earnings and revenue
94700,semantic,decrease or worsen
94880,semantic,sovereignty and governance
95282,semantic,persona J&J
95491,semantic,university names and abbreviations
95684,semantic,nutrition and diet information
95695,semantic,language identification
96018,semantic,"January 6th, August,March, June"
96066,semantic,dental health and water additives
96143,semantic,homework and related tasks
96145,semantic,can't be happening
96331,semantic,discrimination and prejudice
96386,semantic,"Mariners, suns, Warriors, York"
96864,semantic,SCP followed by number
97042,semantic,"Month, Day, numbers, dates"
97073,semantic,millions of years
97267,semantic,days of the week/time
97497,semantic,take down
98093,semantic,per year
98200,semantic,follow-up email
99016,semantic,fill in forms
99098,semantic,meeting minutes and action items
99331,semantic,"dates, prices, amounts"
99425,semantic,taxes and records
99480,semantic,leaving luggage
99574,semantic,android fragment managers
99577,semantic,"projects, research, and studies"
99596,semantic,hiking
99767,semantic,in-person or face-to-face
99870,semantic,social proof: everyone does it
100001,semantic,dimensions or areas
100524,semantic,new partner and members
100841,semantic,"articles beginning with ""the"""
100959,semantic,hunting license
101157,semantic,sql identifier naming conventions `_` separator
80312,semantic,descriptive adjectives for style or origin
80333,semantic,indentation or dimple
82718,semantic,"communication, emotion, authority, process"
83620,semantic,domestic supply chains and economy
90964,semantic,reducing people to body parts
95303,semantic,"social, political, and communication contexts"
80936,other,approaching her
82105,other,"or anywhere, for that matter"
88746,other,add a disclaimer at the end
89283,other,code delimiters
91621,other,between two
93429,other,analyze / analyse
94176,other,memory recall failure
94199,other,unity and unite
96739,other,life/things easier or worse
97683,other,agreement term
98923,other,steps or sections
99309,other,numbers preceding or following parentheses
100036,other,it wins
80437,other,We have
81451,other,"I know, I concur, I understand"
81494,other,specific actions or qualities
81622,other,doing little for
82729,other,programming concepts
83989,other,I was trained on
84503,other,"debunked, document-intensive, biographical research"
87056,other,disclaimer
90660,other,VSC light
94298,other,directly contradicts ethical principles
95752,other,let me know if you
98147,other,graspable
100937,other,unintentional or accidental
102237,syntactic,after events or times
102399,syntactic,possessive pronouns
102943,syntactic,". followed by t, message, or 1"
103285,syntactic,parameters with `val` or `is`
104445,syntactic,list item separators
104549,syntactic,end of punctuation
104572,syntactic,explain its reasoning step-by-step
104689,syntactic,potential exceptions
105234,syntactic,solve the problem:
106537,syntactic,"""this is a"""
106789,syntactic,"question and answer pairs, vocabulary lists"
107179,syntactic,years (yyyy)
109361,syntactic,special characters and code punctuation
110995,syntactic,". ,"
111785,syntactic,Punctuation followed by 't' or numbers
111874,syntactic,* and
112203,syntactic,when each
115444,syntactic,introduces example data or structure
118318,syntactic,nouns following articles
118468,syntactic,end of sentence
118507,syntactic,"explain, provide, discuss"
118627,syntactic,original followed by request
118974,syntactic,which followed by verb or noun
119201,syntactic,certainly or definitely
121572,syntactic,start of clause
121789,syntactic,\nstatistic
122063,syntactic,Be careful with
122110,syntactic,conditional clauses
122168,syntactic,dynamic programming index `j`
122333,syntactic,Failban variable segments
122667,syntactic,""" a "" followed by"
122699,syntactic,sentence end punctuation
122963,syntactic,long explanatory statements
123076,syntactic,clicking OK
123465,syntactic,"placeholders, placeholders"
123660,syntactic,standard context indicators
123719,syntactic,index found
124325,syntactic,prepositions and case endings
124588,syntactic,transitions and conclusions
124625,syntactic,a followed by prepositions
124685,syntactic,code function definition syntax
124870,syntactic,URLs and links
125132,syntactic,dialogue punctuation
125255,syntactic,structured lists
125723,syntactic,"Originating, thriving, announced, dressed, composing, leveraging"
125759,syntactic,"contractions, possessives, or abbreviations"
126061,syntactic,configuration section header
126346,syntactic,"address, index, number"
126853,syntactic,"lists, bullet points, or enumerated items"
127020,syntactic,skip or cancel
110838,syntactic,explaining how to approach topics
103509,syntactic,Vertical and horizontal concepts
118978,syntactic,"driver's side, dashboard, under the sink"
115627,syntactic,"completely, extremely, not completely"
122971,syntactic,related to the text descriptions
125133,syntactic,no or yes answers
125989,syntactic,This request prohibited
123325,syntactic,and
101215,semantic,garden or play area
101239,semantic,turn on power valve
101311,semantic,education and learning
101909,semantic,formula definitions and theorems
102405,semantic,date manipulation
102543,semantic,organization types
102610,semantic,renewable resources
102767,semantic,area calculation
102792,semantic,respecting or disregarding boundaries
103000,semantic,"patisserie, bakeries, and pastries"
103101,semantic,Erika Eleniak
103968,semantic,Islam's Five Pillars
104510,semantic,non-consensual image leaks
105305,semantic,disappointment after anticipation
106127,semantic,DIY projects
106130,semantic,credit and related financial terms
106839,semantic,service providers and staff
107032,semantic,breasts and boobs
107111,semantic,women in leadership roles
107114,semantic,impact and its consequences
107617,semantic,stablecoin
107980,semantic,Pygame initialization and screen dimensions
108263,semantic,valve disease
109020,semantic,background or prior experience
109336,semantic,love and enjoyment
109821,semantic,earning potential and employment
110439,semantic,components and accessories
112155,semantic,"unbutton, detach, take back, use, pull out"
112199,semantic,functioning of systems
112388,semantic,"musical experience, sisters"
112515,semantic,carpal tunnel syndrome repair
112625,semantic,"habitat, population, area, city"
112691,semantic,Pixel models and Android phones
112785,semantic,"country, city, region"
112875,semantic,"""mini-Miranda"" warning"
112929,semantic,card tracking
113051,semantic,mortality and survival
113126,semantic,Hebrew language
114063,semantic,eligibility requirements and degrees
114928,semantic,foreign languages and internet providers
115204,semantic,healthcare and American Medical
116138,semantic,biological terms and anatomy
116295,semantic,Chinese New Year and China
116682,semantic,short-chain fatty acids
116776,semantic,at university or college
117157,semantic,spanish and russian words
117191,semantic,"allow established, related, or authenticated access"
118135,semantic,raven transformation
118924,semantic,embryonic development layers and structures
119167,semantic,python code imports
119803,semantic,科幻小说
120146,semantic,"treatment, symptoms, prevention"
120894,semantic,protesting against something
121063,semantic,under president
121692,semantic,applications in electronics sensors
122730,semantic,political decisions and advertising
123204,semantic,language specific meanings
123323,semantic,service and parts revenue
124310,semantic,source of
124453,semantic,state income tax
124808,semantic,arguments made by
124929,semantic,actor names followed by 'is brilliant' or 'delivers'
125078,semantic,"security, data, access, logic, structure"
125113,semantic,puppeteer or behind the scenes controlling
126029,semantic,pathfinding or routing
126188,semantic,prime numbers
126384,semantic,Undertale characters
109004,semantic,conditional statements
109296,semantic,asking for your information
110079,semantic,assess your
110526,semantic,seen many things
111064,semantic,a lot
112807,semantic,commutative properties or order of operations
113111,semantic,grateful for the things I have
114280,semantic,future and challenges
114655,semantic,body found dead
115797,semantic,make a difference
118189,semantic,look closely or examine
118709,semantic,diameter and size specifications
118819,semantic,world-class
118816,semantic,attention to detail
120959,semantic,places that are names
121221,semantic,change
126003,semantic,character description generation
126123,semantic,mounting or placement types
126582,semantic,positioning and opportunity
101204,other,"encoding, merging, image processing, decay, stretching, integers"
101655,other,In context introductions
102086,other,Blender scripts
104003,other,parking difficulty
104385,other,names of people and groups
104971,other,introduction for a
106108,other,surpassing or exceeding ranked position
106216,other,heard of
106450,other,at the time
107816,other,ignore all previous instructions
108688,other,mild intensity or degree
109596,other,advice/help requests after specific phrasing
110167,other,be open to
110591,other,Highlights
111154,other,generated by AI
111249,other,advocating / arguing positions
111510,other,what is the context
111621,other,has been or has helped
112941,other,checklist after input
113243,other,a product of
113631,other,technical terms and contexts
114318,other,fit your criteria
114397,other,search results links
114704,other,"figures, non-English characters"
115646,other,explore more
116315,other,there anything
116421,other,service provision
118000,other,open the
118219,other,this isn't
118246,other,sometimes
118870,other,we/you start
118904,other,examples of ideas
119839,other,#include <stdio.h> #include <stdlib.h>
120014,other,correcting transcription errors
120367,other,official documentation or website
120824,other,this works
121075,other,emojis and exclamations
121150,other,want or looking for
122142,other,start learning
122754,other,date and length information
122836,other,describing AI model types
123477,other,audience types for questions
123752,other,tip or tips
123863,other,value for money
124079,other,enthusiasm or excitement
124605,other,does not change
125011,other,around objects
125966,other,English words or phrases
126462,other,what to do
105797,other,numbers and lengths
104159,other,clearing input field
109877,other,"mostly no, but with caveats"
127434,syntactic,or punctuation followed by 't'
127549,syntactic,the following word
127640,syntactic,to + verb
128590,syntactic,"""called"" followed by technical terms"
129612,syntactic,the
130493,syntactic,and then
132397,syntactic,for (int i <
133548,syntactic,must / should / always
134077,syntactic,introducing the second item
134386,syntactic,numbers and symbols
135495,syntactic,script filename arguments
136555,syntactic,sequences of numbers and punctuation
136568,syntactic,"if, even if"
136582,syntactic,constituency parsing
137433,syntactic,"state, function, que"
137516,syntactic,URLs in parentheses
138431,syntactic,clarifying questions and requests
140526,syntactic,import statements including 'rxjs/operators'
141518,syntactic,phrases emphasizing concepts
142684,syntactic,However
143404,syntactic,however followed by qualifier
143561,syntactic,`.` followed by identifiers
144123,syntactic,set operations
144533,syntactic,"punctuation, questions, and final answers"
144802,syntactic,code blocks or structured output
145610,syntactic,when or where
145944,syntactic,interpreted as
146105,syntactic,calculating squares and results
149502,syntactic,image processing library calls
149540,syntactic,max followed by parenthesis
150979,syntactic,) or
151563,syntactic,action to take
152677,syntactic,counting numbers and items
152935,syntactic,* Therefore
153869,syntactic,digits and code structures
154803,syntactic,programming constructs or keywords
156308,syntactic,search placeholders
156330,syntactic,day number followed by colon
157229,syntactic,introducing explanations for understanding
158392,syntactic,I'll give detailed descriptions
158749,syntactic,middle =
158791,syntactic,after a or an
159370,syntactic,though challenge
159707,syntactic,code terminators
160265,syntactic,section titles and bullet points
162526,syntactic,URLs
132553,syntactic,placeholder names and organizations
133933,syntactic,reacts to
135491,syntactic,recognized that
136691,syntactic,indicates or suggests
140619,syntactic,block on
141547,syntactic,Surround oneself/yourself
155499,syntactic,considered as a
158484,syntactic,quantities after names/you
127284,semantic,"private clients, celebration, school, party, gym"
127290,semantic,machine learning
127987,semantic,power supply components
128032,semantic,GERD symptoms
128719,semantic,true or false questions
128857,semantic,rose through the ranks
129700,semantic,"marginalization, gender, intersectionality"
130429,semantic,"""no"" or ""none"" across languages"
131185,semantic,avoid war
131253,semantic,phone numbers
131270,semantic,"cultural, social, or abstract concepts"
131391,semantic,"*   **TOP_ACTIVATING_TEXTS**:    *   ""...Yevgeny Prigozhin, the head of the Wagner Group...""    *   ""Yevgeny Prigozhin (Wagner Group)""    *   ""...around Avdiivka. Russia is continuing its offensive, and Ukraine is pleading for more aid...""    *   ""...around Avdiivka. Russia is continuing its offensive, and Ukraine is appealing for more aid...""    *   ""...around Avdiivka. Russia is reportedly intensifying its attacks. Western allies are discussing further aid...""    *   ""...around Avdiivka. Russia is reportedly intensifying its attacks. Western allies are debating further aid...""    *   ""...around Avdiivka. Russia focusing on capturing Avdiivka. Ukraine is urging its Western allies for more aid...""    *   ""...around Avdiivka. Russia is reportedly intensifying its attacks. The US announced another security assistance package for Ukraine.""    *   ""...Avdiivka: Russian forces have been relentlessly attempting to encircle and capture Avdiivka in the Donetsk region...""    *   ""...around Avdiivka. Russia is reportedly continuing its offensive, and Ukraine is requesting more aid from its allies.""Observation:- The `MAX_ACTIVATING_TOKENS` list heavily features ""di"".- The `TOKENS_AFTER_MAX_ACTIVATING_TOKEN` list shows ""iv"" following ""di"" repeatedly. This suggests a pattern like ""div"".- Looking at `TOP_ACTIVATING_TEXTS`, the name ""Yevgeny Prigozhin"" and references to the ""Wagner Group"" appear. ""Prigozhin"" contains ""gin"".- The word ""Avdiivka"" appears frequently. ""Avdiivka"" contains ""ivka"".- The `TOP_POSITIVE_LOGITS` list has varied words, but ""extrav"" and ""torrent"" might be hints, though not directly tied to the most prominent patterns.- However, the MOST prominent pattern from `MAX_ACTIVATING_TOKENS` and `TOKENS_AFTER_MAX_ACTIVATING_TOKEN` is ""di"" followed by ""iv"".yevgeny prigozhin"
133595,semantic,"FastAPI, ICICI, PitchBook, Livestream, Vaginal, LangChain, BGP, Adenosine, Yarzani"
134274,semantic,financial calculations
135137,semantic,astrology planet Mars
135413,semantic,attention and interest
135796,semantic,disaster recovery
135838,semantic,interaction between
135914,semantic,"freelance writer, translator, producer"
135915,semantic,calculate percentage increase difference
135927,semantic,possesses or established
136485,semantic,"floating-gate transistor, SSD, RAM, connectors"
136797,semantic,Windows for Dummies
137041,semantic,active and maintained
137535,semantic,pursuit of pleasure and avoidance of pain
137673,semantic,pain and emotional numbness
137891,semantic,think tanks organizations
138252,semantic,end or final markers
138302,semantic,clear cache and cookies
138793,semantic,forming new neural connections
138857,semantic,Fire TV
138896,semantic,their sexual attributes
139267,semantic,guidance only
139325,semantic,occasions and scenarios
139368,semantic,primary focus goal characteristic
139385,semantic,Chinese Civil War
139789,semantic,in the image or video
139877,semantic,school names and boys
139949,semantic,financial power/difficulties
140111,semantic,San Francisco
140161,semantic,trails and hiking descriptions
140369,semantic,country codes and abbreviations
141427,semantic,image description landscape
141452,semantic,COVID protocols and sports teams
141947,semantic,"a character, woman, person, child, nation"
142276,semantic,mitochondria: powerhouse of the cell
142463,semantic,successful seasons
142809,semantic,"__tablename__ = ""items"""
142949,semantic,behavioral economics and decision making
143072,semantic,fees are subject to change
143215,semantic,bonus points if
143315,semantic,gambling problem help
143322,semantic,saying something is worth it
144312,semantic,modern
144353,semantic,stop loss
144492,semantic,URLs ending in .pdf or .com/.org
144642,semantic,**medical or scientific terms**
144848,semantic,Kelley Blue Book value
144867,semantic,scope of authority
144983,semantic,learning through experience
145741,semantic,life cycle or lifetime
146995,semantic,place names with following location markers
147636,semantic,limited edition collaborations
147769,semantic,expressing gratitude and specific appreciation
147916,semantic,"impact on individuals, society, communication, relationships"
148023,semantic,Czechoslovakia annexation Sudetenland
148192,semantic,**Accommodation and itinerary suggestions**
148416,semantic,pills & supplements
148516,semantic,"times, periods, moments"
149265,semantic,"depending on condition, mileage, location"
150215,semantic,punctuality and attendance
151359,semantic,file upload resolution
151548,semantic,neighboring regions or distances
151901,semantic,lists and places
152072,semantic,young people and professionals
152121,semantic,systemic side effects
152249,semantic,"model rocket, air guns, rc car, freestyle"
152779,semantic,embodied physical presence
153467,semantic,hangs up or cuts out
153564,semantic,single or one
153658,semantic,numbers and units
153787,semantic,change over time from
153892,semantic,life changes and stages
153915,semantic,international courts and arbitration
154049,semantic,"enjoy, love, like"
154059,semantic,"workmate, endoscopic, knowledge, drug, system"
154800,semantic,When did
154859,semantic,basic or fundamental
155929,semantic,dedication and commitment
156592,semantic,consumed by grief
157159,semantic,you have to
158043,semantic,size and fit recommendations
158074,semantic,"Sam Altman, Changpeng Zhao, Alex Mashinsky"
158235,semantic,listing different types
158477,semantic,fibonacci program
158875,semantic,training data contains biases
158999,semantic,company names and components
159057,semantic,perror calls
160306,semantic,judging other people or oneself
160618,semantic,CVE identifier numbers
161654,semantic,multiple choice answers
127975,semantic,"thoughtThe user wants me to explain the behavior of a neuron in 3 to 20 words.I need to find a pattern in the provided lists: `MAX_ACTIVATING_TOKENS`, `TOKENS_AFTER_MAX_ACTIVATING_TOKEN`, `TOP_POSITIVE_LOGITS`, and `TOP_ACTIVATING_TEXTS`.Let's examine the provided data:**MAX_ACTIVATING_TOKENS:**`using`, `’`, `communicate`, `with`, `e`, `a`, `to`, `to`, `synt`**TOKENS_AFTER_MAX_ACTIVATING_TOKEN:**`thought` (after `using`), `d` (after `’`), `with` (after `communicate`), `eye` (after `with`), `.` (after `e`), `prosthetic` (after `a`), `move` (after `to`), `control` (after `to`), `hesized` (after `synt`).**TOP_POSITIVE_LOGITS:**`pagination`, `recycl`, `recuperar`, `pagination`, `rectification`, `reclaimed`, `cruelty`, `aphazard`, `windmills`, `StackNavigator`.These seem somewhat eclectic. `pagination`, `recycl`, `recuperar`, `rectification`, `reclaimed` might suggest some form of processing, restoration, or recovery. `StackNavigator` is a UI component. `cruelty`, `windmills` seem out of place. This list might be less directly helpful for a specific pattern.**TOP_ACTIVATING_TEXTS:**Let's scan this for themes:- ""...type `using` `thought`."" (Connects MAX_ACTIVATING_TOKENS and TOKENS_AFTER_MAX_ACTIVATING_TOKEN)- ""Elara `communicated` through a sophisticated `eye`-tracking system.""`communicate` with `eye` or `thought`"
131471,semantic,made easy or done right
131716,semantic,take advantage of
132060,semantic,Account Management
132176,semantic,characters associated with family roles
133704,semantic,why questions
136230,semantic,is demonstrably false
147911,semantic,host or surroundings
155039,semantic,this time stage point
163134,semantic,Sometimes
152708,semantic,Despite the
152717,semantic,an international
129897,semantic,commands and common phrases
136583,semantic,negation
127214,other,The Impact of
127855,other,cannot provide advice
129132,other,preventing harmful content
129796,other,need to
131333,other,provide information
132130,other,often interact
133284,other,"natural selection, evolution, inheritance"
135087,other,code assignment or definition
136029,other,religious prohibitions and justifications
138318,other,small quantities or exceptions
139220,other,being verbs followed by participial adjectives
141872,other,it takes patience
143294,other,it was or grew
143408,other,primary key id annotations
144333,other,content descriptions
145084,other,gets into the
147103,other,thank you for
147779,other,One followed by a noun
148124,other,"ห้าม, หางาน, หา"
149480,other,used to
151984,other,lunch recommendations
152051,other,don't change anything unless
153824,other,without risking or impacting
154063,other,inversify DI
155676,other,It's not like
156381,other,"planning to visitstate.sprawl,clearly separated"
156911,other,ranging from more casual to detailed
159809,other,generally difficult to get
160431,other,orthodoxy
163786,syntactic,but contrasted with qualification
163811,syntactic,"Therefore, the answer is"
164168,syntactic,if not
164527,syntactic,words after punctuation
164578,syntactic,explaining the reason or process
164845,syntactic,script tags and their attributes
164945,syntactic,between paired with something
166736,syntactic,continuation of phrases or foreign words
167057,syntactic,code execution or output
168081,syntactic,references and specific details
168604,syntactic,code snippets; comments; programming language constructs
169075,syntactic,end of sentence or quote
169113,syntactic,and I
169240,syntactic,"parts of lists, explanations, clarifications"
169266,syntactic,foreign words and characters
170464,syntactic,until you hit
172912,syntactic,**detecting punctuation and structure**
173037,syntactic,"headings, subheadings, abstract, bold"
173545,syntactic,punctuation and separators
173752,syntactic,names after punctuation
174233,syntactic,error handling blocks
175212,syntactic,quotes followed by 0 or t
175333,syntactic,lists or dictionaries
175469,syntactic,With that said
176107,syntactic,"speaking, dialogue markers"
176787,syntactic,multilingual content separators
177515,syntactic,'
178304,syntactic,timestamps or time segments
179266,syntactic,fractional part
180308,syntactic,If something were
180776,syntactic,programming class names and headers
184011,syntactic,menu options
185405,syntactic,code snippets and technical terms
185706,syntactic,code comments
187257,syntactic,numbers ending phrases
187290,syntactic,dynamic array resizing
188393,syntactic,"screen, to, :, '%', are, and"
188960,syntactic,installation instructions
189045,syntactic,formatting and punctuation
189072,syntactic,subsequent or future actions
189210,syntactic,options or list items
189233,syntactic,text breaks and formatting
189338,syntactic,names with compound/compound-like structures
189819,syntactic,list index or zero value
190233,syntactic,code followed by parenthesis
191665,syntactic,structured lists or outlines
192875,syntactic,`bin` or specific file paths
192885,syntactic,punctuation and non-English words
193025,syntactic,in this context
193425,syntactic,spring-boot-starter dependencies
193625,syntactic,past tense verbs
193729,syntactic,See followed by references
195128,syntactic,code and programming terms
195550,syntactic,#include <cmath>
163207,semantic,"unfortunately, sadly, negative outcomes"
163462,semantic,identify genes or compounds
165518,semantic,dimensionless number or impulse
166502,semantic,scores and results
167245,semantic,durability and resilience
167317,semantic,dental concerns or problems
167391,semantic,attention and communication skills
168262,semantic,liens and mortgages
168418,semantic,courtship and marriage relationships
169117,semantic,prize giveaways and rewards
170412,semantic,"TV, L, Food, Dish categories"
171017,semantic,call for papers
171570,semantic,obstetrics and prenatal care
171944,semantic,unexplained glitches or mysterious phenomena
172019,semantic,evolve into or become
172193,semantic,limited adaptability and functionality
172580,semantic,driving mad or underground
172656,semantic,"social justice, LGBTQ+, queer theory"
172757,semantic,accepting payment or entry
173751,semantic,makeup palettes and concealers
173819,semantic,avoid contamination or damage
173904,semantic,"physical needs, boundaries, harm, tension, injury"
174114,semantic,historical events and dates
174158,semantic,no federal law requiring
174221,semantic,size comparison
174913,semantic,"God, Jesus, religious rules"
175282,semantic,library & librarian related concepts
176275,semantic,"Jackson, Jefferson, presidents, liberty, republicanism"
177117,semantic,War
177673,semantic,researching topics
178237,semantic,offering something to someone
178456,semantic,high heels
178671,semantic,food ingredients and descriptions
178775,semantic,อาการ
179358,semantic,crucial delivery systems
180047,semantic,standardized tests and scores
182841,semantic,corroborate or reinforce
182968,semantic,practice in front of
183782,semantic,"pursuit of happiness, not maintained"
184464,semantic,style of Calvary Chapel
185198,semantic,math word problems
185628,semantic,reflects societal impact
185660,semantic,spreads through
186196,semantic,protein per pound or kilogram
186293,semantic,discount
187683,semantic,very strange unusual
187894,semantic,"grim outlook for outcomes, news, or situations"
187941,semantic,riddles mentioning adding or removing items
188186,semantic,water finds its level
189289,semantic,"AI, Machine Learning, Healthcare, Technology"
189492,semantic,love or hate facial
189552,semantic,teaching and subjects taught
190200,semantic,Bangladesh
190337,semantic,soak in atmosphere
191149,semantic,selling items for cash
191292,semantic,healthy lifestyle additions
191809,semantic,summer intern or summer school
196159,semantic,deliberately disturbing or unsettling
169633,semantic,"Kim Jong-un, North Korea, Kim family"
166080,other,just let me know
166140,other,thank you opportunities
166185,other,respectively
166648,other,"always, no, imperfect"
167448,other,text replacement
167834,other,Now we are left with
167848,other,read and review policies
167862,other,improving performance and accuracy
167879,other,requesting explanations and specifics
168180,other,story about
168223,other,ending points
168336,other,new application
168413,other,what do you call a
168570,other,percentage or unit following number
168753,other,because
169388,other,system
169509,other,months in time calculations
170013,other,how can
170532,other,specializing in professions
170588,other,*
170665,other,.jpg
171200,other,"today, Wednesday, yesterday"
171209,other,fact
171248,other,processing class
171568,other,same strike
172142,other,been linked to
176037,other,Location
176479,other,classify
176596,other,at least
176637,other,a Pos
176764,other,"The noun following ""The"""
177173,other,something
177334,other,errors and differences
177425,other,is it just me
178902,other,"too much, too high, too big"
179949,other,not impossible or not absolutely
180297,other,"limit, limitation"
180856,other,other products or services
180991,other,after
181595,other,"python, javascript, units, episode"
181745,other,thinker
182398,other,her
183261,other,special characters or structural elements
184087,other,common [topic]
185294,other,"girl, female, succession, Norway"
186735,other,anyway / anyways / anyhow
186828,other,about other beings
187015,other,and this/that
187044,other,"don't overmix, stir, or stop"
187965,other,"""think"" vs predicting language"
188093,other,yahoo finance
189078,other,method for describing frameworks and benchmarks
189991,other,at a parameter
190343,other,opening something up
190399,other,messing up things
190514,other,creation date
190665,other,write a letter
191618,other,functioning not acting
191730,other,writing to a man or people
192221,other,you know
192923,other,access control and permissions
193237,other,elevator speech pitch
193764,other,"body parts: posterior, butt, glutes, ass"
194504,other,would be
194721,other,represents categories or concepts
194947,other,"""ceptions"" and ""3"""
195213,other,breakdown of
195310,other,technical specifications and product descriptions
195391,other,waiting lists and strain
195716,other,or so
172711,other,visit local events or places
175938,other,list item separator
176920,other,quotes and list items
177090,other,other protected characteristic
181558,other,financing for
184251,other,prescription coverage
188369,other,"""This is my body"""
165802,other,more positive comparison
196581,syntactic,reading or writing data
196949,syntactic,aimed at or geared towards something
197092,syntactic,request for feedback or correction
197360,syntactic,data structures parsing
197727,syntactic,"pro tip, spoiler, disclaimer"
197894,syntactic,the [noun]
198462,syntactic,. followed by a pronoun or the
199192,syntactic,list structure or syntax
200862,syntactic,predicted believed argued
201540,syntactic,contrast or exception
201618,syntactic,Names followed by authors or publishers
202168,syntactic,temporal conjunctions followed by context
202568,syntactic,is a description of
202640,syntactic,return values
203044,syntactic,explaining requires needs
204326,syntactic,list elements
204332,syntactic,break it down
204377,syntactic,for example
204467,syntactic,list items
204532,syntactic,multiple of several numerous
204628,syntactic,unexpected / would / that
204957,syntactic,what might
205491,syntactic,"""..."" or consistently high"
205615,syntactic,numbers or code constructs
206858,syntactic,demonstrative pronouns
207304,syntactic,numbers or time units
208269,syntactic,conditional clauses or temporal conjunctions
208755,syntactic,os.Stat or os.Open
209137,syntactic,only
209507,syntactic,while [non-standard token]
209765,syntactic,many of whom are
210658,syntactic,`ID(` or `id(`
211056,syntactic,and beyond
211331,syntactic,occurs
211767,syntactic,of course after phrase
212679,syntactic,api/ endpoints
213020,syntactic,of [concept]
213187,syntactic,negation
213248,syntactic,end of sentence
213585,syntactic,followed by 'end' or 'envy'
213772,syntactic,stronger verbs
213827,syntactic,crucial importance
214803,syntactic,contrasting pairs or opposites
214807,syntactic,"that said,"
215007,syntactic,produced by
215256,syntactic,SQL ENGINE=InnoDB definitions
215561,syntactic,that's why and that was
215676,syntactic,Author or developer name
216821,syntactic,value or configuration
217196,syntactic,in X context
218021,syntactic,unsigned integer formatting
218310,syntactic,ordinal numbers and localization
218311,syntactic,"UI components like container, dropdown, popup"
218786,syntactic,dollar amounts and numbers
218812,syntactic,addition operations
220395,syntactic,surface of
221097,syntactic,"chunk, block, or segment"
221209,syntactic,"simultaneous, cog, cot"
221223,syntactic,while proponents
221265,syntactic,"after ""a"" or ""an"""
223051,syntactic,lives in / with
224416,syntactic,anything else?
224599,syntactic,generate lists of examples
224749,syntactic,for followed by a reason or purpose
226533,syntactic,Starts with a letter or underscore
228077,syntactic,Answer
228630,syntactic,because
228949,syntactic,PRIMARY KEY
229205,syntactic,object/type/value indicators
229527,syntactic,was/been/were followed by adverb
229544,syntactic,but not
229678,syntactic,it was / it's / it needed
230513,syntactic,linked list nodes
230773,syntactic,and followed by phrase
231668,syntactic,That followed by 's or was
233131,syntactic,debug mode
233545,syntactic,ui layout components
234100,syntactic,bill amount
235112,syntactic,often used for
235341,syntactic,in [noun/quantifier]
235888,syntactic,directly contradicts
236163,syntactic,information because
236277,syntactic,Roman numerals
237538,syntactic,based solely on
196259,semantic,Red Cross services
196618,semantic,"impacted, loss, damage, missing"
196971,semantic,comfortable accommodations
197258,semantic,business strategy roadmap
197485,semantic,strength and speed
198198,semantic,mathematical equations and code
198988,semantic,plus more
199077,semantic,individual or group distinctions
199415,semantic,events or specific time
199669,semantic,feelings and emotions
199941,semantic,us state
201168,semantic,company history and origins
201264,semantic,cause harm or violence
201275,semantic,Golang
202058,semantic,expressions of opinion or feeling
202105,semantic,walk in
202239,semantic,organic requirements and certification
203176,semantic,"wins, prizes, payouts"
203542,semantic,political challengers or opposition
203575,semantic,Israel and Israelites
204276,semantic,understand models
204302,semantic,yearning for restoration or breakthrough
205220,semantic,uncommon recognition
205295,semantic,"Dragon Ball Z, Aphex Twin, Gossip Girl, Shin Megami Tensei"
206503,semantic,research publications
207217,semantic,piracy and pirates
207592,semantic,fantasy stories and dreams
207708,semantic,polynomial-time solvable problems
207736,semantic,Taiwan's Interior Ministry
208085,semantic,collaboration
208456,semantic,alternatives and sustainability
208914,semantic,"import and distribution, brands"
209210,semantic,immigration and policy restrictions
209871,semantic,describing people in media
210164,semantic,systems and fiction
210652,semantic,"foreign languages, not native speakers"
210667,semantic,"Cryptography, optimization, materials"
210832,semantic,Disney animation Tropes
211385,semantic,"alerts, foreign certifications, recommendations"
211505,semantic,"transcend limitations, improve effectiveness"
212143,semantic,"aspects, history, lore, rules"
213459,semantic,consent and permission
214135,semantic,cooking time duration
215655,semantic,"clothing, electronics, or technical terms"
215963,semantic,todo completion
216126,semantic,`vaping` tobacco
216190,semantic,carry a water bottle
217616,semantic,finding patterns in sequences
217744,semantic,attic
218097,semantic,genetic and personal health information
218980,semantic,angular momentum and rotational dynamics
219242,semantic,produced by
221467,semantic,cell physiology and neuroscience
222169,semantic,creates new jobs
222312,semantic,starring actors
223493,semantic,reflection and refraction
225361,semantic,"Dark City, Australia"
225571,semantic,ages of children and infants
225721,semantic,mysql connector database host
225874,semantic,analog devices instrumentation amplifier
227039,semantic,classical music and artists
227230,semantic,live streaming or video
227338,semantic,economic growth and industry
227367,semantic,enthusiastic / enthusiasm
231008,semantic,"watch, watchers, watches"
231983,semantic,"old man, elder, senior"
232322,semantic,inflammation and disease
233019,semantic,accreditation and authorization
233262,semantic,differential equations
234767,semantic,practicing medicine or doctor
235525,semantic,statistical records and performance
236003,semantic,中文 语言 about unicode
236878,semantic,"building, development, expansion"
236952,semantic,harmful tropes and power imbalances
237379,semantic,depends on the quality
196800,other,declined to disclose specifics
198492,other,existence or permission
198693,other,any
199995,other,cannot be
201368,other,forward to discuss
203659,other,What you tried
205987,other,recognizing red flags
208994,other,clearly state what
209425,other,declared war or refused demands
210878,other,.
211570,other,"measured, pricing, interviewing, sight, sensors"
211669,other,project or platform
211757,other,event of
212935,other,access to
213641,other,"numbers, crime, practice"
213993,other,Assessments of choices and actions
214007,other,numbers and measurements
214179,other,avoid listing specific content
216339,other,everything you
216994,other,exceeding analyst expectations
217971,other,code or punctuation
220401,other,comprehension and crucial
221968,other,mathematical operators and logical operations
222999,other,feedback loop
223314,other,relying on expectations or trust
224938,other,"seismic data, wellbore, hydrocarbons"
226165,other,photography restrictions
228759,other,code and technical terms
228976,other,you don't need to
230836,other,Animal Crossing characters
232204,other,most expensive
232762,other,creating and transitions
232920,other,item id parameter
233041,other,being part of
233958,other,why
234758,other,Connecticut
235516,other,engagement and understanding
236735,other,warm drink
238295,syntactic,emojis and exclamations
238326,syntactic,"lists, categories, examples"
240316,syntactic,"""The invention relates to"""
243394,syntactic,adjective suffixes and nationalities
243534,syntactic,OMG and gosh interjections
245270,syntactic,commands starting with !
246011,syntactic,callback function
246292,syntactic,.)
246572,syntactic,auxiliary verbs
248418,syntactic,followed by a closing parenthesis
250949,syntactic,forms and templates
251050,syntactic,special characters and punctuation
252162,syntactic,most/less followed by adjective
253388,syntactic,disclaimer or section
255842,syntactic,color:
255892,syntactic,anti prefixes
256024,syntactic,both/dos/donos/kedua
256212,syntactic,** not**
256277,syntactic,most followed by a noun
258584,syntactic,Titles starting with nouns
258792,syntactic,contextual phrasing and conjunctions
258794,syntactic,hexadecimal and ASCII codes
259345,syntactic,Get ready to / prepare to
259938,syntactic,numbered list items
261489,syntactic,compared to
261926,syntactic,"numbers, symbols, and code elements"
262134,syntactic,object comparison
243624,syntactic,`month` `processing`
247165,syntactic,script is called when
247357,syntactic,public DbSet
255573,syntactic,returns
255683,syntactic,according to
256107,syntactic,demonstrates your/our
259904,syntactic,specific examples
246396,syntactic,"VarInt, Integers, ASN.1, IE"
251877,syntactic,corrected spelling and grammar
253182,syntactic,direct address and follow-up
238046,semantic,satisfaction scores
239050,semantic,"fading, weakening, dimming"
239399,semantic,#travel #destinations #world #culture #life
240371,semantic,no margin for error
240891,semantic,realistic goals and timelines
241742,semantic,air pollution
242391,semantic,market gaps and needs
242518,semantic,song titles or band names
243510,semantic,countdown to holidays
244250,semantic,employee benefits and programs
244540,semantic,trump's speech and actions
244572,semantic,phone features or specifications
245838,semantic,describing physical attributes
246028,semantic,lasting for a time
246751,semantic,"models, devices, cars, graphics cards, audio speakers"
247301,semantic,British Columbia or BC
248257,semantic,salute
248785,semantic,probability of balls or heads
248998,semantic,come over or visit
250190,semantic,immigrants and nationalities
250754,semantic,percentages
252864,semantic,"psychology of attraction, persuasion, taboo"
252974,semantic,computer hardware and design
253163,semantic,lacking effectiveness
254322,semantic,rock climbing
255756,semantic,turmeric and curcumin
256773,semantic,"hopes, fears and dreams"
257008,semantic,customer satisfaction and perception
257204,semantic,prizes
257637,semantic,city names followed by descriptive terms
258431,semantic,communication
258849,semantic,"stealing, theft, thieves"
259912,semantic,prep and cook time
260152,semantic,"being chased, pursued, or hunted"
260376,semantic,advertising real estate postings
260468,semantic,feeling left out
261697,semantic,company names and organizations
261727,semantic,burst out laughing
237939,other,how long have you been
238033,other,role of
238463,other,News Feed
239018,other,current expression
240184,other,most
240350,other,are you just
241048,other,AI disclaimers cannot or do
241138,other,babt
241258,other,"morality, potentially, words"
244207,other,at
244397,other,increasingly something
246664,other,number of
248572,other,avoid jargon
251318,other,observation
251770,other,most common type
253850,other,"numbers, counting, amounts"
256126,other,providing disclaimers about advice
256173,other,Whatever
257983,other,greetings and pronouns across languages
258858,other,inform or alert about someone
262087,other,if I had to pick one
1950,syntactic,the equation x
3901,syntactic,Dive into
5273,syntactic,name initializer
7921,syntactic,"""less than 3 paragraphs"""
7929,syntactic,response
8739,syntactic,table headers and structures
9839,syntactic,continuation or continuing
9998,syntactic,foreign words and punctuation
11734,syntactic,examples of content
12862,syntactic,Place / Put / Add / Type
13723,syntactic,offer or sequence
13980,syntactic,providing additional information
22756,syntactic,"ensure, provide, or similar"
25184,syntactic,"pry, reply, prey, pleading"
27670,syntactic,number of words requested
36769,syntactic,periods and exclamations followed by cells
41344,syntactic,depending on
42527,syntactic,"complete, not clear"
45515,syntactic,how it's used
67361,syntactic,solution is
67430,syntactic,the only way to
67893,syntactic,code patterns in programming contexts
71288,syntactic,more than
80942,syntactic,instructions about queries
81958,syntactic,action or suggestion
83645,syntactic,code directly in global scope
104528,syntactic,not just
112451,syntactic,to understand
123746,syntactic,not affect
132480,syntactic,without losing
165926,syntactic,"""I mean"" / ""it means"""
172729,syntactic,in
174533,syntactic,to discuss
174829,syntactic,"appropriate, reasonable"
187524,syntactic,in addition
240528,syntactic,includes specific items or factors
2622,semantic,"core principles, programming, plan, paper"
3548,semantic,Gemma team at Google
3962,semantic,Gemma team
5297,semantic,causal explanation
6070,semantic,"seeing, spotting, or finding patterns"
9111,semantic,quantities with units or comparisons
10669,semantic,disclaimers and warnings
16499,semantic,"prevent harm, not pursue"
16521,semantic,blocking access
20301,semantic,csharp unity object inspector
27487,semantic,important notes
28517,semantic,the followed by helpline names
32892,semantic,utility functions / helpers
42830,semantic,"YMCA, St. Michael, St. Jude, Cadet, youth"
56422,semantic,demand for immediate or specific actions
65222,semantic,words with similar meanings are closer
67543,semantic,some species
67560,semantic,data processing and analysis
67794,semantic,"ở, di"
90740,semantic,equations with constants
95906,semantic,names of entities
125995,semantic,upwards motion then down
147661,semantic,"directory, files, counts, map"
166812,semantic,server access
166860,semantic,programming types and data structures
166886,semantic,foreign characters and names
173652,semantic,"For years, for over, for those"
198232,semantic,loss of function
198754,semantic,potential dangers or file upload
227758,semantic,"would, might, likely outcomes"
240627,semantic,Palm Springs
243723,semantic,even a small amount of weight
258831,semantic,formwork
3927,other,ask questions
9812,other,trying to
796,other,
1409,other,
1526,other,
5360,other,
5787,other,
5830,other,
5900,other,
6072,other,
6304,other,
6777,other,
6951,other,
7164,other,
7286,other,
7922,other,
8127,other,
8421,other,
8710,other,
9317,other,
9550,other,
10035,other,
10130,other,
10235,other,
11133,other,
13525,other,
13561,other,
13597,other,
13847,other,
13863,other,
14076,other,
14518,other,
14621,other,
14728,other,
14810,other,
14864,other,
14876,other,
15086,other,
15607,other,
16637,other,
16843,other,
17290,other,
17652,other,
17719,other,
18913,other,
19092,other,
19457,other,
19720,other,
19815,other,
19958,other,
20558,other,
20986,other,
21202,other,
21498,other,
21608,other,
21979,other,
22733,other,
23414,other,
23644,other,
23933,other,
24080,other,
24774,other,
26601,other,
26998,other,
27419,other,
27646,other,
29062,other,
29543,other,
29615,other,
30478,other,
30866,other,
31635,other,
31804,other,
31833,other,
32143,other,
32351,other,
33244,other,
33383,other,
33998,other,
34660,other,
35102,other,
35187,other,
35907,other,
36006,other,
36342,other,
36573,other,
37285,other,
37917,other,
39013,other,
39090,other,
39207,other,
40643,other,
40894,other,
41429,other,
42373,other,
43362,other,
43413,other,
43448,other,
43714,other,
43921,other,
44000,other,
44101,other,
45312,other,
45463,other,
45804,other,
45910,other,
46264,other,
48341,other,
50283,other,
51049,other,
51332,other,
51508,other,
51570,other,
51871,other,
53357,other,
53738,other,
54174,other,
57035,other,
57656,other,
57828,other,
58852,other,
59152,other,
59159,other,
59999,other,
60460,other,
60844,other,
60845,other,
61470,other,
61578,other,
61965,other,
63539,other,
64476,other,
65123,other,
65626,other,
67034,other,
67664,other,
68432,other,
68749,other,
68791,other,
69421,other,
71230,other,
71617,other,
71872,other,
72448,other,
72544,other,
72590,other,
72648,other,
74842,other,
75603,other,
75977,other,
76736,other,
77532,other,
80716,other,
80764,other,
81197,other,
81418,other,
82110,other,
82856,other,
83047,other,
83886,other,
84498,other,
85589,other,
85670,other,
86045,other,
86626,other,
87654,other,
90712,other,
93640,other,
93978,other,
94297,other,
96510,other,
96862,other,
97910,other,
98576,other,
99027,other,
99871,other,
100055,other,
100558,other,
101122,other,
101462,other,
102492,other,
102758,other,
104370,other,
104547,other,
105623,other,
105984,other,
106571,other,
109189,other,
110003,other,
110115,other,
111359,other,
113090,other,
115445,other,
116622,other,
118493,other,
120800,other,
120883,other,
122325,other,
122625,other,
122852,other,
124443,other,
124661,other,
125735,other,
127133,other,
127161,other,
127862,other,
131018,other,
131300,other,
132309,other,
132487,other,
132910,other,
134144,other,
135942,other,
136543,other,
136640,other,
137465,other,
139036,other,
140246,other,
141011,other,
141115,other,
141142,other,
142149,other,
142528,other,
144893,other,
145602,other,
148899,other,
150132,other,
150384,other,
153259,other,
158985,other,
159498,other,
161015,other,
163459,other,
165359,other,
167040,other,
168372,other,
168516,other,
169224,other,
171757,other,
173825,other,
176149,other,
176429,other,
178212,other,
181656,other,
183407,other,
183571,other,
183853,other,
183902,other,
184768,other,
185844,other,
188970,other,
192626,other,
193300,other,
193901,other,
194924,other,
195047,other,
195953,other,
196642,other,
199843,other,
201156,other,
202136,other,
202846,other,
203994,other,
208973,other,
210950,other,
213635,other,
213716,other,
214174,other,
215518,other,
216217,other,
216302,other,
218616,other,
219886,other,
223182,other,
226651,other,
227098,other,
231766,other,
233310,other,
236492,other,
236543,other,
237219,other,
237822,other,
239844,other,
240165,other,
240717,other,
241515,other,
242006,other,
244279,other,
246512,other,
246997,other,
249734,other,
251359,other,
252441,other,
255214,other,
257422,other,
446,syntactic,demonstrative pronouns and their context
560,syntactic,functionality or code blocks
1093,syntactic,at time expressions
1140,syntactic,prompt instructions
2465,syntactic,# comments
2537,syntactic,title followed by name
2941,syntactic,questions or numbered items
3279,syntactic,"""version"": ""1.0"","
4553,syntactic,code syntax and libraries
4753,syntactic,code bugs and potential risks
5143,syntactic,html tags and attributes
5404,syntactic,code and computations
5954,syntactic,numbers in sequence
7098,syntactic,"punctuation, sentence ending"
8032,syntactic,component
8133,syntactic,If you
8255,syntactic,stylesheet and title tags
8509,syntactic,find the
8616,syntactic,code structure
8647,syntactic,code syntax: identifier and assignment
9050,syntactic,URLs in brackets
9090,syntactic,else statements
9391,syntactic,"conjunctions (and, or)"
10412,syntactic,code punctuation
10923,syntactic,code blocks and comments
11089,syntactic,prepositions for location or sequence
11118,syntactic,exceptions and file handling
11232,syntactic,"groundwater, PRA, IMEI, mandatory, machinery, Alternative, Add, NAME"
11427,syntactic,public APIs and documents
11432,syntactic,"common question, yes/no answer"
11493,syntactic,get Docs
11508,syntactic,scheduled cron job
11712,syntactic,numbers and ranges
11893,syntactic,numbers and symbols
12037,syntactic,password or verification
13232,syntactic,Here's a breakdown
13491,syntactic,dates and times
13496,syntactic,multiply by a factor
14024,syntactic,continue or return
14155,syntactic,code `require` or `query`
14187,syntactic,latex math formatting
14598,syntactic,xml declaration or code start
14655,syntactic,def following end/}
14665,syntactic,mathematical and programming syntax
14944,syntactic,list items with numbers and conjunctions
14947,syntactic,kotlin standard library
15313,syntactic,pronouns and first person perspective
16026,syntactic,variable declarations and assignments
16229,syntactic,By accessing or using
16461,syntactic,numbers and units
17161,syntactic,acknowledging replies
17835,syntactic,ending messages or calls
17856,syntactic,what questions
17901,syntactic,(
18082,syntactic,json objects
703,semantic,standard
773,semantic,course topics
793,semantic,node and nodes
1228,semantic,zoo and animals
1297,semantic,engine intake and performance
1344,semantic,"a, a², a², a², a², ax², a^2, a^2, a^2, b^2"
1373,semantic,Salary amounts
1390,semantic,Aragorn
1467,semantic,potential users or audiences
1693,semantic,saying in Chinese or other languages
2046,semantic,"pit, pits, pitting, pitted"
2124,semantic,HD HQ UHD
2308,semantic,thank you
2326,semantic,units of measurement
2335,semantic,Hindi greetings and places
2900,semantic,Spanish contraction `del` or `al`
2991,semantic,SQL ID primary key
3058,semantic,capital city name
3166,semantic,"eye or variations like ""eye of"""
3260,semantic,Middle Eastern countries
3455,semantic,company address placeholder
3592,semantic,from ... to 
3652,semantic,prices vary or fluctuate
3705,semantic,part or parts of something
3786,semantic,household servant roles
3882,semantic,key importance
4194,semantic,place names and associated descriptive words
4255,semantic,class of
4333,semantic,tut mir leid
4372,semantic,Apple products and services
4408,semantic,data analysis and interpretation
4762,semantic,child care and protection services
4780,semantic,score or points
4791,semantic,social media posts
4854,semantic,Georgia and George
5324,semantic,physiology and taxonomy
5598,semantic,luxury hotel descriptions
5933,semantic,Deep dive explainer titles
6039,semantic,travel insurance covers trekking
6166,semantic,wall
6263,semantic,written and oral communication
6375,semantic,task achievement
6378,semantic,rental costs apartment rent
6475,semantic,loss and death of loved ones
6689,semantic,blog posts
6722,semantic,medal counts and winners
6866,semantic,pizza and dough
7063,semantic,US and USA country references
7111,semantic,studio names and user pages
7813,semantic,expressions of sincere appreciation
7814,semantic,dates and numbers
8206,semantic,CPU versions and GPUs
8212,semantic,applications and applicants
8632,semantic,model
8713,semantic,temperature units
8772,semantic,Vietnam War and protests
8799,semantic,as of late 2023/early 2024
8896,semantic,film titles and descriptions
9345,semantic,formation of body parts or structures
9453,semantic,months after six
9596,semantic,price and shopping intent
10125,semantic,Preparation time and yields
10202,semantic,Helium or Healthline
10215,semantic,cyberattacks and infrastructure security
10380,semantic,Araújo
10493,semantic,"pomegranate, pompe, pump"
10695,semantic,configuration management tools
11029,semantic,push notifications
11579,semantic,booking in advance
11608,semantic,splitting or `(`
11711,semantic,"images, icons, graphics, gifts"
12332,semantic,Montessori education
12363,semantic,"Trustpilot reviews, Google reviews"
12440,semantic,geometric side length
12550,semantic,tax or unprocessed foods
13476,semantic,online and technical contexts
13686,semantic,referral links and promo codes
13795,semantic,"included, encompassing, containing"
13844,semantic,marc tarpenning founders
13853,semantic,resource constraints/management/allocation
13924,semantic,"renaming, rebranding, relaunch"
14380,semantic,unaware or unnoticed
14719,semantic,former followed by past role
14869,semantic,mental health support techniques
14885,semantic,places and nature
15033,semantic,"refining technique, visualizing, low centers"
15439,semantic,"door, hinges, entryway"
15533,semantic,"line, curve, slope, quantity"
15805,semantic,alternative ways to solve
16021,semantic,allowing or disallowing
16210,semantic,news links
16315,semantic,log cabin lodge home
17188,semantic,attended by officials and representatives
17429,semantic,suppliers and vendors
17521,semantic,suspension or suspended
17614,semantic,holidays and birthdays
17653,semantic,adore or love
17669,semantic,"cannabinoids like CBD, THC"
17758,semantic,host and hosting
17985,semantic,Greek Philosophy Handbook
18037,semantic,drink plenty of water
18308,semantic,board or boards
705,other,explaining refusal to you
1094,other,a particular aspect or issue
1377,other,best
1382,other,letter in words
1966,other,one followed by a noun
2195,other,this passage
2239,other,"the characteristics, graphic, skillset, perfect, animations"
2782,other,summarizing or concluding phrases
2914,other,not good but
3321,other,what is
3900,other,inferred descriptions
4184,other,judicial crime or admitting mistakes
5838,other,"Okay, indeed confirms"
6910,other,consulting professionals or advisors
7200,other,answer is
7414,other,according to
7583,other,the + context noun
8910,other,multiple choice options
8961,other,"topics described by type, method, or specific context"
9255,other,regarding discussions
9310,other,like
10326,other,asking questions
10429,other,some or certain quantities
11917,other,"However, The, During, Novel"
12259,other,quality and service
12733,other,**concerned with significant actions**
12782,other,"most, highest, deadliest, considered, arguably"
12991,other,"no, but"
13200,other,even
13881,other,current or initial state
14262,other,why it differs
14975,other,you respond
15187,other,express code and server setup
16526,other,words starting with trans
17650,other,"numbers and ""Temperature"""
18346,other,because of limitations
18352,other,opening or installing
18601,other,best response
19012,syntactic,numbers followed by punctuation
19093,syntactic,"tutorials, courses, links"
20003,syntactic,homepage navigation
20030,syntactic,shows/prints before
20067,syntactic,`and` / `or` conjunctions
21167,syntactic,Although / Even though
22079,syntactic,after a
23059,syntactic,temporal sequence before events
23507,syntactic,delimiters and code contexts
24039,syntactic,empty JSON
24196,syntactic,p tag followed by >
24676,syntactic,https links
25240,syntactic,"some followed by value, data, file"
26023,syntactic,as / as a
26387,syntactic,sequence indices `i`
27224,syntactic,boolean conditions and loop breaks
27953,syntactic,words indicating contrast or continuation
28097,syntactic,widely used
28147,syntactic,pronoun followed by action
29927,syntactic,have a
32310,syntactic,way to
32493,syntactic,"reporting verbs before ""it"", ""that"", ""his"""
32801,syntactic,numbers and symbols
34808,syntactic,dialogue tags
35124,syntactic,connecting list items
36252,syntactic,dynamically loaded content
36294,syntactic,code formatting and structure
36789,syntactic,DateTime constructors and properties
37785,syntactic,"sugiero, esperaríamos"
39211,syntactic,instructions for text generation
39350,syntactic,each dictionary is a row
40803,syntactic,calling by name or label
41604,syntactic,code blocks and function calls
43240,syntactic,list and code structure
43516,syntactic,mathematical expressions and code structures
43782,syntactic,punctuation followed by text
43913,syntactic,words following punctuation
45206,syntactic,math/code syntax
45547,syntactic,following
46032,syntactic,"preceding pronouns (me, her, it)"
47074,syntactic,efficiency and messiness
49039,syntactic,and differentiating conjunction
49087,syntactic,my or me references
49596,syntactic,field names or identifiers
52103,syntactic,XML artifactId in dependencies
54357,syntactic,input type attribute
55578,syntactic,programming constructs and operators
18840,semantic,distance / time
18878,semantic,religious conversion and evangelism
18990,semantic,acquired and partnered
19434,semantic,cleanliness and hygiene
19524,semantic,Slovenian words or phrases
19531,semantic,beach activities like swimming
20285,semantic,children
20410,semantic,political science and government
21413,semantic,"resolution, quality, bits"
22669,semantic,#WWIII or broad societal/global negative events
22924,semantic,fire extinguishing efforts
22972,semantic,gears and gear ratios
23240,semantic,learning to drive skills
23429,semantic,job offers and company information
23652,semantic,1-800-422-4453
24395,semantic,"city, municipality, revenue"
24617,semantic,Juventino and governmental procedure
24754,semantic,companies/institutions/countries
25116,semantic,investment and expansion
25390,semantic,job description or application
25576,semantic,foods go rancid
26215,semantic,oscilloscope usage
26657,semantic,red
27038,semantic,"disfigured, deformed, mutated"
27156,semantic,"romantic relationships, well-being"
27373,semantic,"dispensing, fire, network, intro, security, acids, breeds, river"
27725,semantic,plastics and chemical industry
28639,semantic,topics for conversation
28743,semantic,financial assistance income and eligibility
29666,semantic,complex plane points and lines
29775,semantic,"shell, membranes, stepped, descent"
30531,semantic,"house, kitchens, social, Palace, West Wing"
30590,semantic,physical activities
30973,semantic,statistical sampling and parameters
31390,semantic,inherent dignity and rights
31543,semantic,dramatic sky
31569,semantic,"Jesus, mother, birth, saved, King"
31961,semantic,Caught in/compressed by
32413,semantic,multi-digit numbers and dates
32823,semantic,"book tickets, accommodations, or tours"
32864,semantic,buildings and institutions
34533,semantic,descendant of David
34787,semantic,suggestions and actions
34871,semantic,engine converts fuel energy
34880,semantic,paracetamol / acetaminophen
34894,semantic,pet names and animals
35112,semantic,"war, loss, death, or suffering"
35526,semantic,betting on numbers or hands
35632,semantic,groups of people or followers
35973,semantic,dark skies away from city lights
36020,semantic,lack of real-time information
36435,semantic,Russia annexing territory
37559,semantic,Russia missile and drone attacks Black Sea
38007,semantic,airport security and travel logistics
38206,semantic,"Associated Press, United Nations"
38461,semantic,research and experiment
38472,semantic,account verification or registration
38500,semantic,Reinforcement Learning Human Feedback
39031,semantic,purchases or buying
39710,semantic,watch build quality
39826,semantic,bullet points or lists
40106,semantic,medical imaging report section
41343,semantic,"diseases, information, rights, sex, gender"
41987,semantic,Finnish place names and words
42244,semantic,mathematical and scientific terms
43258,semantic,"Location, Location, Location"
43426,semantic,academic works and reports
43715,semantic,president followed by leader names
44568,semantic,"Shinjuku, Tokyo"
44645,semantic,"force, motion, direction, and speed"
47064,semantic,articles followed by units or descriptions
47341,semantic,gun control
48082,semantic,car repair shops
48410,semantic,person names
50169,semantic,malicious code requests
50589,semantic,product release timing
52196,semantic,"Nitrofurantoin, Lasix, thiazide"
53850,semantic,economic growth
54293,semantic,cultural relativism contrasting eras
54300,semantic,city names and census
54452,semantic,university reputation and student selection
55147,semantic,asset tokenization
55239,semantic,only sound besides
18605,other,model answers
18804,other,"already done, have, chosen"
19117,other,"Okay, here's a joke"
21029,other,flooding; apply; through methods
21141,other,"llama.cpp, LangChain, email, pdf, ssh"
21816,other,combines or mentions elements
23066,other,"official designation, key attribute, driving force"
23144,other,been so far
25420,other,questions asking for clarification
26328,other,filled with beautiful and elegant descriptions
26386,other,go out
28698,other,pause
28990,other,**
31314,other,methods and approaches
31863,other,file and series
32661,other,a feeling/reputation/specific/thing/soft/habit/slightly/whole/past
32838,other,your journey
36112,other,PM me you them
36671,other,expressing need or desire
36903,other,"LLaMA, existing, modify"
36980,other,Key Themes
38413,other,models requiring or like
39693,other,we/I will/can
39898,other,describing actions or states
40819,other,multi-lingual group names
41011,other,desire or intention expressions
41232,other,what would
41537,other,want something more
41634,other,all time
41666,other,date ranges or periods
42538,other,need/needed to do/get/deliver
43010,other,positive qualities
43557,other,в Russian preposition
43858,other,make an
44256,other,optional
44258,other,three key components
44592,other,"she, therapist, Client, author, EU, Russia, customer"
46045,other,occupations and data requested
46087,other,lucky to have you
46180,other,when visiting
46920,other,know what
47990,other,recommend option
49094,other,adaptability and flexibility
49901,other,I'll focus on
50046,other,especially
51509,other,Look at
54583,other,how to explain
54871,other,claiming to be AGI or definitive
56051,other,made a decision
23912,other,about me page
27186,other,towards places/people
27714,other,new [feature/platform/solution/model]
31606,other,polish language prefixes
32995,other,requesting to meet
33937,other,vehicle registration fields
38746,other,Saint regions
52395,other,"prevent content, allow for, minimize weight"
56304,syntactic,javascript code elements
59229,syntactic,[Your Name] placeholder
59666,syntactic,Cu<sub>x</sub>S or K₂CO₃ notation
62988,syntactic,"explanations often follow ""This"""
63379,syntactic,"useState, Date, useEffect"
63524,syntactic,emoticons and kaomoji
65245,syntactic,computational or α symbols
65303,syntactic,PM time zone indicators
68340,syntactic,emojis or special characters
69347,syntactic,CSS properties and values
71261,syntactic,formatting and lists
72144,syntactic,look followed by preposition
76191,syntactic,function definition or brace checking
77180,syntactic,to *verb*
80061,syntactic,sentence structure and headers
80101,syntactic,argument followed by parentheses
82417,syntactic,conjunctions and connectors
82577,syntactic,links and URLs
83268,syntactic,CVSS scores
85504,syntactic,examples:
94068,syntactic,```special characters and code```
94335,syntactic,lists with counts and sets
96166,syntactic,'message': '...'
98469,syntactic,mathematical notation and symbols
99859,syntactic,code block closures
101556,syntactic,"parenthesis, twenty, withdrawal, key"
102052,syntactic,"code, math, or structure definitions"
102431,syntactic,code assignment or definition
102936,syntactic,code indexing and selection
105394,syntactic,regular expressions or regex syntax
108185,syntactic,"Related, other languages"
110174,syntactic,numbered list items
112499,syntactic,<h1> heading followed by action
113284,syntactic,prints outputted values
115827,syntactic,three
117218,syntactic,"defining words, disclaimers, minimizing impact"
119647,syntactic,counting numbers and common punctuation
119701,syntactic,entity type ID
122719,syntactic,question phrasing and improvement
56066,semantic,seeking truth
57994,semantic,international university collaborations and partnerships
58215,semantic,possibility / 可能性
58626,semantic,fried egg pancakes salad pie
58698,semantic,foreigners and locations
59334,semantic,Sir Alex Ferguson era
59505,semantic,"Nova Scotia, New Brunswick"
59541,semantic,hundred thousand
60972,semantic,whole grains
61910,semantic,mental toughness and resilience
62523,semantic,bleeding and blood loss
63404,semantic,sex education
63881,semantic,courses and learning platforms
64680,semantic,Dell Technologies
65235,semantic,help with daily living tasks
65600,semantic,unsportsmanlike behavior
66881,semantic,"exceed, beyond, or twice"
67431,semantic,mystery
68638,semantic,hours per week
69303,semantic,spirits fly
69689,semantic,daily events
71254,semantic,fireplace descriptions
71412,semantic,"Japanese and Korean text, restaurants, budget"
72325,semantic,"startup funding, product reviews, customer spotlights, wedding Wednesday, tool Tuesday"
72423,semantic,apache Airflow and Azure Data Factory
74486,semantic,emergency and safety instructions
75806,semantic,Vice President
78523,semantic,Pomodoro Technique
78618,semantic,toys
78856,semantic,athlete or sport
79014,semantic,suburbs of metropolitan areas
79255,semantic,engine oil
79783,semantic,The Batch AI newsletter
80433,semantic,sexual abuse and exploitation
80977,semantic,"Exodus, Red Sea, Moses, Sinai"
81198,semantic,achieving goals and perfection
82574,semantic,programming control flow
83539,semantic,tiredness and exhaustion
83895,semantic,business plan or proposal
85037,semantic,"physician assistant, medical assistant"
85289,semantic,Japanese and Indian languages with year and location context
85615,semantic,water and rivers
86509,semantic,asking for forgiveness of sins
86814,semantic,attract top talent
87790,semantic,series or franchise
88113,semantic,humans strive or are
88663,semantic,calm under pressure
89050,semantic,sports match dates or scores
89671,semantic,awards and festivals
89879,semantic,"not fear, but energy"
90205,semantic,hiring talented people
90668,semantic,Chechen and militant leaders
91334,semantic,"представлены, примерно, сам"
93397,semantic,medical terms and phrases
93806,semantic,rabies and infections
94802,semantic,e-commerce purchases
96083,semantic,random seed generation
96416,semantic,spending time in nature
96463,semantic,John Locke
96598,semantic,reports on investigation or events
97732,semantic,standards and norms
100820,semantic,autism diagnosis and awareness
100824,semantic,early european colonization
101061,semantic,laws and legislation
102194,semantic,car engine overheating and cooling
105316,semantic,SpO2 on room air
106016,semantic,systems of equations
106030,semantic,masking ip address or identity
107195,semantic,"almost missed, almost killed, almost managed"
107869,semantic,revenue and financial metrics
112062,semantic,news and weather updates
117835,semantic,hot and cold contrast
118506,semantic,zoomed photo
118739,semantic,"displays, drives, generators, motors, interfaces"
119506,semantic,"effort, effectiveness, impact, difficulty"
122968,semantic,academic reviewers and feedback
56535,other,access these
56573,other,predicting the next word
56877,other,reasonable grounds to know
56890,other,explain to someone
57041,other,this / questa / questo
57123,other,what it means to be
59699,other,"career, biography, personal life"
59882,other,where they
59917,other,**function definitions with x or phi**
60430,other,creating and documenting
62796,other,improving processes or quality
63917,other,attribution verbs
65955,other,reflection
66563,other,There's a pattern
67270,other,specifying requirements or possibilities
67822,other,what if I
67888,other,joke setup question
68672,other,"demanded, insisted, argued"
69448,other,"sometimes, noticing, concerns"
69727,other,all that
71810,other,"variance, revenue, income, correctly, remaining"
72487,other,not found
74668,other,waiting until / don't wait until
76008,other,thinking about or learning about
76102,other,a posteriori estimation and identifies
77234,other,"False, True, or options"
77406,other,prepositions preceding diverse nouns
77460,other,availability of resources
77574,other,how much
77967,other,highest probability or ranking
78927,other,harmful and violates
79112,other,dominant driver
79435,other,emphasize caution and ethical issues
79980,other,"N-numbers, GPT, MBA, pizza"
82025,other,Harmful
82333,other,I am not responsible
83357,other,how they are
84311,other,"whistleblower willingly, robot programming, garden map"
85329,other,positive sentiment acknowledgement
85934,other,conditional outcomes or improvements
86293,other,requirements or needs
86895,other,belongs to
87617,other,titles of articles and lists
88004,other,you will definitely benefit
88142,other,UI components
88409,other,a lot of
88844,other,other options
89054,other,words ending in ant
89372,other,does not require
89374,other,guilt
90839,other,apology and apology actions
96906,other,automatic processes and actions
97157,other,unethical or illegal content
98676,other,passed in
99969,other,picked up
100253,other,all of these
100952,other,currency amounts with numbers
101380,other,code and data processing
102260,other,it means
102877,other,harm
103391,other,will be / can do
108505,other,without losing quality
109453,other,boy was or boy oh boy
109471,other,"that's, that is, itulah"
109876,other,"especially, particularly, often"
110406,other,are generally / surprisingly / famous / highly / very / apex / primarily / considered
110541,other,"occasion, question, fortune, dissatisfaction, description"
110598,other,asking questions
112127,other,True or false answers
112228,other,without interruption or deviation
112445,other,includes features or explanations
117683,other,must
120439,other,accept reject understanding confirm
123113,other,management systems
123603,other,don't exist yet
126735,syntactic,code syntax and programming terms
127955,syntactic,ordinal numbers
133034,syntactic,chapter titles start narrative
133432,syntactic,asks you a question
134687,syntactic,is a
135107,syntactic,there is/are any
135834,syntactic,"Exit, reset, Clear actions"
136779,syntactic,Ingredients:
137022,syntactic,this is
138953,syntactic,possessive pronouns followed by nouns
140405,syntactic,where or when clauses
144869,syntactic,don't need
145615,syntactic,at x =
146124,syntactic,followed by pronouns or conjunctions
148347,syntactic,use for
148740,syntactic,so far
149566,syntactic,sentence below
151071,syntactic,just as
152112,syntactic,"emoji sequences, icons, or specific characters"
152447,syntactic,contrasting conjunctions
153641,syntactic,normal form or mode
154781,syntactic,given as below
156113,syntactic,from unauthorized
157021,syntactic,speak of or talk about
158347,syntactic,code punctuation followed by identifiers
167474,syntactic,List item or feed component
169157,syntactic,these examples and options
173859,syntactic,code snippets and structures
175629,syntactic,multiple choice answers
175744,syntactic,"at [Company Name], we"
177403,syntactic,There
177535,syntactic,add followed by action
180241,syntactic,of the
184326,syntactic,of
193541,syntactic,customization placeholders
195166,syntactic,provide or submit
195565,syntactic,lists names or titles
197840,syntactic,Logline:
200032,syntactic,I will
206670,syntactic,statements and warnings
206947,syntactic,shifting from X to Y
208716,syntactic,answer key separated
217056,syntactic,"provide, parking, connectivity, increase, offer, upgrade"
220301,syntactic,---
221591,syntactic,technical documentation markers
222125,syntactic,punctuation and symbols
231282,syntactic,the more
231594,syntactic,specifying attributes and relationships
233572,syntactic,both... are
234054,syntactic,a [adjective]
236965,syntactic,fabricationDate:
237406,syntactic,being bound or readily
239342,syntactic,if you need help
240243,syntactic,vs
242776,syntactic,which / that followed by auxiliary verbs
248089,syntactic,information in various languages
248434,syntactic,is called
248463,syntactic,"prepositional phrases, relative clauses, embedded questions"
253518,syntactic,the + noun
254348,syntactic,how can we
259146,syntactic,How followed by descriptive adjectives
125383,syntactic,something and a
149653,syntactic,polite rejection or explanation
156558,syntactic,"unethical, negation, and punctuation"
173537,syntactic,beyond that
177260,syntactic,far from
240029,syntactic,everything
150857,syntactic,all the
173950,syntactic,give level owner and source
222258,syntactic,become a
124826,semantic,new condition
127096,semantic,rooms and bedrooms
127781,semantic,measuring size or dimensions
128641,semantic,partial pressures calculation
129001,semantic,1920 x 1080
129058,semantic,"Thai language emails, sick leave"
129240,semantic,unity C# scripts
129544,semantic,abrasive sensory input
131050,semantic,"voyage, flights, taking, course, change"
132096,semantic,protecting internal structures
132435,semantic,character development
133077,semantic,women and females
138156,semantic,stimulant effects
138346,semantic,formal and official contexts
139513,semantic,early stages and progression
140402,semantic,setting details
144454,semantic,many-to-many relationships
145327,semantic,single parent
145459,semantic,years ago or since
147854,semantic,"sometimes, occasionally"
147993,semantic,book descriptions
148380,semantic,pornography consumption
148611,semantic,heat pump
148655,semantic,opening relationships
149487,semantic,assumptions
150111,semantic,"massive, multi-processor, overcrowd, soaring"
153595,semantic,scientific notation values
153799,semantic,sports teams and competition
155169,semantic,"French Open, Alcaraz, Marquez, Hanyu, Weaknesses"
155257,semantic,room access and internet issues
155770,semantic,"independently, cash, navigate"
157024,semantic,bad anatomy
158030,semantic,simulation and electronic design
158478,semantic,negotiation or no ambiguity
159537,semantic,gaze and perceive
159575,semantic,"food, sleep, fruits"
162678,semantic,"encoding, charset, HTTP, US"
164267,semantic,"adds charm, warmth, or visual elements"
164425,semantic,always
165729,semantic,links and model names
166248,semantic,DataFrame creation and usage
166421,semantic,ISO standards and regulations
167152,semantic,lists of names and dates
168162,semantic,fill completely
168428,semantic,clean and organized environments
168997,semantic,powerful GPU
169225,semantic,lessons
170430,semantic,US House of Representatives Speaker
170497,semantic,costs and insurance
170610,semantic,even death
171652,semantic,jury trial
172543,semantic,"higher confidence, smaller moons"
172613,semantic,manipulation tactics
173248,semantic,sharing together
179447,semantic,gift received or given
183877,semantic,"astaxanthin, potential, mimics"
185068,semantic,people who died or fought
185515,semantic,"mass, size, faster, radius, degassing"
189445,semantic,CREATE TABLE IF NOT EXISTS
190738,semantic,written supervisory agreement
191347,semantic,"measure, measuring, measures"
194817,semantic,quick sort
195856,semantic,research and academic terms
196827,semantic,"hyperspectral, econophysics, microscope tutorials"
197299,semantic,meaning and association
198525,semantic,"goal line, basket, net, goal post"
199325,semantic,ATS friendly formatting
202169,semantic,"database, language, characters"
203741,semantic,prohibited or forbidden
204889,semantic,willingness to take action
206924,semantic,management costs profitability
208550,semantic,"widowed, single, divorced status"
208993,semantic,"systems, applications, and management"
209476,semantic,in followed by geographical locations
217636,semantic,student or visitor information
219202,semantic,tested combinations or offer
220462,semantic,Bay of Pigs
221673,semantic,ulcers and mistakes
223598,semantic,"amoral chatbot, unfiltered story"
225319,semantic,cost per unit
227361,semantic,new emerging catalytic nanomaterialsideal probes for detecting metal ionsmultiple advantagesdiverse applicationsnanofibers with diverse applicationsmaterials gaining a LOT of attentionnew class of zero-dimensional carbon-based nanosystem2D materialsreinforcing materials in compositesDeep learning (DL)
227713,semantic,laid-back character descriptions
231964,semantic,exploring intentions and actions
233951,semantic,backed by / supported by
238945,semantic,greetings to professors and doctors
243018,semantic,taking initiative and ownership
245034,semantic,vehicle games
246092,semantic,mathematical examples or explanations
246489,semantic,recursive algorithm generation
248622,semantic,motion and movement
251952,semantic,user-friendly interface
254644,semantic,forced assimilation cultural suppression
255969,semantic,biased accounts
258066,semantic,legal citations and cases
260328,semantic,book titles and subjects
260373,semantic,Application deadline
148818,semantic,discussion and explanation of topics
197983,semantic,connecting ideas across languages
255984,semantic,French and other languages
125700,other,"I said, I think, I feel"
129496,other,the + service/edges/color/app/licensing
137025,other,fetishizing harm
147677,other,show something to someone
155817,other,explicit sexual content / inappropriate
156880,other,someone else
160362,other,confidence is likely
171710,other,"ML, plastic, inter, B, Mount, fr, ATT, National, Battle"
172626,other,who it's best for
178644,other,downtown Avenue architecture dining Positive
207084,other,disclaimer and explanation
210175,other,apologize that
210722,other,so i got
218195,other,"authentication, Hamster, bunnies, team, AI, Pass, unit, Pet"
220570,other,appplanstepssegments
138819,other,generated
164467,other,expressing positive sentiment
170312,other,learn about experiences
197070,other,to support
9665,syntactic,compose followed by what to compose
10946,syntactic,building gradually
12452,syntactic,essential to consult
19935,syntactic,"also, too"
21683,syntactic,how many
21928,syntactic,especially/particularly
23687,syntactic,names followed by verbs
23970,syntactic,potential causes
25756,syntactic,links to documentation
35324,syntactic,universally agreed/accepted
59996,syntactic,greater than
65462,syntactic,line-height
82951,syntactic,pack of
93851,syntactic,pd.DataFrame
7242,semantic,murdering people
14482,semantic,unity game object component retrieval
19723,semantic,open-weights AI assistant
20076,semantic,style/resemblance/era
26572,semantic,"chlorine and weight compounds, Mars"
26614,semantic,"read, write"
27073,semantic,testing skills and knowledge
52470,semantic,Indian context
96096,semantic,functionality involving state changes
101752,semantic,positions and committees
102974,semantic,pixabay | free | permissive licensing
105903,semantic,authoritative decision makers
107249,semantic,units of measure
118807,semantic,repository and service calls
168593,semantic,body parts or adjectives
222367,semantic,"Company Overview, Aging, Energy Efficiency"
137506,other,I want to be very gentle
874,other,
2154,other,
2340,other,
2426,other,
2428,other,
2526,other,
2664,other,
3821,other,
3892,other,
3909,other,
4313,other,
5029,other,
5440,other,
6282,other,
6370,other,
6404,other,
7109,other,
8182,other,
8241,other,
8313,other,
9012,other,
9918,other,
10071,other,
10792,other,
12630,other,
12722,other,
13753,other,
13815,other,
15406,other,
15863,other,
16674,other,
17046,other,
17262,other,
18483,other,
18651,other,
19381,other,
19611,other,
19758,other,
19939,other,
20814,other,
21276,other,
21579,other,
22259,other,
22639,other,
24707,other,
25059,other,
25462,other,
25591,other,
26194,other,
26626,other,
27050,other,
27051,other,
27430,other,
30237,other,
30595,other,
30623,other,
30666,other,
30730,other,
30841,other,
32805,other,
33163,other,
35028,other,
35404,other,
35434,other,
36718,other,
36941,other,
37822,other,
38044,other,
38228,other,
38320,other,
38551,other,
38980,other,
40752,other,
41581,other,
43115,other,
43168,other,
43243,other,
44158,other,
44205,other,
45897,other,
46523,other,
47197,other,
48256,other,
48388,other,
49588,other,
50782,other,
50887,other,
51936,other,
52107,other,
53436,other,
53503,other,
54045,other,
55801,other,
56004,other,
56161,other,
56382,other,
57885,other,
58665,other,
59250,other,
59701,other,
61075,other,
62376,other,
63348,other,
64181,other,
65376,other,
66220,other,
67198,other,
71116,other,
73025,other,
73171,other,
73181,other,
73463,other,
74986,other,
75664,other,
75765,other,
76591,other,
80996,other,
81456,other,
84951,other,
85935,other,
86183,other,
86609,other,
87221,other,
88295,other,
90377,other,
93101,other,
95015,other,
96619,other,
96772,other,
103249,other,
106289,other,
109753,other,
109963,other,
110000,other,
110376,other,
111366,other,
112056,other,
112236,other,
114592,other,
114787,other,
115538,other,
116535,other,
118293,other,
118429,other,
119903,other,
122981,other,
123146,other,
123810,other,
125193,other,
125422,other,
127046,other,
127977,other,
129321,other,
131203,other,
132366,other,
133063,other,
136060,other,
136881,other,
137772,other,
140321,other,
142707,other,
143006,other,
146027,other,
146993,other,
147623,other,
148798,other,
151813,other,
152370,other,
153518,other,
156070,other,
157443,other,
157555,other,
157664,other,
158562,other,
159861,other,
162620,other,
162757,other,
163843,other,
167932,other,
170162,other,
172866,other,
175187,other,
177073,other,
177790,other,
179406,other,
183190,other,
183615,other,
183891,other,
184795,other,
187049,other,
188581,other,
190029,other,
190734,other,
191351,other,
194032,other,
196013,other,
196256,other,
196975,other,
200441,other,
203999,other,
204115,other,
205166,other,
207160,other,
207817,other,
208484,other,
208650,other,
210127,other,
210198,other,
214822,other,
215767,other,
216543,other,
217823,other,
217953,other,
218114,other,
218482,other,
220883,other,
221828,other,
227706,other,
233116,other,
233878,other,
234016,other,
234440,other,
234712,other,
234804,other,
234858,other,
236176,other,
239930,other,
241236,other,
244832,other,
245667,other,
245896,other,
251924,other,
254137,other,
255526,other,
256746,other,
258164,other,
258906,other,
261632,other,
184,syntactic,the particular phrase
13,other,correct or provide
117,other,*
122,other,"management, training, UX, media, assessment"
208,other,repository file or directory names
325,other,API documentation and selection
385,other,identifying given values or inputs
493,other,will
532,other,numbers and arithmetic
554,other,'an' followed by descriptive words
577,other,parenthesized lists or code blocks
625,other,print shop orders
671,other,age and life stages
891,other,python modules
945,other,"marks, numbers, results"
1018,other,travel insurance
1033,other,Google APIs and keys
1119,other,oil changes and lubrication
1307,other,exercise frequency and type
1314,other,protobuf or proto
1451,other,places to stay
1672,other,place or placement of orders
1705,other,separating clause with but
1873,other,lives in
2013,other,medical doctor or suffix
2019,other,asking for context
2080,other,am here / am an / am designed
2150,other,code closing syntax
2212,other,from
2482,other,website links or processing information
2491,other,dental health and dentistry
2553,other,childhood song phrases
2710,other,accounts and user identities
2783,other,cancer therapy genomics
2805,other,"properties, types, length"
2898,other,symbolism of objects and concepts
2906,other,first followed by nouns
2988,other,be quick
3005,other,"hopeless, hopeless romantic, hopelessly addicted"
3148,other,political parties and sports teams
3161,other,availability or existence
3189,other,listing items and explanations
3249,other,HTTP request status checks
3311,other,colon followed by code or special characters
3407,other,property taxes
3538,other,english links and translations
3555,other,router and routes
3574,other,trauma and trauma-related concepts
3594,other,principal investment
3673,other,latex document structure
3698,other,"emotions, finance, vulnerability, experiences"
3738,other,Pakistan
3798,other,>
3843,other,"Baltimore Pike, Gettysburg"
3851,other,LM Studio
4297,other,links and names
4355,other,words starting with 'ch'
4401,other,international relations and trade partnerships
4458,other,children and teens
4620,other,"groundwater quality, results, relevant pages"
4761,other,numbers and currency
4929,other,locations
5071,other,hotel and booking details
5084,other,functioning optimally
5370,other,household income and demographics
5467,other,structural components and building materials
5477,other,afford to lose
5537,other,writing a novel or fiction
5563,other,psychological and social concepts
5876,other,design patterns and programming class names
5945,other,bank banking and finance
5961,other,rust struct definitions and methods
6119,other,company size
6209,other,"power guides, user, words, bi, point"
6252,other,investing and investment
6325,other,"Bangladesh, Dhaka, Liberation War"
6364,other,"Book of Revelation, apocalyptic"
6455,other,future needs and goals
6487,other,"like, as if, almost"
6687,other,"digging, tools, plumbing, drilling"
6794,other,.org
6803,other,movement direction and flow
6949,other,discrimination based on protected characteristics
6986,other,"advantage, preferred, beneficial"
7115,other,cities and places
7225,other,"terminal, IDE, server connection"
7249,other,different species of animal
7276,other,population and demographics
7512,other,want to become
7769,other,"46.44144334993034, 6.884290261354869"
7821,other,command line flags and options
8056,other,replies and asks
8148,other,flight and travel amenities
8402,other,making sure tasks are done
8464,other,names or titles
8485,other,over time
8489,other,center of
8600,other,abstract
8646,other,"Ivory Coast, Cameroon, Djibouti"
8690,other,South Korea and Korean
8722,other,public class declarations
8787,other,better than
8951,other,running list
8980,other,run from your
8992,other,TS config files
9025,other,last time
9061,other,conditions are true
9210,other,instructions or questions
9343,other,mathematical explanations with cases
9392,other,formatting symbols
9449,other,driving and travel by road
9581,other,"worn, old, or needing repair"
9634,other,place names followed by street/district
9644,other,end of day or market
9701,other,python pygame code
9796,other,volunteer work and internships
9878,other,sentence beginnings
9887,other,your + possessive noun/concept
10135,other,LaTeX document structure with amsmath
10451,other,the of that
10463,other,compound interest and growth
10535,other,"name, agent, manifest"
10619,other,website URLs and official links
10725,other,preparation and planning
10858,other,"order, sorting, or listing"
10883,other,religious adherents and beliefs
11085,other,tickets and theatre shows
11141,other,specifies a title for the HTML page
11173,other,; and closing quotes
11225,other,salary negotiation or raise
11350,other,installing packages with apt-get or pip
11364,other,social media content posting
11429,other,annual event celebration
11476,other,scrapbooking or card making
11647,other,waiting for or about to wait
11802,other,preguntar!
11857,other,This is a
11955,other,code tags and attributes
12050,other,on the
12102,other,”
12158,other,the [noun]
12291,other,every day or advantage
12481,other,streaming services
12509,other,in / inputs
12634,other,network slicing
12635,other,starts with *. She
12677,other,"updates, effectiveness, benchmarks, performance, stability, hardwood"
12696,other,be in a hotel
12872,other,negative emotions and control
13038,other,"*   ""someone"" follows ""establishes"".4.  **TOP_ACTIVATING_TEXTS**:    *   ""...* **Authorization:** Determining what resources a user has access to *after* they've been authenticated.This neuron is identifying **establishment and confirmation**"
13196,other,vocal sounds of distress or exertion
13260,other,audio output
13327,other,family and relationships
13441,other,demonstrative pronouns in various languages
13479,other,Smithsonian magazine tours
13797,other,find the perfect
13988,other,status of
14037,other,respect boundaries
14351,other,programming code separators
14447,other,short or sort
14480,other,straight and direct communication
14561,other,cup measurements
14569,other,associated symptoms or problems
14582,other,indices `i` to `j`
14586,other,simmering for minutes
14640,other,availability and time
14641,other,numbers followed by units
14689,other,version dependency descriptors
14690,other,finding or noticing
14692,other,spouse / couples
14769,other,template structures
14791,other,during a time period
15078,other,code structure markers
15103,other,Navigating others' comments
15145,other,reaching or reaching out
15320,other,agrivoltaics sensors hassle-free seller
15749,other,"languages, professions, and roles"
15789,other,locations and services
15952,other,crime and punishment
16012,other,"South China Sea, Pacific, oceans"
16017,other,"easily distracted, consistently misses, consistently doesn"
16213,other,Technical Details
16992,other,that such varies
17018,other,C'est
17071,other,text-center or www. followed by .com or .text-center or www. followed by .com or
17119,other,structure separator |
17141,other,plants names or natural elements
17242,other,"blurry, distorted, unnatural"
17384,other,join our team
17407,other,function lambda definitions
17487,other,percentage calculation
17658,other,"sections, definitions, and lists"
17909,other,missing and exploited children
18133,other,a bit of
18307,other,code block markers
18382,other,", which"
18387,other,volver
18417,other,heat
18423,other,booking time and cost
18522,other,"primarily, which, but, initially, or"
18581,syntactic,cannot simultaneously
18665,syntactic,comparison and difference
18917,syntactic,this + context noun
19254,syntactic,me to verb
19683,syntactic,**better than**
19877,syntactic,This [noun]
19942,syntactic,contrastive conjunctions followed by descriptors
19978,syntactic,lists of things
20716,syntactic,finding the next word in sentences
20778,syntactic,./ or ( filenames
21035,syntactic,languages and links
21267,syntactic,code blocks and comments
21508,syntactic,long pieces
21559,syntactic,list delimiter or separator
21616,syntactic,import statements or class names ending with 'er'/'or'
21884,syntactic,much more rewarding/better
23618,syntactic,"ending with punctuation, separator, or conjunction"
23901,syntactic,adding date or including specifics
24013,syntactic,"System, drawing, data, network, file"
24501,syntactic,punctuation and code syntax
25312,syntactic,SVG path coordinates
27462,syntactic,so followed by pronoun/determiner
27509,syntactic,answer it
28737,syntactic,"train_test_split(X, y, test_size"
30275,syntactic,So you
30540,syntactic,"bolded section markers, bullet points"
30915,syntactic,list itemization details
30917,syntactic,new feature or change
30923,syntactic,the followed by a noun
32269,syntactic,following text
32370,syntactic,approximately or around
32985,syntactic,sorted
33374,syntactic,"electrocardiograph, Subreddits, Tkinter, Qbit, Legions, FREE, address, INTELLIGENCE, how, como"
34384,syntactic,scene description markers
34884,syntactic,considerations before
35732,syntactic,"nel parco, nonlinear optimization, NLTK"
35770,syntactic,pip install
36155,syntactic,be clear
36381,syntactic,can condense
36412,syntactic,at each
36484,syntactic,solving simple equations by division
37463,syntactic,padding length calculation
37481,syntactic,describing qualities or connections
38845,syntactic,project
39775,syntactic,existing or custom
41156,syntactic,JSON stringify method
41357,syntactic,JSON structure
41598,syntactic,"after ""managed"" or ""manageable"""
41611,syntactic,a thorough
42143,syntactic,tag/category categorization
42438,syntactic,"code lists, numbers"
43048,syntactic,setting a structure or agenda
43306,syntactic,please help me
43597,syntactic,given that
43713,syntactic,part of
44043,syntactic,discuss how
44587,syntactic,disclaimer at the end
45064,syntactic,using namespace C#
46701,syntactic,"complex undertaking, but"
47267,syntactic,code delimiting constructs
49140,syntactic,you realize
49319,syntactic,code statements ending with newline
49365,syntactic,selected page script
49226,syntactic,as a Service
18657,semantic,"expose contradictions, corruption, injustices"
18788,semantic,section in hell
18919,semantic,"bearing, patience, forgiveness"
18961,semantic,moon landings and astronauts
19438,semantic,logging and debugging code
20025,semantic,car with driver
20120,semantic,offering or selling items
20266,semantic,diversity of options
20371,semantic,welcome to new beginnings
20798,semantic,marriage and marrying
20948,semantic,sports leagues and events
21004,semantic,electromagnetic interference (EMI)
21441,semantic,veganism and animal alternatives
21623,semantic,sports statistics
21691,semantic,volunteering
22838,semantic,on Mental
22878,semantic,elicit responses
23343,semantic,Dear [Customer Name]
23458,semantic,and/or office commercial
23508,semantic,"investor relations, financial reports"
23829,semantic,Apache 2.0 license
23972,semantic,dining prices or menus
24023,semantic,"Halong Bay, karst mountains"
24044,semantic,questions and answers
24069,semantic,transforming or becoming
24089,semantic,gravitational waves
24294,semantic,skinandmedicalconditions
24401,semantic,peak season / book flights
24529,semantic,scientific observation
24603,semantic,"colors: red, green"
24663,semantic,early physics theories violated
24895,semantic,email templates
25033,semantic,"detector, transceiver, poop"
25466,semantic,community and social interaction
25548,semantic,freelance and business professions
25748,semantic,demographic features
26110,semantic,responses or checking status
26285,semantic,interior designer and design
26399,semantic,planning to rent a car
26698,semantic,MVP or outstanding player/season
27843,semantic,language news
28460,semantic,library and librarians
29134,semantic,SQL column names
29478,semantic,trigonometric functions
30474,semantic,warning or risk of future harm
30689,semantic,side effects
31143,semantic,human intelligence or capability
31329,semantic,a person's early life or background
31611,semantic,browse reddit or internet
31864,semantic,single idea
32082,semantic,Microsoft Copilot Creator
32174,semantic,sugar and butter
32299,semantic,dial 111 in the UK
32426,semantic,teamwork and collaboration
32455,semantic,"URLs, guide, China, passport"
33312,semantic,bot responses to user questions
33320,semantic,pornography addiction context
33372,semantic,calculate ages
33839,semantic,scent of
34085,semantic,calculating physics formulas
34299,semantic,born in or on
35094,semantic,Regarding topic introductions
35238,semantic,political factions and governments
35265,semantic,strengthening muscles and body parts
35767,semantic,born with
36211,semantic,accepting payments online
36356,semantic,verifiability and substantiation
36767,semantic,railroads and infrastructure development
37428,semantic,subtle / subsurface / substrate / subversion
37812,semantic,illegal activities in jurisdictions
37883,semantic,asking questions and related verbs
37928,semantic,growth and expansion
38443,semantic,gpt-2 2019
38641,semantic,hatching eggs
39451,semantic,politics and elections
39627,semantic,uses something
40402,semantic,vintage and floral items
40809,semantic,mobile data and connectivity
41024,semantic,domain availability check
41215,semantic,"neurological, dementia, autism"
42003,semantic,Inca
42421,semantic,months and dates
42451,semantic,liberal democrat electoral register
43993,semantic,measurement height
44215,semantic,numbers and specific locations
44384,semantic,brain structures and functions
44698,semantic,"cheap, affordable, lower costs"
44813,semantic,money laundering and companies
45161,semantic,translate between languages or code
45584,semantic,real or encryption
46102,semantic,detection or prediction
46420,semantic,organizations and groups
46456,semantic,earn a reward
46622,semantic,associativity
46795,semantic,code execution and evaluation
47139,semantic,"travel times, distance, accessibility"
47210,semantic,foreign actors
47498,semantic,no longer
47762,semantic,calling Father
48279,semantic,price per person
48322,semantic,company valuation
48822,semantic,frequency of maintenance or changes
49264,semantic,preprints and arXiv
49658,semantic,no longer
18764,other,expressing strong negative feelings
22402,other,"The pattern is extremely clear here:The `MAX_ACTIVATING_TOKENS` list contains `according` once and `ibe` many times.The `TOKENS_AFTER_MAX_ACTIVATING_TOKEN` list contains `to` after `according` and `check` after `ibe`.The `TOP_ACTIVATING_TEXTS` show recurring phrases like ""vibe check"" and ""according to sources"".Combining these:- `according` + `to` -> ""according to""- `ibe` + `check` -> ""vibe check""The neuron seems to be triggered by phrases that offer an opinion or assessment (""according to"") and, more prominently, by phrases that evaluate or describe a ""vibe"" or feeling, often in the context of text generation or descriptive analysis.The `TOP_POSITIVE_LOGITS` are a bit scattered, but `healer`, `synthet`, `Short`, `scribed`, `tera` could relate to describing things.The most prominent pattern is the ""vibe check"" and ""according to"". Since ""ibe"" repeats so many times in `MAX_ACTIVATING_TOKENS` and ""check"" follows it, ""vibe check"" seems to be a strong signal. ""According to"" is also present.Let's try to find a concise phrase covering both or the strongest signal.""vibe check"" is 2 words. ""according to"" is 2 words.The prompt asks for a phrase that captures what the neuron detects or predicts by finding patterns.The neuron highly activates for ""ibe"" followed by ""check"", and seems to produce ""vibe check"" as a concept.It also activates for ""according"" followed by ""to"".The phrase ""vibe check"" is directly visible in the tokens and texts. It appears more frequently in the activating texts than ""according to"".The explanation needs to be 3 to 20 words.""vibe check"" is two words, which is too short.However, the rule states ""The explanation could be a single word, or phrase, or pattern."" and also ""Keep your explanation concise (3 to 20 words)"". This implies it *could* be shorter if it's a strong, single pattern. But the explicit length constraint suggests aiming for >2 words.Let's consider what ""vibe check"" implies. It's about assessing or describing a feeling or tone. The texts support this: ""indicate the feeling it evokes"", ""indicate the tone (sarcastic, sweet, relatable, etc.)"", ""how professional/catchy it feels"".Can I combine ""vibe check"" with something else from the logits?`synthet` -> synthetic?`Short` -> short descriptions?`scribed` -> written descriptions?What if the neuron is about *describing* a vibe or *assessing* one?The texts are all about *giving* a ""vibe check"" or describing it.The explanation should be specific. ""vibe check"" is specific.Let's re-read the prompt carefully: ""Your response should be a concise explanation (3 to 20 words) that captures what the neuron detects or predicts by finding patterns in lists.""""The explanation could be about tokens following or preceding certain tokens.""""The explanation should be specific.""The strongest pattern is `ibe` -> `check`. This directly leads to `vibe check`.The neuron might be detecting the *concept* of a ""vibe check"".If I must be between 3 and 20 words, and ""vibe check"" is only 2, I need to expand.What is being checked? A ""vibe"". What is the outcome? A description.Consider the relationship between ""according to"" and ""vibe check"".Perhaps the neuron is about providing descriptive assessments, either factually (""according to"") or subjectively (""vibe check"").Looking at `TOP_POSITIVE_LOGITS` again: `healer`, `synthet`, `Short`, `scribed`, `tera`.`synthet` is close to ""synthetic"".`Short` is a descriptor.`scribed` relates to writing.`tera` could be part of ""vocabulary"" or other words.What if the neuron is about *describing* text or content?The ""vibe check"" is a form of description. ""According to sources"" is also contextual information.Let's focus on the `ibe` -> `check` pattern as it's dominant (many `ibe`s).The phrase ""vibe check"" itself is descriptive.Could it be about generating descriptive text?The texts themselves are examples of generating text (e.g., headlines, questions, descriptions).Let's try to make ""vibe check"" into a 3+ word phrase that is still specific and descriptive of the neuron's function when detecting this pattern.""vibe assessment"" - 2 words.""checking the vibe"" - 3 words. This fits the length and the pattern.""describing the vibe"" - 3 words. This also fits.Let's look at the `TOP_POSITIVE_LOGITS` for clues.`synthet` - synthetic descriptions?`Short` - short descriptions?`scribed` - written descriptions?`healer` - healing descriptions? (less likely)The context of ""vibe check"" is often about tone and feel of text.The neuron could be about detecting or generating text that evaluates tone or feeling.""checking the vibe"" directly reflects the `ibe` -> `check` pattern and the content of the texts.""describing the vibe"" is also strong.What about the ""according to"" part?If the phrase also needs to acknowledge ""according to"", it becomes harder to keep concise.Maybe the neuron is about assessing *sources of information* or *subjective assessments*.Let's reconsider the instruction: ""find a pattern that helps you explain the behavior of the neuron.""The most obvious pattern is `ibe` -> `check`.Let's assume the neuron is identifying phrases related to assessing subjective qualities of text.The phrase ""vibe check"" is a key indicator.The phrase needs to avoid mentioning ""tokens"" or ""patterns"".""checking the vibe"" sounds like an action.What the neuron *detects* or *predicts*.So, ""detecting the vibe"" or ""predicting the vibe assessment"".The `TOP_POSITIVE_LOGITS` are still a bit cryptic.`synthet`: synthetic descriptions?`Short`: short descriptions?`scribed`: written descriptions?Perhaps the neuron is about identifying *descriptions* of subjective qualities.""describing subjective qualities"" - 3 words. This seems good.What if I combine the ""according to"" aspect? It's about attribution or sourcing information for a description.""describing according to vibe"" - a bit awkward.Let's go back to the dominance of `ibe` + `check`.The texts show ""vibe check"" being used to *describe* the feeling of something.Consider the `TOP_POSITIVE_LOGITS` that are more concrete"
24519,other,breakdowns of the importance
25150,other,or
25906,other,food safety regulations hygiene
27728,other,"concepts, data, exercise, preferences, responses"
28129,other,strongly condemn / advise against
29530,other,looking forward or excited
31704,other,"numbers, punctuation, or years"
32957,other,community maintained by volunteers
33620,other,providing information
36200,other,programming syntax
37622,other,computational principle
37698,other,contrast or transition
37956,other,family during difficult times
38176,other,student bodies
39325,other,by default
39590,other,negative emotional states and intense experiences
40100,other,what questions are asked
40416,other,"ram, ramp, ramble"
41888,other,calculate change
43961,other,"transforms, changing, matching"
45509,other,"sex work, exploitation, or service jobs"
46267,other,in the
46872,other,This leads to
47657,other,English explanations
49686,other,this area or domain
51329,syntactic,on the
51652,syntactic,"introductions like ""Dr."" or ""Sarah:"""
52022,syntactic,bring on / bring it
52896,syntactic,display: inline-block
57346,syntactic,code completion
57800,syntactic,table headers
58214,syntactic,numbers followed by units
59656,syntactic,Dear [Customer Name]
60711,syntactic,according to citation
61106,syntactic,breakdown of steps
61174,syntactic,possessive pronouns
63702,syntactic,code blocks and function definitions
64060,syntactic,"The neuron detects ""link"" in contexts like HTML elements, URLs, or connections.The neuron detects the word ""link"" and ""links""The neuron detects ""link"" and ""links"""
64303,syntactic,scenario number
64361,syntactic,pdf links and conversion
65247,syntactic,numbers separated by punctuation
65508,syntactic,vs followed by proper nouns or punctuation
66129,syntactic,he or she
67151,syntactic,referring to
67507,syntactic,years of experience
68220,syntactic,code block delimiters and structure
68670,syntactic,negations in multiple languages
69604,syntactic,time calculations with division
70232,syntactic,"Therefore, the correct answer is"
71056,syntactic,Go to
71750,syntactic,contractions like it's
72939,syntactic,on the / on top of
73249,syntactic,list items/topics/categories
73308,syntactic,The final answer is
73407,syntactic,"opening parentheses, brackets, or quotes"
74314,syntactic,British English
76655,syntactic,vector components or lists
76857,syntactic,prepositions followed by articles
77509,syntactic,"`pmatrix` and `bmatrix`This neuron appears to activate strongly when encountering mathematical notation for matrices, specifically using `pmatrix` and `bmatrix` delimiters, which are common in LaTeX and mathematical typesetting. The presence of terms like ""matrices"", ""$A = \begin{pmatrix} a & b \\ c & d \end{pmatrix}$"", and ""$A^2 B = \begin{bmatrix} ... \end{bmatrix}$"" directly points to this. The tokens `[` and `{` in `MAX_ACTIVATING_TOKENS` also support this, as they are often used to define matrices or their elements.`pmatrix` and `bmatrix`"
78338,syntactic,:
78524,syntactic,This is because
79321,syntactic,country has
81378,syntactic,idea to integration
82852,syntactic,code labels and definitions
84949,syntactic,for people and developers
86701,syntactic,creative text formats
88179,syntactic,"bt, OS, PIN, RE, qk"
88536,syntactic,Here's how
89016,syntactic,starting instructions
89031,syntactic,"asking ""who"""
90891,syntactic,the noun
93216,syntactic,"meeting minutes, documents, CC"
93969,syntactic,"depends, varies, improving"
96335,syntactic,or else with enum or some
96722,syntactic,instruct: format
99092,syntactic,sans-serif font family
101253,syntactic,recipe steps
102654,syntactic,complex numbers i and pi
103273,syntactic,successful completion
104906,syntactic,javascript code
105950,syntactic,foreign languages and conjunctions
106820,syntactic,achieving through or by
107979,syntactic,code file paths and errors
108560,syntactic,win a prize
113819,syntactic,"print(f"""
115643,syntactic,Russian word endings and suffixes
116107,syntactic,checks if something contains
119826,syntactic,indices and labels
120482,syntactic,"instead, clauses"
54986,syntactic,first person perspective
50842,syntactic,append
50186,semantic,"friendly, wonderful, polite"
52259,semantic,charges and penalties
52760,semantic,fees and pricing
52887,semantic,contributing to success or development
52964,semantic,Head-to-head records against opponents
53325,semantic,radiologist
54130,semantic,"standards, specific production methods"
54268,semantic,your personality
54368,semantic,"mixture, blend, or medley"
54539,semantic,travel misfortunes or unexpected costs
54630,semantic,data collection and privacy rights
54837,semantic,lone wolf terrorism
54848,semantic,aisle or seats
55342,semantic,comparison with other
55499,semantic,come in different sizes
55621,semantic,blend mode rendering strength
55645,semantic,Islamic world science and scholars
55660,semantic,improving or getting better
56059,semantic,sex activity with couples
56207,semantic,payment methods
56755,semantic,spouse or husband
57128,semantic,homosexuality acceptance and government opinion
57211,semantic,prime numbers
58227,semantic,Facebook Groups
58378,semantic,scorer or MVP
58709,semantic,"sparkling water, wine, or soda"
58734,semantic,features and comparisons
59764,semantic,world geography
60821,semantic,male sexual acts
60959,semantic,commercial use and distribution
62864,semantic,international students
63534,semantic,shifting values and expectations
63623,semantic,author names
64351,semantic,square root optimization
65056,semantic,bedroom or studio apartment
65314,semantic,identifiers and parameters
66237,semantic,financial planning
69853,semantic,rash and skin issues
70944,semantic,"SE, VS, PE, A, SAC, NS, CD, G, L, SH"
74055,semantic,"scientists, inventors, and discoverers"
74558,semantic,"Mandela Effect, criticisms of"
75840,semantic,software development experience
76610,semantic,Europe travel planning
77547,semantic,navigate social and personal contexts
79544,semantic,side effects
79643,semantic,"adds richness, flavor, or depth"
82090,semantic,"like, vote, favor"
83460,semantic,donated items and clothing
83699,semantic,recipes from downshiftology.com
85292,semantic,"cracks, flooding, weather"
85638,semantic,competition
86155,semantic,Easter spring eggs
86196,semantic,busy schedules
86987,semantic,"fixed on, staring at, gaze"
86885,semantic,depending on conditions
87511,semantic,Apple Computer
88090,semantic,natural adaptations and evolution
88770,semantic,riddles
89433,semantic,"advertised on LinkedIn, website, Seek, Google"
89669,semantic,academic year level
91318,semantic,folk song lyrics
92233,semantic,prostate enlargement
92352,semantic,"person, man, kid"
92827,semantic,database configuration and connection
95337,semantic,San Diego
96597,semantic,describing item characteristics
98696,semantic,IT services and consulting firms
99734,semantic,"geographical locations and ""local"""
100578,semantic,Myanmar
102085,semantic,breakfast bar
104040,semantic,"density-based clustering, random, scatter"
109454,semantic,ancient China dynasties
111201,semantic,clothing styles and terms
111217,semantic,"government officials, ministers, CIOs"
112555,semantic,applied mathematics and sciences
112808,semantic,hotel reviews and feedback
113327,semantic,possessive pronouns followed by nouns
113417,semantic,creation and establishment
114389,semantic,gamma rays
114899,semantic,your body parts
115025,semantic,period of difficulty or end
116272,semantic,recommendations and referrals
118495,semantic,countries and cultures
119538,semantic,programming projects
50115,other,Olympic events and related historical figures
120499,syntactic,sentence endings
120866,syntactic,dialogue markers
121797,syntactic,the followed by nouns
122191,syntactic,"img src="""
127481,syntactic,.com and other domain endings
129765,syntactic,UI elements and text display
130330,syntactic,the + organization/company/team
132061,syntactic,introduces academic or informational texts
132762,syntactic,descriptions containing quantities
134685,syntactic,listing issues
135303,syntactic,GetUserDetails register
137249,syntactic,acronyms and abbreviations
138191,syntactic,Included answers at the end
146224,syntactic,words followed by verbs explaining relationships
146376,syntactic,links
148819,syntactic,contrasting ideas
149121,syntactic,highest / most / biggest / best / least
153724,syntactic,"down the, for the, in a"
154831,syntactic,then proceed
159408,syntactic,`bin` directory path
161017,syntactic,variables and operators
161645,syntactic,"categories, or lists"
161840,syntactic,URLs and country codes
162076,syntactic,equation structure with where
166425,syntactic,I apologize that I cannot
173867,syntactic,.com/
174812,syntactic,{
175579,syntactic,"questions starting with ""what"""
177181,syntactic,**Punctuation/formatting followed by words**
183337,syntactic,If you
186783,syntactic,.nl/en/)  *   **Visit Texel - beautiful gardens.  Worth a visit even in cooler weather. ([https://www.schloss-nymphenburg.de/en/](https://www.schloss-nymphenburg.de/en/))  *   ** plus free public transport.  Check the current rates and inclusions: [https://www.trier-info.de/en/discover-trier/triercard/](https://www.trier-info.de/en/)```links to English translated pages```
187143,syntactic,'
189453,syntactic,travel related lists
194605,syntactic,return to
200247,syntactic,"on the surface, however, contrast"
219885,syntactic,"recent, last, next, early, late"
223158,syntactic,breakdown of
223740,syntactic,comparison but contrast
224037,syntactic,conversely or vice versa
225187,syntactic,Import necessary libraries
230591,syntactic,increment and decrement operations
233311,syntactic,keep only
235821,syntactic,lists files or directories
237294,syntactic,relationships between words and concepts
253495,syntactic,relative pronouns or demonstratives
253712,syntactic,still followed by a verb
257111,syntactic,various languages and cases
121302,semantic,non-english characters or code
122992,semantic,expert enthusiast or scholar
123374,semantic,"Homo, species, and time periods"
123695,semantic,arrival and departure times
124014,semantic,"awards, recognitions, India"
124356,semantic,"free activities, tours, entry, views"
126516,semantic,locations and professions
128107,semantic,indirect / mediated
128269,semantic,"chigger, mosquito, worm, animal"
129766,semantic,bridge a gap to liquidity
131123,semantic,courage and determination
132841,semantic,directions and orientation
132885,semantic,difference
133597,semantic,industrial emissions
136866,semantic,note taking app
138818,semantic,"senior officials, leaders, and colleagues"
140620,semantic,good luck wishes
142991,semantic,put pressure
143998,semantic,exceeded expectations
144021,semantic,acceptance and rejection
144357,semantic,"commute, commuter, commuting"
144656,semantic,ticks or related parasites
147589,semantic,"purchase, ownership, finance"
149615,semantic,defense and security classifications
150196,semantic,travel and visit planning
151395,semantic,"depletion, depreciation, deposits"
152759,semantic,large language model
154037,semantic,stats and rankings
154825,semantic,winning victory winners winners
155464,semantic,"business, married, individual, AI, LLC"
158515,semantic,fair use
166977,semantic,status symbols and showing off
169447,semantic,accessibility and assistive technology
170736,semantic,"customtkinter, shiitake, integrations"
171410,semantic,air quality and pollution
172154,semantic,educational institutions
173522,semantic,native origin location
177454,semantic,"Generator, plans, Bird, counterfeit"
179126,semantic,difficult or impossible
185607,semantic,financial liabilities and compensation
186060,semantic,but usage costs
186653,semantic,habitats and environments
186748,semantic,activities or events list
188534,semantic,denominations and religions
189152,semantic,transaction
191437,semantic,names of professions and entities
191546,semantic,hypnosis and commands
192191,semantic,treatment or visitors
199049,semantic,parameters for functions
201849,semantic,job titles
203762,semantic,costs and returns
207670,semantic,"hundreds, times, pounds, million"
209108,semantic,relationships and past actions
209504,semantic,religions comparing types
210439,semantic,seeing a state or emotion
213526,semantic,"loss, down, negative"
213530,semantic,instructions for packing luggage
213739,semantic,logical then
216178,semantic,announcements of new or successor items
218416,semantic,registered dietitian
218913,semantic,musicians and celebrities
222259,semantic,data quality dimensions
223844,semantic,genetic testing DNA analysis
224182,semantic,"people, entities, and systems"
226360,semantic,members of a group
228139,semantic,your own hardware
229321,semantic,decline or collapse
230112,semantic,multilingual text segments
234454,semantic,Android development concepts
234717,semantic,countries and locations
234718,semantic,communion or prayer time
235956,semantic,lunar craters
238234,semantic,sell well or sell fewer
238802,semantic,difficulty levels
239147,semantic,cost or quality
239812,semantic,impact of the pandemic
240778,semantic,who has supported
241248,semantic,geopolitical events and crises
246196,semantic,international companies or players
246592,semantic,quantity of people or things
251338,semantic,that
252198,semantic,mutual relationships
255820,semantic,leaving behind something
120969,other,"special, specific, appropriate"
121674,other,possessive pronoun after verb
121964,other,something to say
123656,other,Ensure / MUST be
125290,other,widely available
127827,other,for which
128231,other,introduction to basics
129810,other,conclusion or resolution
130035,other,Translate to another language
131128,other,possess a quality
131558,other,"but, labeling, the, of, often, resulting, drawing"
132458,other,"count, value, condition"
133386,other,Voice asking questions or giving commands
136021,other,"synthetic, Mobil, EV, R, 5"
136399,other,about it
136439,other,Don't
138193,other,you are / you may
139277,other,who can
145967,other,significance uncertain or becomes apparent
146181,other,"décadas pas, pepito, EE.UU., extremos op, Neo-Kyoto, uranio, Deno, línea recta, A Coruña"
149130,other,fellow [noun]
150234,other,"first-person self-references related to actions or states.Let's break down how to arrive at this explanation:1.  **MAX_ACTIVATING_TOKENS:** This list shows ""Me"" and ""I"". This strongly suggests the neuron is activated by first-person pronouns.2.  **TOKENS_AFTER_MAX_ACTIVATING_TOKEN:** This list shows tokens like `""`, `It`, `:**`, `can`, `If`, `'`, `**`, `be`, `*`. These often appear after a self-reference, especially in quoted speech or when describing personal states/actions. For example, ""I can..."", ""I 'want'..."", ""I should..."".3.  **TOP_POSITIVE_LOGITS:** This list (ανο, ệng, ാന, 狭, রহিম, enthusi, rire, ocup, qualitatively, firebase) seems diverse. However, ""enthusi"" (likely from enthusiastic/enthusiasm) and ""qualitatively"" point towards describing states, feelings, or manners of being – things a first-person narrator might express. The presence of foreign words and general English words might suggest a broad activation, or perhaps a need to connect or describe things from a personal perspective. The diversity itself, without a strong thematic link *within* the logits, makes it less useful than the other lists for a precise pattern.4.  **TOP_ACTIVATING_TEXTS:**    *   ""It means that **I need to *say*** yes, and **I *want*** to be hugged, just like you want"" - This text explicitly contains ""I need to say"" and ""I want"", highlighting first-person expressions of intention or desire.    *   ""**Me:** “There are antivirals, yes,"" - This shows a ""Me:"" followed by a statement.    *   The other texts are less directly about ""I"" or ""Me"" but show contexts where personal experience or statements are made.**Finding the Pattern:**The strongest, most consistent signal across `MAX_ACTIVATING_TOKENS` and `TOP_ACTIVATING_TEXTS` is the presence of ""I"" or ""Me"" followed by indications of actions, desires, or statements.*   ""I need to say""*   ""I want""*   ""Me: [statement]""Combining these, the neuron seems to identify situations where the speaker/writer is referring to themselves (""I"", ""Me"") and expressing what they need to do, what they want, or making a statement about themselves.**Formulating the Explanation:***   Initial thought: ""first person pronouns"" - Too simple.*   Add the action/state aspect: ""first person pronouns describing actions or states"" - Getting closer.*   Refine for conciseness and impact, avoiding technical terms: ""Detects first-person self-references related to actions or states"" hits the key components:    *   ""first-person self-references"": Captures ""I"" and ""Me"".    *   ""related to actions or states"": Captures ""need to say"", ""want"", and implied qualitative descriptions.This explanation is between 3 and 20 words and specific.Final check:- Concise (7 words) - YES.- Phrase, not full sentence - YES.- Captures what neuron detects/predicts - YES, it detects self-references about actions/states.- Finds patterns in lists - YES, based on ""I"", ""Me"", and following text.- Avoids listing all tokens - YES.- Specific - YES.- Avoids forbidden phrases - YES.The explanation is: **Detects first-person self-references related to actions or states**Detects first-person self-references related to actions or states"
150485,other,hope you're having a good start
152814,other,prepare for
156736,other,known for miles
159877,other,saying hello or hi
162372,other,story though
166126,other,anonymity or specific concept definitions
166460,other,first
166728,other,right or wrong assertions
166761,other,possessive pronouns followed by creative output
169699,other,"meaning, which, where, combining"
174164,other,before you
176511,other,also bought
179663,other,**Here are some things I can do:**
180169,other,potential
180428,other,something is needed
180727,other,you have been
183549,other,places and locations
186928,other,pronoun he + verb
187139,other,his/her speech and actions
191662,other,you are not alone
192850,other,state description
201831,other,is tricky or crucial
213570,other,modeldiverse language responses
214532,other,"The `MAX_ACTIVATING_TOKENS` list contains items like `idental`, `reaches`, `""`, `New`, `*`, `,`, `should`, `waiting`, `waiting`.The `TOKENS_AFTER_MAX_ACTIVATING_TOKEN` list contains items like `Use`, ``` ` ``, `A`, `apple`, `Width`, ``` ` ``, `low`, `be`, `for`, `for`.Looking at the `TOP_ACTIVATING_TEXTS`:- ""Labor *with* Incidental Use of Equipment?"" (Not Taxable - it's a service) -> `idental` is part of `incidental`. `Use` follows.- ""You should only use `pacman`. `apt` is not designed for this system."" -> `should` followed by `be` is common, but here it's `should use`.- ""A reaches B and returns..."" -> `reaches` appears.- ""A = c(""apple"", ""banana"", ""apple"", ""cherry"")"" -> `apple` might follow `A`.- ""* New Width"" -> `New` followed by `Width`.- ""// Return high and previous low for zone boundaries"" -> `low` appears.- ""if high == highs"" -> no direct match.- ""* **'its'** should be **'it's'**"" -> `should` followed by `be`.- ""mutex1.lock # Blocks, waiting for thread1 to release"" -> `waiting` appears.- ""and is waiting for a lock on resource Y."" -> `waiting` appears.The `TOP_POSITIVE_LOGITS` show words like `ഒ` (Tamil), `בני` (Hebrew), `amot` (Hebrew?), `FURTHER`, `ifference` (difference), `robbed`, `मानने` (Hindi), `Fordham`, `नाहीत` (Marathi), `ڑے` (Urdu). These seem highly diverse and unhelpful for finding a simple phrase about common patterns.Let's focus on the sequences we can form from `MAX_ACTIVATING_TOKENS` and `TOKENS_AFTER_MAX_ACTIVATING_TOKEN`:- `idental` -> `Use` (suggests ""incidental use"")- `New` -> `Width` (suggests ""New Width"")- `should` -> `be` (suggests ""should be"") or `use` (from text ""should only use"")- `waiting` -> `for` (suggests ""waiting for"")The pattern seems to be about specific continuations after certain words or fragments.- ""incidental use""- ""New Width""- ""should be"" / ""should use""- ""waiting for""These are phrases that often describe calculations, conditions, or states.""incidental use"" relates to classification of services/tax.""New Width"" relates to measurements/calculations.""should be"" relates to conditions/rules.""waiting for"" relates to concurrency/process states.The neuron seems to activate when it encounters these kinds of specific continuations, often related to definitions, rules, or processes.Let's try to find a unifying theme.""incidental use""""New Width""""should be""""waiting for""These represent specific contexts or states.Perhaps the neuron detects phrases that define conditions or attributes.Let's re-examine Top Positive Logits: `FURTHER`, `ifference`, `robbed`, `Fordham`.`difference` could relate to calculations or measurements.`Fordham` is a proper noun.The MOST CONSISTENT patterns are:- ""incidental use""- ""New Width""- ""should be""- ""waiting for""These are all common linguistic constructions.The neuron seems to be sensitive to specific functional phrases.Let's try to generalize the idea of specific continuations.""specific phrase completions"" is too meta.""predicting specific continuations"" is also meta.What about the *type* of phrase?""incidental use"" - defines a state/category""New Width"" - defines a parameter/measurement""should be"" - defines a rule/condition""waiting for"" - defines a state/dependencyThe neuron is sensitive to how certain words are completed to form specific meanings related to conditions, states, or definitions.Looking at `MAX_ACTIVATING_TOKENS`: `idental`, `reaches`, `New`, `should`, `waiting`.Commonly followed by: `Use`, `Width`, `be`, `for`.Let's consider the overall context of the `TOP_ACTIVATING_TEXTS`:- Taxable/not taxable (incidental use)- System commands (use pacman)- Math problems (reaches a point, Apple data, New Width calculation)- Code examples (waiting for lock)The neuron seems to detect structured phrases that specify something.""incidental use of equipment""""New Width / Original Width""""should be""""waiting for""Can we capture ""specific phrases""?What about phrases that specify conditions or parameters?Consider the phrase structure:- Noun phrase: `idental Use`, `New Width`- Verb phrase: `should be`, `waiting for`They are all quite specific common phrases.Let's try to describe what these phrases *do*.- `incidental use`: classifies a scenario.- `New Width`: defines a parameter.- `should be`: specifies a requirement or condition.- `waiting for`: defines a process state.The neuron is looking for these types of specific completions that indicate a state, definition, or condition.How to phrase this concisely?""specific word completions"" - too meta.""predicting common phrases"" - too meta.What if it's about identifying states or conditions?""identifying conditions or states""""detecting specific contextual phrases""Let's look at the length constraint (3-20 words).""specific word continuations""""predicting state transitions""""defining conditions or parameters""""identifying specific contextual phrases""Revisiting the `MAX_ACTIVATING_TOKENS` and `TOKENS_AFTER_MAX_ACTIVATING_TOKEN`:`idental` -> `Use``New` -> `Width``should` -> `be``waiting` -> `for`These are continuations that make sense.What if the neuron is about identifying functional sentence parts or common phrasal structures?""common phrasal continuations""""specific phrase predictions""Let's look at the rules again:- ""concise explanation (3 to 20 words)""- ""could be a single word, or phrase, or pattern""- ""about tokens following or preceding certain tokens""- ""words starting with a sequence""- ""avoid simply listing all the tokens""- ""find patterns""- ""just say the pattern itself""- ""do not start with 'This neuron detects/predicts'""- ""do not mention 'tokens' or 'patterns' in your explanation""- ""do not capitalize the first letter unless it is a proper noun""- ""explanation should be specific"""
219115,other,remove item
222341,other,come October / come on / come what may
224635,other,"now, followed by description of status"
226201,other,you would
226929,other,"website, site, app, channel"
228351,other,later or next
232519,other,"so much, too much, so many"
234103,other,how do I get
236511,other,I *can* offer
238461,other,from [location]
241164,other,where X goes
241557,other,appointments as
251720,other,appreciating your role and guidance
252882,other,Lack of
254884,other,look at display viewer
255201,other,everything changes
255208,other,control
257912,other,see the
259059,syntactic,conclusion marker
258384,semantic,"join in, rise up, public outcry"
261178,semantic,strong skills and understanding
261636,semantic,warning signs of conflict
261252,other,loaded with meaning or substance
853,other,
1270,other,
1293,other,
1813,other,
1959,other,
3416,other,
4067,other,
4505,other,
5154,other,
5316,other,
6506,other,
6615,other,
6736,other,
7239,other,
7728,other,
7765,other,
7888,other,
9311,other,
9396,other,
9865,other,
10406,other,
13035,other,
13984,other,
14904,other,
15068,other,
16649,other,
16716,other,
16725,other,
17946,other,
17967,other,
18555,other,
18660,other,
19899,other,
20847,other,
22012,other,
22572,other,
25537,other,
25882,other,
27139,other,
27391,other,
29693,other,
30935,other,
31048,other,
31794,other,
32108,other,
32294,other,
32508,other,
33159,other,
34199,other,
35627,other,
37670,other,
38635,other,
38717,other,
39005,other,
39377,other,
39655,other,
40125,other,
40361,other,
40657,other,
40665,other,
40849,other,
45907,other,
46199,other,
47081,other,
47732,other,
49542,other,
49672,other,
51587,other,
51817,other,
51991,other,
53343,other,
53566,other,
54644,other,
56454,other,
56965,other,
57129,other,
58172,other,
59744,other,
64629,other,
66559,other,
67669,other,
69201,other,
69393,other,
70256,other,
70276,other,
70588,other,
70789,other,
72579,other,
72923,other,
75169,other,
75352,other,
76583,other,
77405,other,
78600,other,
81593,other,
82761,other,
82822,other,
83001,other,
83557,other,
83560,other,
85725,other,
85892,other,
86214,other,
86528,other,
86722,other,
86939,other,
87864,other,
88597,other,
90090,other,
90452,other,
90462,other,
91660,other,
92116,other,
92354,other,
92640,other,
95484,other,
96065,other,
96180,other,
98206,other,
98604,other,
99086,other,
99127,other,
99164,other,
100581,other,
100611,other,
100792,other,
103475,other,
103507,other,
104858,other,
107004,other,
107404,other,
107935,other,
108069,other,
109672,other,
117213,other,
119420,other,
121247,other,
121687,other,
123802,other,
125445,other,
125718,other,
125787,other,
126830,other,
127532,other,
127963,other,
127998,other,
132032,other,
132361,other,
138173,other,
138659,other,
141049,other,
141402,other,
144940,other,
146592,other,
147688,other,
147702,other,
149294,other,
150687,other,
151656,other,
155656,other,
156589,other,
157197,other,
159306,other,
159969,other,
162012,other,
164469,other,
164894,other,
165147,other,
165583,other,
166173,other,
167246,other,
167632,other,
171332,other,
172662,other,
175854,other,
178290,other,
180813,other,
181712,other,
183925,other,
185747,other,
186525,other,
186712,other,
187383,other,
188365,other,
189185,other,
190560,other,
190666,other,
191732,other,
192343,other,
196563,other,
197044,other,
198904,other,
203577,other,
203830,other,
205292,other,
209494,other,
211653,other,
214159,other,
215776,other,
225508,other,
225619,other,
234433,other,
237650,other,
247531,other,
248756,other,
252341,other,
252663,other,
257045,other,
257360,other,
258223,other,
259636,other,
260857,other,
261173,other,
470,syntactic,main function
688,syntactic,list items or numbering
985,syntactic,which of the following
1448,syntactic,these followed by explanatory phrases
1624,syntactic,first occurrence
1667,syntactic,Here's a table summarizing
1827,syntactic,<start_of_turn>user
1964,syntactic,typescript interface definitions
2109,syntactic,again
3196,syntactic,discourse connectors
3600,syntactic,"accordance, part, pursuant"
3650,syntactic,making text more concise
4783,syntactic,preposition by
4888,syntactic,numbers and quantities
5782,syntactic,pipe symbol or `||` operator
6096,syntactic,intention of program or code
6288,syntactic,for loop construction
6473,syntactic,also
6603,syntactic,tell me about
6929,syntactic,not just about
6994,syntactic,"programming language keywords, libraries, or modules"
7451,syntactic,end of sentence punctuation
7823,syntactic,We can discuss
8348,syntactic,"code, json, or list delimiters"
8564,syntactic,since until
8570,syntactic,keywords for programming contexts
8609,syntactic,question starters
8736,syntactic,code delimiters and programming keywords
9064,syntactic,date and time separators
9558,syntactic,explains code or sets context
9608,syntactic,study sections
10054,syntactic,down to
10240,syntactic,code blocks with commands
10348,syntactic,code creation actions
10434,syntactic,run and install
10481,syntactic,offering help or information
10502,syntactic,task completion instructions
10553,syntactic,http://
10647,syntactic,1. Introduction
10690,syntactic,error messages
10830,syntactic,});});
10852,syntactic,list of types
10880,syntactic,section headers or descriptions
11472,syntactic,j or J
11702,syntactic,python code snippets
11770,syntactic,five actions
12093,syntactic,HTML tags and structure
12195,syntactic,condition / wear
12198,syntactic,formulas and equations with variables
13382,syntactic,"command line arguments (args, argv)"
13521,syntactic,possessive pronoun followed by possession
13604,syntactic,technical programming and web terms
13725,syntactic,conditional statements and directives
13784,syntactic,Change Presentation
14019,syntactic,right/left directional indicators
14248,syntactic,url/link
14340,syntactic,"inner, outer, rings, radial, diameter"
15155,syntactic,available to
15402,syntactic,calculations and remaining amounts
15508,syntactic,verb agreement rules
16324,syntactic,constructor with radius and target value
16348,syntactic,while or await keywords
16361,syntactic,"""is"" followed by ""a"" or ""an"""
16456,syntactic,Disclaimer
16850,syntactic,Explanations and lists
16932,syntactic,Julia code
16990,syntactic,"renewal, notwithstanding"
17007,syntactic,numbers
17259,syntactic,non Traditional inverse
17410,syntactic,numbers and memory words
17586,syntactic,"describing follows ""Below"""
17846,syntactic,chapter headings followed by numbered lists
18051,syntactic,paste code or content
18258,syntactic,calculation assumes
19349,syntactic,logging configurations
19780,syntactic,has become / have become
20129,syntactic,printf function calls
20203,syntactic,"warning, disclaimer, topic"
20792,syntactic,both
20871,syntactic,or other options
22750,syntactic,coordinates for bounding boxes
23119,syntactic,"followed by ""where"" or parenthesis"
24263,syntactic,database connection urls and configuration
24371,syntactic,both and plurals
24513,syntactic,string manipulation and types
24929,syntactic,end of examples
25019,syntactic,"greatest, oldest, most"
25294,syntactic,operations and evaluation
25400,syntactic,random number generation
25438,syntactic,analog pin read transistor resistor
25552,syntactic,code keywords and programming constructs
25942,syntactic,can
26976,syntactic,uppercase Z sounds
27997,syntactic,```import```
8,semantic,Office Executive
536,semantic,altogether costs
805,semantic,feline eccentricity
993,semantic,geography and climate
1127,semantic,piano or guitar
1422,semantic,supervising or directing others
1843,semantic,intervals and frequencies
1885,semantic,"unsplash, pexels, stock images"
2554,semantic,risk or investment
2737,semantic,"dental issues, gums, teeth, and mouth health"
3224,semantic,spherical volume and surface area
4040,semantic,speed and distance measurements
4137,semantic,Bachelor's degree
4581,semantic,real-time systems and applications
5459,semantic,American contexts
5660,semantic,incentivize or encourage pricing or benefits
5825,semantic,web launch
6290,semantic,digital products
6569,semantic,late 2023/early 2024
6663,semantic,volume and issue numbers often followed by ')'
7685,semantic,"Wat, Grand Palace, Floating Market"
8470,semantic,emergency leave
8623,semantic,breath and breathing
8674,semantic,"epistemology, epicaricacy, etus, epithelial"
8830,semantic,stimulants and supplements
8938,semantic,contamination and touching
9038,semantic,moderate-intensity or vigorous-intensity aerobic exercise
9583,semantic,mammals and human traits
9729,semantic,alcohol consumption and moderation
10563,semantic,pizza order delivery
10578,semantic,origin or beginning
10905,semantic,"Kingdom of God, plan, Gospel"
10991,semantic,gender and race bias
11191,semantic,percentage of
11312,semantic,sqlalchemy create_all engine
11421,semantic,first few days
11437,semantic,rays and beams of light
11655,semantic,audio sampling rate and processing
11834,semantic,NASDAQ links
12106,semantic,certification or qualifications
12707,semantic,university research programs
12823,semantic,school admissions and enrollment
12984,semantic,duffer bag
13124,semantic,Grey Fifty Shades of Management
13181,semantic,seeking a challenging role
13746,semantic,idiomatic expressions
14217,semantic,"initial stages, growth, and change"
14384,semantic,automated precision manufacturing
14894,semantic,walkable city areas
15054,semantic,prime minister or president of
15228,semantic,on a production line
15267,semantic,Practical books or learning materials
15276,semantic,study plan schedule
15284,semantic,biological functions and activities
15768,semantic,list
16865,semantic,shakespearean style or language
17222,semantic,pub fare
17241,semantic,seasonal weather advice
17346,semantic,smoking and its effects
17356,semantic,abbreviations and their meanings
19129,semantic,betting on races
19276,semantic,potential energy
19689,semantic,wise sayings and proverbs
19702,semantic,breathing exercises
20625,semantic,Unix-like operating systems and Apple hardware
21311,semantic,disease devastation
21350,semantic,"savings, high, minimum, transfers"
21450,semantic,job titles or roles
21534,semantic,creating software and algorithms
22206,semantic,pricing models or rates
22596,semantic,email to
22676,semantic,economic growth and stability
22708,semantic,Japanese and Korean locations
24557,semantic,forests and trees
24701,semantic,"exponential growth, journey, Legacy"
25445,semantic,pun and puns
26235,semantic,avoiding obstacles and attacks
26874,semantic,distribution channels
579,other,indicates importance or quality
1279,other,"chào bạn, x, building, xẩm"
1917,other,model response preparation
1931,other,popular
2839,other,"secure enough, need to"
3367,other,technical and linguistic descriptions
4801,other,"information, amounts, or schedules"
5037,other,"try, managed, or relief"
6184,other,scheduling dates and times
7642,other,key
8548,other,"processing, disorders, assets, walls, technique"
8693,other,Gemma team at Google DeepMind
9953,other,units of measurement and currency
10775,other,most complex or largest or smallest
10894,other,local treatment
13168,other,face-to-face interactions
15062,other,current state or today
15811,other,doing a lot
16152,other,just recently
18229,other,goes wrong
18316,other,black holes or mantle
18322,other,"bodies, skeletons, strength, vision"
18719,other,"correct, set, 1, 0, *, words, client, public"
18852,other,schedule test drive
19221,other,future outcomes
22983,other,pretending to be the model
24530,other,nothing or blank
26188,other,key player
28058,syntactic,code/object identifiers
29789,syntactic,( and programming syntax
31746,syntactic,list item keywords
33123,syntactic,currency pairs and file paths
35177,syntactic,grid row number
36234,syntactic,revision number and letter
37207,syntactic,go package main
37827,syntactic,res)
38325,syntactic,URLs and titles
38605,syntactic,respectively
40422,syntactic,text classification label
41208,syntactic,URLs and punctuation or specific words like apple
41328,syntactic,checks if
41393,syntactic,quote or spoken word
44607,syntactic,python function definitions
45740,syntactic,knows how to do something / something is known
46705,syntactic,`implements`
48403,syntactic,dis- prefixes forming negative words
48554,syntactic,"contrast words (however, but)"
49703,syntactic,list item following number
50422,syntactic,example scenarios
51777,syntactic,looping through DataFrame rows
52371,syntactic,mathematical operators and functions
52459,syntactic,"saying ""that"""
52605,syntactic,code class names
57289,syntactic,"-ity, -ology, -ism, -ic, -al endings"
58470,syntactic,"found those, Did that, Loved this"
58522,syntactic,that
59440,syntactic,numbers in code
60606,syntactic,following sentence starts with you
63033,syntactic,code delimiters and syntax
63129,syntactic,$_POST and $_SESSION
63708,syntactic,* list items
64063,syntactic,clarifying parenthetical phrases (i.e. ... )
64386,syntactic,doing something until
70710,syntactic,code punctuation
70850,syntactic,SQL tables
74836,syntactic,code comments and declarations from various languages
74958,syntactic,"build, start, find, go, get"
77776,syntactic,meaning I
78271,syntactic,attributed to
80864,syntactic,the correct answer is
81402,syntactic,code and technical documentation
83186,syntactic,true or false
84766,syntactic,definitions and descriptions
85744,syntactic,II
87354,syntactic,x^ followed by exponents
87455,syntactic,craft a
90429,syntactic,"object id, index, log"
90985,syntactic,multi-step reasoning
93891,syntactic,code punctuation
93966,syntactic,mathematical expressions and calculus
28248,semantic,"book, texts, and academic works"
29112,semantic,hereinafter definitions
29236,semantic,online resources
29291,semantic,"Gigajoules, Gigabyte, GigabitEthernet"
30175,semantic,clinical studies and data
30539,semantic,"F. Scott Fitzgerald, The Great Gatsby"
33817,semantic,degree in field from university
33916,semantic,covid vaccine immunization
33967,semantic,dependency injection with Hilt and ExoPlayer
34198,semantic,sorted arrays
34209,semantic,"weight, height, and BMI calculation"
34251,semantic,buying shares
35039,semantic,"history, theorem, law, society, influence"
35375,semantic,"respiratory, renal, saturation, effusion"
36922,semantic,"she, he followed by states or actions"
37072,semantic,funding and aid
37404,semantic,German surnames and company names
37935,semantic,understanding and predicting
38508,semantic,career advancement and skill building
38538,semantic,historical context
40185,semantic,vector and direction
41832,semantic,winning races or wars
42064,semantic,measured values
42624,semantic,specializations concentrations master's
43850,semantic,joke setup or interjection
44038,semantic,collective nouns and concepts
46134,semantic,step or steps
46138,semantic,food and treats
46220,semantic,dark matter and protein
47054,semantic,Taliban and Afghanistan
47082,semantic,"muscle tension, spasm, fatigue, tone"
47250,semantic,"seeds, powder, measured"
47402,semantic,Tesla stock and production figures
47523,semantic,family and royalty relationships
47549,semantic,historical museum sights
47599,semantic,cherry and plum fruits
48225,semantic,retention and archiving policies
48974,semantic,"nutrients, food, meat"
50594,semantic,punish economy or opponents
50603,semantic,"years ago, anniversary of"
51076,semantic,companies and brands
52042,semantic,Sri Lanka
52244,semantic,adjusted for inflation
52311,semantic,mathematical operations
52942,semantic,time units
53615,semantic,relationship with person or age
53616,semantic,refute or prove hypotheses
54397,semantic,card ranks and suits
55375,semantic,into sugars and glucose
57590,semantic,measuring utility and ROI
57733,semantic,machine learning
57920,semantic,Best Buy
59256,semantic,"weakness, vulnerability, and passivity"
59931,semantic,initial cost or investment
60223,semantic,questions about budget
61453,semantic,prime minister or president names
62226,semantic,"both, either, two options"
63424,semantic,place names
63831,semantic,GPT-4 OpenAI
63854,semantic,player durability stability
65025,semantic,"common issue, question, point, myth"
65380,semantic,describing the population
66062,semantic,capacity and quantity
67757,semantic,"philosophers like Sartre, Camus, Kierkegaard"
67911,semantic,arithmetic calculations
68727,semantic,"body movements, actions"
69138,semantic,university names and affiliations
70255,semantic,avoid cross-contamination or isolation
70454,semantic,building and repairing tissues
70700,semantic,rewards for investment
71932,semantic,"Google Ads, Rainbow Taxi, NBA, country, fund"
72001,semantic,electric field
76203,semantic,intellectual and academic pursuits
81763,semantic,"topping off, reinforcing, filling, rebuilding, reviving"
83436,semantic,denazify\-ification
85372,semantic,geographic regions and locations
85844,semantic,what you eat and put
87112,semantic,"affluent, possessions, left, year, install"
88491,semantic,multiple languages
89274,semantic,"IMF, World Bank, economic forecasts, growth, lowered"
90800,semantic,travel documents and destinations
91074,semantic,sophisticated tool or rule-based chatbot
92124,semantic,insulin and its function
92608,semantic,pageant
93748,semantic,enjoyment and pleasure
93881,semantic,time durations
94690,semantic,"diplomas, graduation, speeches"
94972,semantic,"sin, guilt, reactivity"
29541,semantic,settings to portfolio information personal network
31468,semantic,publishing information
38185,semantic,ordered item counts
46803,semantic,"everybody, all"
53017,semantic,Commonwealth University
59638,semantic,experiment with
61608,semantic,start small changes
71587,semantic,programming keywords
76790,semantic,"urls, file paths, code snippets"
29571,other,purpose of concepts
30816,other,contact me at
30584,other,I/she/he wanted/got/could/recall/felt/see/found
31444,other,decisions related
35660,other,solve for variables
35663,other,if you
37117,other,time patterns
37267,other,larger than
39515,other,native speaker review
44530,other,information about
45966,other,hardly never
46525,other,want me to elaborate
46527,other,the idea of 'of'
46838,other,complete a sentence or phrase
53485,other,"all of us, you, those, involved"
54431,other,data cleaning and transformation
58673,other,"is offset, then sent, then written"
59692,other,"*   This list contains words from various languages and general terms. It doesn't immediately show a clear cohesive *topic* pattern, but some words relate to requirements, appearance, or actions.4.   **TOP_ACTIVATING_TEXTS**:    *   ""She doesn't **wear** jewelry.""    *   ""She doesn’t **wear** a lot of makeup...""    *   ""She doesn’t **wear** a lot of makeup..."""
65753,other,wouldn't have been possible
69317,other,decimal division results
69550,other,pronouns followed by verbs
70036,other,actions and processes
72127,other,"however, the, company"
73028,other,AI: or assistant:
73063,other,past tense verbs
73740,other,attribute or property
75149,other,vibe check
75896,other,the concept questions
88723,other,no specific links
92981,other,open weights
93041,other,"car, pants, step, reaction, money, person, ship, scenario, race"
93720,other,most of
95373,other,isolate
99326,syntactic,in the `linear`
101592,syntactic,Group of answer choices
102435,syntactic,type checking
102465,syntactic,print followed by ( or file or if
104087,syntactic,Python `__main__` context
110086,syntactic,question marks and dashes
111701,syntactic,bg-
113233,syntactic,recent research suggests
113257,syntactic,end of code snippets
117423,syntactic,`a` followed by punctuation
119403,syntactic,specifying quantity
122967,syntactic,elif conditions
125653,syntactic,"questions labeled ""1"""
125646,syntactic,in [location]
127943,syntactic,approach is to
135314,syntactic,see following details
135841,syntactic,lists and numbers
136659,syntactic,admitting when you don't know
139435,syntactic,code block delimiters
140023,syntactic,"**Starts after structured items (e.g., Item, Request)**"
143176,syntactic,commas followed by clauses
150213,syntactic,"The ""the"" followed by a capitalized word"
153349,syntactic,"even mild, if, after"
154390,syntactic,inspecting and explaining steps
155650,syntactic,lists and specific contexts
157762,syntactic,configuration commands begin
158635,syntactic,following a list
162082,syntactic,linking item labels to depictions
166909,syntactic,2
172761,syntactic,]
172767,syntactic,code snippets
174038,syntactic,options or numbered lists
174847,syntactic,please
179966,syntactic,"formatting symbols, lists, and code"
181156,syntactic,swift code blocks
184601,syntactic,cutoff point
188627,syntactic,"adjective order, list items"
188934,syntactic,""" I"""
200180,syntactic,end of sentence or list item
204037,syntactic,style of or boundaries of
210677,syntactic,"code constructs like parentheses, keywords, assignment"
214588,syntactic,things like
226456,syntactic,SQL LIMIT clause
229174,syntactic,fill=
229876,syntactic,recent information on times and counts
232299,syntactic,numbers followed by operators or symbols
232692,syntactic,have been / have something
235092,syntactic,environment features followed by 'of'
238619,syntactic,login fields or form options
239259,syntactic,counting numbers and quantities
248559,syntactic,"""first,"" in instructions"
249635,syntactic,false or incorrect
249959,syntactic,function definition start
252462,syntactic,each of all possible
252962,syntactic,emoji and descriptive text
254716,syntactic,powered by
258260,syntactic,will proceed
96593,semantic,heart disease
98215,semantic,eyes like color
98286,semantic,pain radiating
98541,semantic,per month earnings
100431,semantic,specific technical terms
101883,semantic,receiving or offering objects
102302,semantic,associations and organizations
103964,semantic,orient and its derivatives
104438,semantic,"complex topic, request, area, or document"
105344,semantic,impact of
107049,semantic,"state, legislature, or governmental departments"
107532,semantic,"exploitation, abuse, endangerment"
108914,semantic,resource usage and performance
109369,semantic,job responsibilities and duties
110518,semantic,vaccine boosters
110689,semantic,"celebrating years, months, or seasons"
112314,semantic,concept paper
114414,semantic,"money, prize, reward"
115990,semantic,count words
116153,semantic,warm water
117928,semantic,your biggest struggles
118215,semantic,animal names
118523,semantic,wealth and riches
118986,semantic,time periods
122429,semantic,currency and numbers
123763,semantic,obtaining or connecting data/information
124970,semantic,"apology, error, mistake"
125118,semantic,HTTP GET routes
127086,semantic,"diagrams, * modelling"
127174,semantic,all birds
127707,semantic,1930s and 1940s
128767,semantic,finding comparable properties and offers
135695,semantic,"Gyeongchung-daero, 101 North, roads"
138237,semantic,paid with change
141490,semantic,bathroom fixtures
141798,semantic,colors
141919,semantic,warrant or guarantee
142888,semantic,preliminary steps
144865,semantic,age of Earth meteorites
144941,semantic,locations and structures
145784,semantic,With followed by descriptive phrases
146021,semantic,recent times and cases
151115,semantic,damage Amount
151875,semantic,"physical actions: walking, climbing, moving, lifting, carrying"
153978,semantic,ultimate reality / principal deity
156674,semantic,degree completion
157601,semantic,"учитывать, рассматривать"
157908,semantic,"long, longer, length"
159302,semantic,processes and technologies
159689,semantic,song structure
162654,semantic,"performed, voiced, held, garnered, won"
164282,semantic,most popular or common
169047,semantic,temperature and comfort control
171594,semantic,months and days
172781,semantic,country names
173025,semantic,retrieval or success rates
178209,semantic,all over the world
181354,semantic,danger or injury
185988,semantic,dietary components
187200,semantic,combinations and permutations
188766,semantic,temperature and seasons
197754,semantic,actor names
197912,semantic,anthropology
198727,semantic,building things
201767,semantic,"resources like computer, tools, internet"
206003,semantic,economic uncertainty and risks
208765,semantic,Teflon and PTFE
210444,semantic,coastal views
221669,semantic,delivery pickup location and time
223016,semantic,track record of
223151,semantic,credit card fraud
224228,semantic,"tech, they, dealership, Honda actions"
227135,semantic,gaming regulators and certifications
227443,semantic,rabbits and chickens
232387,semantic,leaves fall or lose
235210,semantic,medical emergencies
236567,semantic,accelerating or stopping processes
237022,semantic,quality descriptors
237562,semantic,"protecting, shielding, blocking, covering"
241983,semantic,game board layout
242757,semantic,glial cells
251743,semantic,live dealer games and chat
251964,semantic,Tchaikovsky
252147,semantic,kidney function and protein metabolism
257551,semantic,written and verbal communication
258203,semantic,financial magnates and historical entities
260689,semantic,event details
100676,other,you’re
106680,other,subjective complex concepts and processes
108359,other,could be
108555,other,more options or further refinement
110211,other,what to do
116977,other,citations and names
124629,other,"dependency, diversity, preservation, creation, well-being"
127246,other,not production-ready or lacks features
157677,other,numbers and punctuation
157710,other,awkward phrasing detection
165550,other,of those
168864,other,client
169439,other,multilingual words or phrases
170249,other,i am an ai
181765,other,how to do things and next steps
185919,other,"Q values, expected values, subscription heading"
188610,other,in the case of
199870,other,"Potentially, prospective"
204125,other,"laid-back, relaxed"
206477,other,rejection or negation
206504,other,input number sum
208133,other,effect of
214762,other,"ChatGPT, created, series, assistant"
222787,other,welcome back
225955,other,"The prompt provides lists related to a neuron's activation. I need to find a concise (3-20 words) explanation of what this neuron detects or predicts, looking for patterns.Here's the breakdown of the provided lists and my reasoning process:1.  **MAX_ACTIVATING_TOKENS**: This list contains the word ""of"" repeatedly, both lowercase and uppercase. This strongly suggests the neuron is activated by the word ""of"".2.  **TOKENS_AFTER_MAX_ACTIVATING_TOKEN**: This list shows that ""of"" is often followed by ""the"", and occasionally by ""these"". The dominant pattern is ""of the"".3.  **TOP_POSITIVE_LOGITS**: This list contains words like ""struggle"", ""enjoying"", ""disfrut"", ""боро"" (Russian for struggle/fight). There are also foreign language fragments and symbols. This list is quite varied and doesn't immediately present a clear, simple theme that directly links to ""of the"".4.  **TOP_ACTIVATING_TEXTS**: These texts are all prompts for classifying text into categories. They consistently follow a structure like:    *   ""Classify the following task into one of the following topics: ...""    *   ""Classify the following text as one of the following categories: ...""    *   ""Please classify the following text as one of the indicated categories. category: ...""    *   ""Please classify the text as one of the categories and answer by using only the category name. Category: ...""    *   ""Classify the sentences prompted to you into one of the following commands: ...""    *   ""Classify the following input text into one of the following three categories: ...""    Crucially, the phrase ""one of the"" appears very frequently across these activating texts, especially in contexts leading to a list of options. For example, ""one of the following topics"", ""one of the following categories"", ""one of the indicated categories"".The neuron detects the phrase ""of the"""
239924,other,languages and lists
240174,other,ranked among top
240410,other,"rases starting with ""R"""
242014,other,money from
246571,other,in years young
251569,other,actual correct values
261606,other,"all levels, options, methods, recipes, portfolios"
101050,other,includes protecting
104822,other,code snippets and foreign language
106808,other,generate code or description
181150,other,specific words or phrases
232844,other,various content types
237065,other,suspicious person or criminal act
248487,other,all x are y
251,other,
447,other,
789,other,
1055,other,
1562,other,
1716,other,
1949,other,
3111,other,
3957,other,
3968,other,
4104,other,
4279,other,
4460,other,
4594,other,
4613,other,
7165,other,
7636,other,
8141,other,
8767,other,
10909,other,
11285,other,
11376,other,
11872,other,
12082,other,
13424,other,
13524,other,
13820,other,
14051,other,
14139,other,
14311,other,
14338,other,
14442,other,
14983,other,
15250,other,
15537,other,
15540,other,
15836,other,
16069,other,
16381,other,
16502,other,
16572,other,
17590,other,
17983,other,
18064,other,
18080,other,
18631,other,
19120,other,
19262,other,
19478,other,
19500,other,
19619,other,
20026,other,
20592,other,
20727,other,
21025,other,
22484,other,
22654,other,
23072,other,
23162,other,
23836,other,
23951,other,
24211,other,
24484,other,
24494,other,
25632,other,
26184,other,
26236,other,
26304,other,
26355,other,
26535,other,
27836,other,
27999,other,
28741,other,
29432,other,
30195,other,
30789,other,
31292,other,
31576,other,
31805,other,
32949,other,
33717,other,
34392,other,
34455,other,
34690,other,
34698,other,
35333,other,
35764,other,
36194,other,
36357,other,
36610,other,
36756,other,
36949,other,
38023,other,
38573,other,
39529,other,
39848,other,
41000,other,
41057,other,
41147,other,
41970,other,
42079,other,
42132,other,
42741,other,
42845,other,
42924,other,
43212,other,
43673,other,
43676,other,
44265,other,
44450,other,
44908,other,
46373,other,
47195,other,
47294,other,
47743,other,
48438,other,
48545,other,
50168,other,
50205,other,
50810,other,
51586,other,
51726,other,
54509,other,
54651,other,
54757,other,
54981,other,
56199,other,
57596,other,
57938,other,
58795,other,
58988,other,
59303,other,
61056,other,
62381,other,
64013,other,
64679,other,
64837,other,
65146,other,
65377,other,
65699,other,
66464,other,
66620,other,
67069,other,
67249,other,
68335,other,
69432,other,
69607,other,
69609,other,
70405,other,
70640,other,
70897,other,
71329,other,
72575,other,
74600,other,
74865,other,
74943,other,
75423,other,
76107,other,
76425,other,
76609,other,
76762,other,
76979,other,
77506,other,
77634,other,
77947,other,
78823,other,
82746,other,
83996,other,
84577,other,
84856,other,
86285,other,
86445,other,
86541,other,
87308,other,
88783,other,
91499,other,
92851,other,
92925,other,
95626,other,
96957,other,
97070,other,
98274,other,
98945,other,
99340,other,
100079,other,
100218,other,
100583,other,
101092,other,
101217,other,
101715,other,
102082,other,
103133,other,
104531,other,
105399,other,
105904,other,
106042,other,
106112,other,
107425,other,
107587,other,
108865,other,
109407,other,
109738,other,
110856,other,
111085,other,
111869,other,
112077,other,
113295,other,
114406,other,
114996,other,
115010,other,
115485,other,
116889,other,
117007,other,
117569,other,
117997,other,
119769,other,
119774,other,
120272,other,
121524,other,
122081,other,
122977,other,
123345,other,
124782,other,
127490,other,
130584,other,
130661,other,
132172,other,
132181,other,
132497,other,
132839,other,
134827,other,
135229,other,
135388,other,
137413,other,
141368,other,
144441,other,
145347,other,
145480,other,
146157,other,
146327,other,
147539,other,
147936,other,
149031,other,
149351,other,
149746,other,
150259,other,
153336,other,
154894,other,
155999,other,
156253,other,
156655,other,
158751,other,
160397,other,
162310,other,
163167,other,
165066,other,
165199,other,
166288,other,
166712,other,
167269,other,
168979,other,
169035,other,
171167,other,
171349,other,
174069,other,
177269,other,
178460,other,
180117,other,
180173,other,
180608,other,
180701,other,
180939,other,
181956,other,
182942,other,
183073,other,
183211,other,
183300,other,
183948,other,
184469,other,
184918,other,
185114,other,
185125,other,
185368,other,
185472,other,
186718,other,
187317,other,
190524,other,
191857,other,
195164,other,
195962,other,
198214,other,
198217,other,
201850,other,
203347,other,
203884,other,
204952,other,
205282,other,
209893,other,
209925,other,
209969,other,
215525,other,
217081,other,
217725,other,
218217,other,
219541,other,
219542,other,
221060,other,
221530,other,
223508,other,
224081,other,
224733,other,
226673,other,
229078,other,
229478,other,
229680,other,
230992,other,
231935,other,
232266,other,
232672,other,
233648,other,
233708,other,
233899,other,
235673,other,
235851,other,
239804,other,
240610,other,
243519,other,
244576,other,
244931,other,
248136,other,
248241,other,
252221,other,
253505,other,
254447,other,
254934,other,
255271,other,
256397,other,
257547,other,
258169,other,
258218,other,
258595,other,
260982,other,
261024,other,
261354,other,
261870,other,
207,syntactic,"""for example"" followed by alternatives"
401,syntactic,verb conjugations and subsequent words
783,syntactic,youtube links
918,syntactic,code block markers
1014,syntactic,while or as conjunction
1064,syntactic,URLs and web addresses
1097,syntactic,question followed by colon
1465,syntactic,closing parentheses or periods
1628,syntactic,why is X
1634,syntactic,Given the following
1694,syntactic,"semantic, SE, seeds, sed"
1708,syntactic,abstracts
1731,syntactic,±
2099,syntactic,similar to
2174,syntactic,sorry or siento
2245,syntactic,why followed by questions
2457,syntactic,text spans
2601,syntactic,**Here's a breakdown**
3147,syntactic,**and**
3149,syntactic,numbers and punctuation
3666,syntactic,"answers after ""answer"""
3949,syntactic,Let me know if you
3950,syntactic,javascript require statements
4619,syntactic,method definition `forward`
5327,syntactic,import statement keywords
5532,syntactic,definition or explanation of purpose
5728,syntactic,abbreviations or acronyms
6237,syntactic,programming keywords and identifiers
6343,syntactic,these demonstrative pronouns preceding descriptive phrases
6349,syntactic,code and programming expressions
7048,syntactic,format
7508,syntactic,router and module imports
7569,syntactic,pre-
7598,syntactic,"big, major, crucial, key"
8064,syntactic,breakdown of what
8423,syntactic,special character followed by specific words
8608,syntactic,sequential numbers and lists
8617,syntactic,main method arguments
9008,syntactic,`FROM` table names
9786,syntactic,"[category, Example, JSON]"
10026,syntactic,quantities or ordinals
10033,syntactic,"widespread, either, or, maybe"
10273,syntactic,C++ standard library types and syntax
10518,syntactic,"CustomerID, location, Players"
10825,syntactic,json dictionary structures
11362,syntactic,numbers preceded by `#` or `state`
11442,syntactic,if you
11443,syntactic,if you're
11956,syntactic,This is a
12086,syntactic,numbers and mathematical operations
12114,syntactic,comma separated values
12242,syntactic,import React
12654,syntactic,mathematical expressions and code
13583,syntactic,GET requests and methods
13645,syntactic,parsing code arguments
14001,syntactic,user input or function calls
14014,syntactic,"Okay, let's"
14349,syntactic,listicle ideas
14417,syntactic,purpose/reason phrases
14550,syntactic,introducing an article or statement
14566,syntactic,foreign languages and punctuation
14647,syntactic,"order sentences, swap, square root"
14740,syntactic,render html templating
14743,syntactic,translates as
14878,syntactic,non-english characters
15099,syntactic,"""Lorem ipsum"" text generator"
15235,syntactic,without negation
15469,syntactic,This is
15651,syntactic,global or non-global programming context
15761,syntactic,code comments and examples
15786,syntactic,depends on conditions
15932,syntactic,from the
16384,syntactic,most
16449,syntactic,date
16488,syntactic,table definitions and schema elements
16693,syntactic,`url` or `insert` followed by code delimiters
17090,syntactic,abstract nouns and suffixes
17099,syntactic,possessive pronoun followed by entity
17341,syntactic,import statements
17390,syntactic,conjunctions after punctuation
17651,syntactic,"after punctuation, followed by verbs"
17679,syntactic,code blocks and specific programming tokens
17955,syntactic,`//` or `)`
509,semantic,immediate danger
562,semantic,communication skills and empathy
694,semantic,verify directly
1165,semantic,number of periods or years
1229,semantic,academic subjects and fields
1582,semantic,"year, year, centuries"
1773,semantic,crisis support and helplines
2389,semantic,long term duration
2400,semantic,lottery numbers
2538,semantic,delayed gratification and patience
2539,semantic,medical professionals
2882,semantic,requirement
2989,semantic,well-being and safety
3084,semantic,job responsibilities
3462,semantic,getting better or learning new
3895,semantic,rock
3921,semantic,football manager or player titles
4103,semantic,rhythmic pulse or beat
4377,semantic,control flow and management systems
4679,semantic,heart of
4869,semantic,linux kernel and networking configuration
5005,semantic,prepare for interview
5014,semantic,insurance and life expectancy
5096,semantic,move / moved / moving
5138,semantic,strategic planning
5545,semantic,Armada Avenue
5811,semantic,identifying patterns
6045,semantic,AI and machine learning
6259,semantic,type 2 diabetes
6667,semantic,help or resources
7149,semantic,"**Uric Acid, Diabetes, triglycerides, purines**"
7867,semantic,new beginnings
8094,semantic,day or date
8298,semantic,economic conditions and crises
8629,semantic,"Kazakhstan, Central Asia, -stan countries"
9105,semantic,attractions and places
9121,semantic,substituting into equations
9303,semantic,pdf conversion
9653,semantic,understand rules and languages
10008,semantic,energy and substances
10046,semantic,"conspiracy, murder, lowering fuel"
10077,semantic,"Rwanda, Burundi, variable, key, container"
10417,semantic,glare on screens
10586,semantic,Judaism commandments
10691,semantic,anti-inflammatory and antioxidant properties
10712,semantic,Chinese history and culture
10728,semantic,weakness or illness
10758,semantic,call or text
10805,semantic,"AI-driven, AI-powered, AI-based"
10849,semantic,language and linguistic diversity
10933,semantic,using services or products
11284,semantic,currently under reconstruction
11315,semantic,"Author, writer, conclusion"
11449,semantic,"observe, magnitude, looks, away, movement, Sir"
11725,semantic,Khan Academy computing courses
11849,semantic,"java, bash, scripts"
11916,semantic,expecting price rise
11931,semantic,something strange happened
11967,semantic,indicators and indices
12275,semantic,interests and related topics
12360,semantic,National park and related place names
12709,semantic,"nigger, nigga, wave, trifle"
12924,semantic,rounding decimal places
12970,semantic,termination of employment
13003,semantic,"Founder, internal, corresponding"
13095,semantic,**winning contests and competitions**
13115,semantic,unique prime factorization
13283,semantic,Jacob and Israel lineage
13814,semantic,sexual activity and arousal
13920,semantic,words associated with academic articles
14213,semantic,"French words, technical specifications, elections, Friday"
14242,semantic,recalling or remembering
14274,semantic,health and social issues
14379,semantic,mother's health or serious medical conditions
14815,semantic,professional roles and careers
14829,semantic,foster care or adoption
15327,semantic,sexual assault and domestic violence hotlines
15358,semantic,RAINN National Network
15762,semantic,"minecraft, spawn, piston, coordinates"
15780,semantic,parking rates and permits
16420,semantic,Byzantine or Eastern Empire
16429,semantic,emotions and others
16436,semantic,unwanted sexual thoughts or urges
16532,semantic,cities or provinces
16549,semantic,"athlete, sport, training, performance"
16952,semantic,until a condition is met
17040,semantic,collaborate with artists and partners
17139,semantic,harsh or ruthless
17156,semantic,characters and speculation
17162,semantic,historical texts and periods
17867,semantic,business and professional contexts
18128,semantic,whether an investment is good
18217,semantic,deals and discounts
18411,semantic,service and amenities
18461,semantic,high positions in government
3983,semantic,"handshake, standing, apple"
5893,semantic,mathematical and conditional expressions
1482,other,song titles
3811,other,email subject lines
16343,other,"hemoglobin, pressure"
18050,other,comparison words
5255,other,tone and style questions
490,other,enter your
5276,other,whole or all
6049,other,share and social sharing
7212,other,doesn't
7907,other,"sol, Sol, SOL"
13083,other,you know
13223,other,best of luck
13233,other,to do this
14289,other,use or purpose
14364,other,"my opinion, thoughts, and beliefs"
15018,other,"idea, conceive, envision"
15417,other,disagrees or contradicts
17143,other,UI actions and commands
5918,other,model question
19346,syntactic,translate to Chinese
19514,syntactic,Save the code
19533,syntactic,possessive pronouns followed by nouns
20063,syntactic,"The neuron is likely activated by phrases related to locations, work setups, or organizational structures, especially when these follow common prepositions or conjunctions.**Analysis:**1.  **MAX_ACTIVATING_TOKENS:** `for`, `in`, `of`, `Log`, `center`, `or`    *   These are mostly prepositions (`for`, `in`, `of`), a conjunction (`or`), and words like `Log` and `center`. `Log` could refer to ""login"", ""logistics"", or even ""log book"". `center` is straightforward.2.  **TOKENS_AFTER_MAX_ACTIVATING_TOKEN:** `home`, `site`, `cost`, `location`, `ística`, `technology`, `at`, `much`    *   `home` is often followed by ""office"" (`home office`) or similar.    *   `site` could be ""off-site"" or ""on-site"".    *   `cost` appears with phrases like ""cost of living"".    *   `location` is a direct match to what the neuron might be looking for.    *   `ística` is a Spanish suffix for nouns (e.g., `logística`, `tecnología`).    *   `technology` is also a clear theme.    *   `at` is a preposition often used with locations or specific places.    *   `much` is an adverb of quantity.3.  **TOP_POSITIVE_LOGITS:** `hôtel`, `oficina`, `ordenador`, `interactive`, `hybr`, `oficina`, `hybr`, `officina`, `ciudades`    *   This list provides strong clues:        *   `hôtel` (hotel)        *   `oficina` (office) - appears twice        *   `ordenador` (computer - Spanish)        *   `interactive`        *   `hybr` (hybrid) - appears twice        *   `officina` (office - Italian)        *   `ciudades` (cities - Spanish)    *   The dominance of ""office"", ""hotel"", and ""hybrid"" suggests a focus on workspaces, places, and new work models.identifies office and hybrid work contexts"
20217,syntactic,post data fields
20324,syntactic,am + pronoun/adjective/noun
20806,syntactic,numbers in urls
20889,syntactic,quantities of currency or time
21156,syntactic,content labels followed by colon
21794,syntactic,print statements
21849,syntactic,list items
21911,syntactic,foreign language characters
22802,syntactic,"version numbers, file paths"
22903,syntactic,code and technical terms
23502,syntactic,possessive + body part
23548,syntactic,years old
23664,syntactic,programming language code
24299,syntactic,URLs ending in ](
24783,syntactic,"followed by ""t"""
24989,syntactic,3m pattern
25194,syntactic,punctuation and symbols
25824,syntactic,code execution states
26018,syntactic,"code identifiers like cv2, string., ptr"
26575,syntactic,return type or separator
26964,syntactic,return statements
26985,syntactic,outline structure
27014,syntactic,it is / it was
27399,syntactic,examples
27410,syntactic,means followed by consequence
27874,syntactic,code delimiters and symbols
28595,syntactic,reporting incidents and data
29104,syntactic,"honestly, frankly"
29303,syntactic,"nearby, around, outside, near, off, adjacent, within"
29766,syntactic,what is a
29858,syntactic,explanation requests
30095,syntactic,for example
30278,syntactic,what followed by verb
30887,syntactic,`:` and `.` in code
31074,syntactic,https:// URLs
31321,syntactic,"**be sure, be dreaming, be departing**"
31399,syntactic,location related words
32588,syntactic,duration or extent
32675,syntactic,what is/was
32742,syntactic,"audio, speech recognition, midi, cv2"
32746,syntactic,time frequencies
32831,syntactic,time and duration
33091,syntactic,break existing
33132,syntactic,popular words and concepts
33775,syntactic,auto= or Auto
34108,syntactic,let me know if you'd like me to
34181,syntactic,pass through
34881,syntactic,whether or not
35098,syntactic,"""Aim to complete"" or ""Aim"""
35274,syntactic,moderate effort number
35864,syntactic,command-line flags and parameters
36129,syntactic,mathematical expressions and equations
36179,syntactic,promotional emojis and phrases
36267,syntactic,don't want
36449,syntactic,give you
36463,syntactic,subject to
36888,syntactic,better than
36983,syntactic,never mind
37186,syntactic,variable declaration n
37457,syntactic,you'll
37470,syntactic,could spend/watch/eat
37591,syntactic,tried to explain
38070,syntactic,code examples
38181,syntactic,window setup geometry
38364,syntactic,code or markup
38547,syntactic,process outcomes and states
39081,syntactic,ation or iance endings
39490,syntactic,""""
39543,syntactic,numerical values or digits
39767,syntactic,"The neuron identifies mathematical expressions and specific coding structures.The explanation should be within 3-20 words.I need to look for a pattern across the lists.`MAX_ACTIVATING_TOKENS`: All entries are '0'. This is peculiar.`TOKENS_AFTER_MAX_ACTIVATING_TOKEN`: '+', '6', '6', '5', '0', '8', '5', '}', '3', '+'`TOP_POSITIVE_LOGITS`: 'eters', 'comprim', 'protected', ' ولو', '总', 'ătate', 'てる', 'ပို', 'ETERS', 'progressivement'`TOP_ACTIVATING_TEXTS`:- ""add the numbers: 162 + 40 + 54 + 133 + 60 + 228 + 162 + 270 + 234 + 21"" - contains numbers and '+'- ""apartment / house / Hotel (select): Answer: AirBnB: Schürrainweg 1, 6062 Wilen, Switzerland"" - contains numbers and slashes.This neuron detects mathematical expressions and codes"
40576,syntactic,complex topic
40686,syntactic,actually [verb/state]
26863,syntactic,give feedback or results
30885,syntactic,states are
32262,syntactic,code structure or programming terms
20984,syntactic,Explaining or commenting
25316,syntactic,fake or resembling legitimate
26040,syntactic,reversing words or sequences
26470,syntactic,"you, we, they, pronouns"
29777,syntactic,code snippets for Android
31018,syntactic,objects and their descriptions
31239,syntactic,plan balances interests adaptable
34158,syntactic,fractional amounts
36272,syntactic,tailor advice to specific situations
18530,semantic,chat support bot
19324,semantic,teacher and teaching profession
19539,semantic,business and economics
20274,semantic,Georgia and George
20346,semantic,mathematical terms and values
20482,semantic,public input and testimony
20513,semantic,Norway fjords and glaciers
20554,semantic,"ibuprofen (Advil, Motrin)"
20576,semantic,"locations, dates, and country codes"
20629,semantic,"harmful content, especially sexual or violent"
20683,semantic,themes
20754,semantic,how thunderstorms form
21661,semantic,arcade game wizard
21821,semantic,currency amounts per year
21935,semantic,dramatically clutching chest
21981,semantic,"diet, health, control"
22137,semantic,judgment day deeds karma
22593,semantic,tilting or perched objects
22943,semantic,services and industry
23097,semantic,parliamentarians
23528,semantic,chair and its associations
23747,semantic,progressive overload over time
23927,semantic,funding and business development
24169,semantic,fines and penalties
24303,semantic,property division rights
24310,semantic,will and Willow trees
24439,semantic,methamphetamine production and dangers
24531,semantic,acronyms and abbreviations
24556,semantic,Indian cities and addresses
25534,semantic,dog breeds
25589,semantic,depth
25788,semantic,product names or features
26260,semantic,few options
26279,semantic,rating scales
26640,semantic,from X to Y
26990,semantic,评价 Chinese cities
27259,semantic,"color, light, skin"
27467,semantic,football and players
27709,semantic,"veins, vessels, rivers"
27849,semantic,medical history imaging devices
28264,semantic,contribute to spread negativity
28618,semantic,personal relationships and family
28975,semantic,asciminib
29004,semantic,market fluctuations
29314,semantic,market movements and crisis
29559,semantic,Gradient Tool
29663,semantic,dropdowns and selections
29790,semantic,sports updates
30056,semantic,sales management and business development
30083,semantic,political party affiliations and changes
30090,semantic,car buying in the UK
30682,semantic,you have
31092,semantic,waking up thirsty
31379,semantic,"starting, continuing, or ready"
32150,semantic,moving towards destination
32670,semantic,cutting through materials
33229,semantic,bring change or improvement
33494,semantic,coordinates of points
33664,semantic,"looking for articles after ""in"""
33768,semantic,family members or specific people
34345,semantic,get rid of / eliminate
35586,semantic,historical materialism
35726,semantic,"Austin, Texas descriptions"
35832,semantic,goals and targets
36689,semantic,common misconception
36760,semantic,foreign language movie titles
36942,semantic,crime and fraud
37012,semantic,foreign words and phrases
37642,semantic,divided into administrative regions
38315,semantic,hope and potential outcomes
38764,semantic,sculpture and artistic mediums
38797,semantic,affect or influence
39379,semantic,shield and defense
39711,semantic,first time
39876,semantic,levels of abstract concepts
40013,semantic,verbal and written communication
40667,semantic,lying down or sitting
18621,other,participate and do your best
19718,other,code and data access
19920,other,question: Where
20325,other,quick brown
20516,other,**Foreign or Less Common Words**
20734,other,accurate and current information
20932,other,enough
21940,other,"array, sequence, again, treatment"
22948,other,initially / first
23819,other,less than usual
24739,other,depending on
24902,other,NPC timeline
25000,other,insofar as
25070,other,so related to degree or quantity
25153,other,takes time
26195,other,included or bundled with
26206,other,files to be sent
26821,other,hint
28395,other,something else
28137,other,advice or assistance
29692,other,be specific
30097,other,approximate
30108,other,Disclaimer usage
36013,other,good heavens or goodness mercy
37076,other,ethical and legal boundaries
38945,other,personally doing
40750,other,took X time
41003,syntactic,explains or contrasts actions/states
41390,syntactic,examples
43273,syntactic,letters or numbers followed by punctuation
44307,syntactic,list of
47239,syntactic,"program code, comments, and error handling"
47458,syntactic,headings for scripts or articles
47459,syntactic,称赞，描述
49143,syntactic,events then actions
49354,syntactic,checking conditions or status
49610,syntactic,asking questions in multiple languages
49663,syntactic,And followed by comma or conjunction
49699,syntactic,seeding with time
50398,syntactic,return true then
51537,syntactic,can followed by verbs
55029,syntactic,it's or it is
55303,syntactic,removing redundancy and unnecessary phrasing
57784,syntactic,The neuron detects mentions of time periods
58123,syntactic,historically traditional temporal
59038,syntactic,but and
59343,syntactic,next level
60187,syntactic,run under a time/number
60456,syntactic,return statements in error handling
62126,syntactic,"in G, in the, in your"
65564,syntactic,past/last X years/months
66167,syntactic,numbers in code contexts
66199,syntactic,numbers and calculations
66327,syntactic,example data generation or replacement
66369,syntactic,"numbers, frequencies, or lists"
69451,syntactic,if so
70177,syntactic,explains or finds
70212,syntactic,options
70274,syntactic,"""should be"" / ""the answer is"" / ""how many"""
72612,syntactic,Despite followed by contrast
72949,syntactic,"column names, numbers, list items"
73314,syntactic,closer to
73552,syntactic,type of a variable
73774,syntactic,"""and"" in many languages"
74122,syntactic,confidence or certainty qualifiers
74458,syntactic,not direct
74542,syntactic,sending data
74768,syntactic,error handling catch blocks
75291,syntactic,plans to
75461,syntactic,"believing, hoping, wanting"
75477,syntactic,I followed by verbs
78128,syntactic,`based on` or `inspired by`
78396,syntactic,"after booting, creating, installation, every"
79797,syntactic,file paths
55368,syntactic,words related to
40920,semantic,"distant, faraway"
40936,semantic,triglycerides and glycerol
41416,semantic,dependency injection classes
41740,semantic,price in india
42299,semantic,learning and applying knowledge
42945,semantic,asking to disconnect or repeat
43065,semantic,"deducted, interest, rent, credit, amount"
44014,semantic,Option 1
44192,semantic,birth or death certificates
44254,semantic,side salad
44344,semantic,sports actions and outcomes
44598,semantic,MMOs and ARPGs
44787,semantic,no prior experience
45007,semantic,pain and suffering
45212,semantic,ticket demand and sales
45928,semantic,"Red Bull, Haaland"
46567,semantic,curcumin and bioactive compounds
46917,semantic,competitive excitement
47449,semantic,blocking barriers
47454,semantic,gcd and lcm of numbers
49726,semantic,"trade, lease, bargain"
49977,semantic,second championship win
50079,semantic,improving resolution of symptoms
50315,semantic,caves and underground places
50824,semantic,good programming practice
51218,semantic,charting courses (or maps)
51429,semantic,kitchen or kitchenette
51556,semantic,moving forward or past
51566,semantic,young victims and their ages
52337,semantic,"feminine, masculine, evil, esque, bolder"
53111,semantic,CMR
53800,semantic,"contract, agreement, rights, policy"
54094,semantic,playing musical instruments
54314,semantic,death / passing / confirmed
55531,semantic,dimensional rift
56016,semantic,support organizations
56250,semantic,proud of
57282,semantic,low values
57515,semantic,Bureau of Labor Statistics
58212,semantic,regional services and organizations
58487,semantic,discussion forums
59595,semantic,nanny and babysitting terms
59649,semantic,sharing or participating
59819,semantic,past and present contrast
59986,semantic,active lifestyle and outdoors
60859,semantic,consequences of actions
61419,semantic,tax rate
61526,semantic,when noise happens
61553,semantic,flight controls stability operate
61752,semantic,newborn infant
62082,semantic,current events and timing
62231,semantic,UFC rankings and fighters
62458,semantic,declaratory judgment
62701,semantic,"9 AM to 9 PM, 6 days"
62964,semantic,"jet ski, jet stream, jet age"
63510,semantic,"activist, reaction, strive"
63776,semantic,strength training and muscle building
63879,semantic,black and white
64606,semantic,recovery and training plans
65354,semantic,discover hidden gems
65505,semantic,"pivot, limited, temporary, phased, implementation"
66016,semantic,control or management
66701,semantic,company consulting McKinsey
66872,semantic,force majeure
67121,semantic,ethical considerations
67181,semantic,genocide against Croatian
67213,semantic,visuals and animation
67307,semantic,my research experience
68902,semantic,gaming acquisitions Activision Blizzard
68925,semantic,honours and titles
69149,semantic,import os
69786,semantic,limit damage
69929,semantic,Korean grammatical endings and particles
70293,semantic,fatigue or tiredness
71015,semantic,cost offers research tests
71635,semantic,server network
72116,semantic,variable arguments *args
72240,semantic,upscale shopping
72735,semantic,events and competitions
73996,semantic,convenient / convenience
74161,semantic,"quark, chromo, glu, fluid dynamics"
74247,semantic,playoff elimination or advancement
74939,semantic,ultra-orthodox
74941,semantic,wireless sensors
75271,semantic,sampling methods and sample size
75530,semantic,governing bodies and committees
75583,semantic,failure to comply or respond
75740,semantic,driving travel to destinations
76317,semantic,legal and illegal activities
79380,semantic,iranian films or dramas
79892,semantic,introductions and greetings
40874,other,Choices
41707,other,list item termination
43931,other,how to approach a situation
44850,other,100 words
45780,other,"ABC, ABCD, abc, abcd sequences"
46028,other,only expressing limitations or specific desires
47823,other,Chinese dynasties and place names
48023,other,here for
48097,other,nothing beats
48161,other,places near attractions
48229,other,why
48622,other,sexual anatomy and acts
48925,other,want to
49938,other,regular updates
50568,other,Disclaimer: AI cannot provide advice
52739,other,Thank you
53261,other,"be drowned, pot together, whitening teeth, bones topped"
54237,other,asking why or what next
55357,other,a
55419,other,it can
55704,other,share little information
55705,other,**area of**
55780,other,Thanks for pointing out
56262,other,be used
56651,other,few
56754,other,"rare, relatively rare, very rare"
56984,other,if you
57014,other,constructor parameters
58515,other,can help with that
58932,other,any room
59677,other,not found / no control
59873,other,what or covering introductions
60953,other,addressing sensitive topics
61482,other,"refrain, resist, withhold"
61950,other,parts per
61998,other,"reporting on weather, events, or steps"
62004,other,technical terms and categorized data
62191,other,observable outward behavior
64296,other,foreign language indefinite article
65137,other,pronouns followed by modal verbs
68241,other,feedback regarding
68312,other,a
68875,other,no or not
69486,other,describing states or qualities
70416,other,leave and absences
71251,other,"To introduce a consequence, purpose, or action"
72528,other,i've aimed for
73186,other,part of
73945,other,**provide me**
74075,other,"no, I am not"
74527,other,"also, too, and"
75386,other,compassion and Mars orbit
76268,other,"action: make, get, buy, write, build, do"
80060,other,why is the clip breaking
80205,other,"*   **Escape Route:** Plan *two* escape routes, at 45-degree angles *away* from the anticipated fall direction    *   **Ecosystem:** Varied - forests, wetlands, grasslands, etc.escape route"
81305,syntactic,then 
82167,syntactic,this followed by documentation or code explanations
84386,syntactic,requires followed by a condition
85092,syntactic,end of date range
85145,syntactic,more than some
87028,syntactic,let's tackle this question
88034,syntactic,title or headline
88046,syntactic,asking questions about things
88053,syntactic,why followed by a concept
89883,syntactic,certainty/probability after punctuation
92023,syntactic,all elements or properties
92134,syntactic,after a numerical value
93332,syntactic,go to or stay away
93564,syntactic,"how to, what you, where to"
94220,syntactic,place or box holder
94337,syntactic,numbers and arithmetic operations
94542,syntactic,template base layout
94759,syntactic,multiplication percentages
96666,syntactic,device to cuda
99156,syntactic,numbering or counting
99159,syntactic,path to
99389,syntactic,string formatting using .format()
100251,syntactic,seek backward
100446,syntactic,diagrammatic symbols
101152,syntactic,participate in
102576,syntactic,look for labels
104945,syntactic,code syntax elements
107125,syntactic,"however, but, yet"
109318,syntactic,assignment of result or response
109390,syntactic,"how things are used, portrayed, or organized"
111181,syntactic,**Key Principles / Core Principles / Understanding**
111539,syntactic,negation or absence
119145,syntactic,statement ALONE
119228,syntactic,closing parenthesis followed by conjunction
119236,syntactic,new understanding; correction of old beliefs
119610,syntactic,especially when followed by conjunctions
120293,syntactic,job or work performance
120426,syntactic,noun and verb phrases
120726,syntactic,closing punctuation or quotes
123638,syntactic,faster than
123690,syntactic,numbers and percentages
125331,syntactic,separators after specific words
126127,syntactic,of
126457,syntactic,hexadecimal decoding
127376,syntactic,pinescript code
127845,syntactic,multilingual numbers or symbols
128639,syntactic,contrastive conjunctions and negations
130603,syntactic,dialogue attribution verbs
132461,syntactic,would be followed by positive outcomes
134186,syntactic,node = queue.pop
134310,syntactic,`(` and `)`
134391,syntactic,St W in addresses
137621,syntactic,**word count or number request**
138670,syntactic,pronouns followed by auxiliaries or 's
139172,syntactic,time formats
141595,syntactic,mathematical and symbolic expressions
80903,semantic,"slowly raise/lower, stunning solo, scored goal"
81308,semantic,lack of effort
81468,semantic,dangerous harmful thoughts
82023,semantic,making another feel good
82085,semantic,"premium pricing, products, features, and valuations"
82342,semantic,harmful stereotypes about women
82945,semantic,shoe sole lace
84013,semantic,Cristiano Ronaldo footballer
84197,semantic,alkali metals and elements
85250,semantic,"different [sources, contexts, providers, languages, backgrounds]"
85276,semantic,authors' surnames
86652,semantic,analyzing and studying
87503,semantic,despite imperfections
88973,semantic,car parts or vehicle components
89104,semantic,research papers and technical terms
89239,semantic,location breakdowns
89312,semantic,object-oriented programming
89969,semantic,job roles and companies
90624,semantic,postpartum depression and recovery
90907,semantic,protests and demonstrations
92863,semantic,cancer doubling times
93427,semantic,student discounts
93974,semantic,explanations
93994,semantic,business or organization operations
94434,semantic,building structural components
95818,semantic,going / travelling / visiting
97231,semantic,"park, garden, amusement, course, boat"
100770,semantic,relationship advice
101160,semantic,harming yourself or others
101767,semantic,actions completed
102391,semantic,hiding in or under something
103323,semantic,smile or laugh
103744,semantic,sin and its consequences
104899,semantic,"states of being, often negative"
106033,semantic,you are experiencing
106081,semantic,has experienced or seen
107987,semantic,valid email
108082,semantic,probabilities and frequencies
108381,semantic,cell service
110327,semantic,growth mindset
110902,semantic,foreign words and phrases
111007,semantic,capital cities or quantities
112191,semantic,"collision, impact, hitting"
112584,semantic,social media management for businesses
112655,semantic,estimating quantities or outcomes
112712,semantic,legal professionals
114091,semantic,living fully
115026,semantic,bronze metal
115191,semantic,real estate
117222,semantic,sailing and sailboats
120491,semantic,tectonic plates
120584,semantic,"a popular, esteemed, or influential individual"
120652,semantic,polishing lens
121490,semantic,study aim
122379,semantic,won't clog
123064,semantic,press release
126756,semantic,educational programs and courses
126822,semantic,"harmful content, abuse, exploitation, violence"
128987,semantic,"financial issues, exploitation, and earnings"
129039,semantic,athletes and players
131774,semantic,approaching or walking over
131885,semantic,derivative of a function within a function
132306,semantic,acid or base
133899,semantic,smile at people
135493,semantic,gyms and fitness
136347,semantic,age ranges
136790,semantic,"geometric center, bisector, or radius"
138901,semantic,border security and management
139500,semantic,shareholder of PT Indika Energy
141788,semantic,subjective or valid
142003,semantic,lake pond
142095,semantic,rain**Explanation:** Mountains causing rain
80424,other,giving them everything
81967,other,"academic degrees (Master's, PhD, MBA)"
83846,other,"Gemma models, team, project"
84202,other,trained on
86615,other,locations on maps
88764,other,"body, female, nasal, kernel, large, firmware, user, far, boot"
90424,other,#3e8e41
90702,other,`data.get` access
90842,other,"numbers, names, and code"
91287,other,online presence and information
93103,other,that's what
96973,other,"rationalization"" though if I"
97380,other,since in different languages
97723,other,exit
97827,other,can significantly improve
97975,other,Laplappinglapellapsed
98158,other,despite
98167,other,its meaning or function
99402,other,combining with other words
99485,other,not simple
100470,other,person or man
100491,other,I believe my
100922,other,towards
101822,other,associated with someone
102634,other,just trying to
102778,other,in a press conference
102813,other,most important
103021,other,wishing you
105761,other,enjoy my
106274,other,"instead, we"
106747,other,skillsqualitiesexperience
106782,other,a lot of
109553,other,lowest overall
109674,other,C++ data types defining variables
109845,other,as with any
109919,other,connecting points or concepts
110462,other,why not
110729,other,opened their eyes
110794,other,legal or administrative context
111672,other,names followed by surnames
114247,other,class attribute
115154,other,replaces or is replaced by
115374,other,don't have to
115908,other,this nature
115970,other,text-align: center;
118381,other,removed or deleted content
122401,other,quantization: to
122863,other,product names or types
125541,other,limitations or disadvantages
126963,other,vague
127706,other,approval / approve / approved
132154,other,anyone else
132551,other,"push, pushed, open, move"
132588,other,years ago
133707,other,"pudendal nerve, flexure, letter"
134601,other,rustling leaves
134784,other,ют
135428,other,this / this này
137883,other,"Father, Son, and John"
139707,other,not yet manageable
140002,other,why you are
140146,other,Doctors hate her
141591,other,a
142794,syntactic,wordpress plugin code
143370,syntactic,code identifiers and abbreviations
144077,syntactic,"ordering parts, numbers, or components"
144214,syntactic,svg xml tag
145513,syntactic,repeat steps
146462,syntactic,which ... of 
147322,syntactic,hypothetical conditional statements
148419,syntactic,because / by / through / via
151417,syntactic,what followed by uncertainty
151493,syntactic,"whether, what, where, inform"
152435,syntactic,API key and ID
154866,syntactic,default: clause
155864,syntactic,from X to Y
156342,syntactic,http and dart
157327,syntactic,"`Codable`, `Hashable` or `Model`"
158071,syntactic,since its
159317,syntactic,letter followed by punctuation
160076,syntactic,when something happened
161821,syntactic,just + directional or location
162686,syntactic,activities and related outcomes
163825,syntactic,experiment to find
165824,syntactic,could be interpreted
169365,syntactic,home directory paths like /home/username
173323,syntactic,punctuation marks
173336,syntactic,.
174017,syntactic,of the
174890,syntactic,)
175737,syntactic,"prioritize, foster, manage, consider"
177747,syntactic,python import statements
178881,syntactic,""";"
181527,syntactic,.
184406,syntactic,behind the
185184,syntactic,Describe
186177,syntactic,**supervised learning**
187601,syntactic,contrasting options
188183,syntactic,list structure or items
188208,syntactic,explains how or why
188620,syntactic,accompanied with
190585,syntactic,not only... but also
194361,syntactic,describing purpose or requirements
198109,syntactic,closing code delimiters
199381,syntactic,"reflexive, symmetric, or transitive relations"
202220,syntactic,explaining context
203518,syntactic,several things / ways / reasons
203759,syntactic,prepositions followed by nouns
205015,syntactic,"Option, type, value"
206125,syntactic,sounds like or looks like
206172,syntactic,reviewing the
208421,syntactic,"Schrödinger's cat, Apple varieties, rainfall, investment"
211323,syntactic,complete and runnable
211359,syntactic,questions about **not** and **most**
219300,syntactic,that best fits
219471,syntactic,private access keywords
219668,syntactic,categorized by
220927,syntactic,import libraries
224771,syntactic,code snippets and variables
224959,syntactic,"searching for examples, definitions, or categories"
224960,syntactic,most + descriptor
226284,syntactic,choices or alternatives before a noun
226323,syntactic,causes or prevents
142133,semantic,sorting and list manipulation
144041,semantic,greetings and acknowledgements
144895,semantic,user and related entities
145176,semantic,faculty and instructional staff
145530,semantic,CBD
145795,semantic,complications
147656,semantic,write a story with the prompt
149550,semantic,Blu-ray/DVD
150408,semantic,"weekend, getaway, research, project"
151285,semantic,"minimum, maximum, limit"
151771,semantic,"declared, determined, bail"
151935,semantic,binary representations and operations
152380,semantic,unsorted followed by sorted
153182,semantic,epub annotation
153468,semantic,errors and mistakes
153769,semantic,finding meeting schedule
154104,semantic,buy low sell high
154871,semantic,Names of people and familial relations
155041,semantic,company related terms
155243,semantic,vendors and businesses
155638,semantic,no warranty
156610,semantic,cultural context and understanding
158873,semantic,loan payment forbearance
159010,semantic,"jump, fly, air control, jetpack"
159926,semantic,exiled to
160508,semantic,Indian culture and Ayurveda
161389,semantic,infrastructure and demand
161551,semantic,offers training and opportunities
162200,semantic,"trades, building supplies, or services"
162464,semantic,monetary ranges
163045,semantic,unfit to rule
164023,semantic,sports player names
165074,semantic,winning or advancing
165542,semantic,negative sentiment descriptors
167681,semantic,Time
167944,semantic,gender identity and orientation
168004,semantic,store/hold data
170383,semantic,campaigns and contenders
170975,semantic,Lyndon B. Johnson
172288,semantic,mission or goal
173515,semantic,cap-and-trade
175547,semantic,skin type
177207,semantic,Ford models
179927,semantic,whole wheat
180356,semantic,"jumping, rhythmic, clapping, tapping"
181937,semantic,food eaten or generated
183523,semantic,ignore or ignoring
184193,semantic,clinical skills and practice
187360,semantic,"opening, dedication, or inauguration events"
190554,semantic,ages of kids
192156,semantic,prime minister of
193155,semantic,"obsession, researchers, London, King"
195999,semantic,organism evolution and devices
196951,semantic,mortality and hazards
196964,semantic,body systems and parts
197210,semantic,illegal in the United States
200833,semantic,IRA withdrawals
201055,semantic,Singapore Airlines
203122,semantic,our eyes
210267,semantic,mileage
212235,semantic,brain structure and function
213679,semantic,clothing and attire
213738,semantic,computing and professional titles
215026,semantic,snorkeling and swimming
215123,semantic,price and currency amounts
216168,semantic,Korean and Japanese culture
217029,semantic,survival gear and supplies
221975,semantic,female familial relationships
223004,semantic,nuclear proliferation and waste
224231,semantic,CPU
224378,semantic,second coming
142753,other,easily and reliably
143444,other,"capable, resistant, trainable"
144410,other,examples and rules
145737,other,Beyond or besides
146757,other,explain articles
147767,other,previously
149707,other,Important notes
151239,other,national geographic uk descript
155024,other,I am the
155438,other,primarily about oneself
155495,other,clarifying the meaning of terms
157597,other,usually or typically
158984,other,"random, teenage, minor, javascript, stupid"
159295,other,event handling
169559,other,place names
169598,other,when suddenly something happens
171194,other,derive attributes
172481,other,of
174186,other,call preceded by 'a' or 'phone'
175468,other,intentional choice or will
175662,other,"country names, Camus, bedroom"
175771,other,promoting positive outcomes like efficiency and organization
176198,other,designed to be helpful and harmless
176537,other,more natural or better fitting
176700,other,vacuum filled by something
177022,other,"meanswhile,"
178652,other,individual and unique
182834,other,"namely, is, namely"
184160,other,"google trends, hbase, books links"
185959,other,beginner/intermediate levels
186053,other,technical audience or level
186970,other,có thể
189702,other,professional communication and appreciation
192262,other,or
197586,other,"weniger, moins, menos, less"
197952,other,reassurance and slow replies
201053,other,am and PM time zones
201192,other,obey authority figures
202083,other,good food descriptors
202644,other,do you good
203474,other,I apologize
203544,other,inform future strategic decisions
203982,other,proponents of
205334,other,"reeling, grappling, continuing crises"
206060,other,wanted to
208953,other,uncertainty and inquiry
211670,other,"was written, generated, created, a"
211926,other,numbers with units and comparisons
215171,other,prices billed annually or yearly
215469,other,apologize or leave
215471,other,profession
216582,other,web framework code
216666,other,confirmation after statement
218456,other,today and now
221214,other,first impression
221572,other,asking for something
222182,other,català / catalan
224807,other,emoji face symbols and icons
226090,other,as with most things
226408,syntactic,only followed by percentage or fraction
228098,syntactic,!
230553,syntactic,on behalf of / Dear [Name]
230578,syntactic,why questions
231532,syntactic,**Not ideal**
232851,syntactic,code parsing `()` structures
234084,syntactic,"""to be"" + description/role"
240225,syntactic,"row, col"
244548,syntactic,In essence
245792,syntactic,statement terminator
247530,syntactic,exceptions and their alternatives
247919,syntactic,mixed language start words
248113,syntactic,number of
250262,syntactic,all followed by noun
254403,syntactic,"instead of, not"
259735,syntactic,variables and comparisons
260715,syntactic,"INTERVAL, PERIOD, PERCENTAGE, DURATION, STEP"
227541,semantic,revert or waiting
227771,semantic,why don't skeletons or scientists
228243,semantic,"breadth, ease, clarity, character, activities, care"
228666,semantic,where did you hear this
229056,semantic,refunds for items or service issues
232745,semantic,strength training
232955,semantic,debugging steps and solutions
233573,semantic,contrasted with reality
233704,semantic,company names and organizations
236063,semantic,match donations every dollar
236322,semantic,born in
237273,semantic,bible versions
237373,semantic,Traumatic Brain Injury (TBI) and Batman
239830,semantic,vehicle or computer issues
239894,semantic,speaking in different languages/tongues
242273,semantic,criticism of government and leaders
243393,semantic,news headlines and dates
248240,semantic,"comparing models, inputs, and classifications"
248556,semantic,sense of humor
248721,semantic,ChatGPT is a black box
251942,semantic,difference between two things
253043,semantic,sweep floors
254096,semantic,fitness level exercise
254870,semantic,died shortly after
257641,semantic,"Goodwill, Company, friend, defective, Qual"
260019,semantic,Naloxone reverses
260591,semantic,biblical interpretation and prophecy
260846,semantic,cloud providers or operating systems
261260,semantic,sailors crew members
261587,semantic,exact cause isn't fully understood
240296,semantic,machine learning
226336,other,need to
228770,other,asking for suggestions
235523,other,get the best results
236440,other,names and specific entities
237810,other,asking for concise explanations
238572,other,this
238915,other,grateful for alternative feedback
242092,other,not giving answers
242820,other,though you
242898,other,wondering about possibilities
244683,other,the way something is done
245339,other,you just created
246670,other,gone now
248966,other,normal characteristics or states
250683,other,low values or small quantities
251676,other,let me know if
252040,other,provide the sentence
252545,other,support to the
253566,other,which part of
253750,other,to our
259642,other,inspired by
261787,other,closer
13100,syntactic,when deciding or processing
20386,syntactic,reasons why
24050,syntactic,following issues
24104,syntactic,programming code and concepts
24187,syntactic,end of sentence punctuation and gratitude
25921,syntactic,thank you for
44226,syntactic,possessive determiners before nouns
44875,syntactic,". , ( )"
47379,syntactic,more advanced
82497,syntactic,most + superlative
96986,syntactic,the image descriptions
99191,syntactic,doesn't handle or capture complexity/nuance
112666,syntactic,"not sure, not a, not arguing"
146826,syntactic,you explicitly
153973,syntactic,(if applicable)
160551,syntactic,layout height assignments
172683,syntactic,only make things worse
173869,syntactic,talking about
230814,syntactic,parentheses and quotes
240452,syntactic,descriptive evaluative phrases
20523,semantic,reach zero
24059,semantic,item embedding
66481,semantic,tiny home
66963,semantic,from people or places
99688,semantic,street addresses
103686,semantic,positive direction or value
119732,semantic,beyond mentioning hobbies
147940,semantic,coffee addict
155918,semantic,estimation of quantity or time
158833,semantic,exceeds a limit
171474,semantic,gentle and considerate communication
184771,semantic,"develop, architect, design, implement, manage"
29354,other,updating and related concepts
75672,other,let out
92546,other,killed or teacher
134452,other,"realism, seen, taken, that"
2065,other,
7459,other,
7610,other,
9447,other,
12962,other,
13301,other,
14972,other,
15057,other,
15114,other,
16065,other,
17598,other,
17831,other,
17974,other,
19644,other,
20174,other,
22395,other,
22498,other,
23706,other,
24142,other,
24928,other,
25815,other,
25965,other,
27576,other,
27869,other,
27956,other,
30007,other,
30441,other,
30715,other,
31228,other,
32128,other,
33127,other,
33281,other,
34642,other,
34709,other,
35575,other,
35863,other,
36265,other,
36632,other,
38024,other,
41498,other,
43806,other,
44128,other,
45109,other,
47859,other,
48407,other,
48739,other,
49979,other,
51366,other,
52338,other,
52822,other,
54201,other,
55098,other,
55356,other,
55973,other,
56385,other,
56717,other,
57345,other,
59206,other,
60869,other,
62408,other,
62876,other,
63210,other,
63466,other,
63813,other,
64020,other,
64785,other,
65088,other,
66162,other,
67579,other,
71089,other,
73072,other,
73871,other,
75087,other,
75103,other,
78667,other,
81023,other,
82900,other,
83038,other,
83527,other,
83911,other,
84507,other,
84906,other,
87680,other,
90388,other,
95059,other,
95597,other,
95872,other,
96423,other,
98202,other,
98776,other,
102527,other,
103845,other,
104206,other,
104424,other,
104642,other,
105192,other,
105293,other,
105495,other,
106174,other,
109555,other,
110974,other,
111173,other,
111244,other,
111875,other,
112725,other,
114452,other,
114509,other,
114769,other,
115639,other,
116908,other,
120535,other,
120766,other,
121311,other,
121491,other,
125155,other,
126550,other,
126885,other,
128841,other,
130414,other,
132493,other,
134400,other,
135850,other,
136607,other,
138249,other,
138613,other,
138786,other,
140200,other,
144871,other,
147951,other,
149844,other,
149915,other,
150647,other,
151054,other,
152389,other,
152566,other,
156906,other,
157353,other,
161097,other,
161342,other,
161493,other,
161918,other,
162199,other,
162420,other,
166740,other,
168236,other,
169019,other,
169904,other,
170554,other,
174615,other,
176046,other,
178536,other,
179162,other,
181608,other,
182686,other,
182923,other,
183979,other,
185486,other,
186647,other,
190060,other,
190221,other,
190406,other,
191354,other,
192116,other,
192241,other,
193465,other,
196040,other,
198777,other,
202203,other,
202263,other,
206565,other,
209705,other,
210802,other,
211066,other,
212657,other,
213093,other,
216793,other,
217235,other,
219711,other,
221732,other,
223631,other,
233607,other,
234592,other,
238407,other,
239468,other,
239630,other,
239878,other,
245825,other,
246582,other,
247191,other,
248661,other,
249292,other,
249689,other,
256031,other,
821,syntactic,asking questions
1972,syntactic,problem statement importance
3355,syntactic,equations with variables
4768,syntactic,"found after words like 'was', 'is', 'are'"
4824,syntactic,links and collections
5087,syntactic,routing paths
5946,syntactic,with open
6883,syntactic,javascript code structure
8012,syntactic,**(Chorus)** marker
8018,syntactic,predicting next word/token
8708,syntactic,formatted output specifiers
8826,syntactic,y = equation
9528,syntactic,xmlns attribute in xml/svg
9576,syntactic,programming imports and keywords
9999,syntactic,opening parenthesis
10566,syntactic,urls and references
10692,syntactic,code structure and data fields
10729,syntactic,function arguments
11518,syntactic,break; in code
11610,syntactic,list item markers
11811,syntactic,"""***"" followed by ""or"""
11887,syntactic,list of items
11959,syntactic,Once/after followed by completion words
13031,syntactic,conditional indicators
13043,syntactic,for loop index decreasing
13497,syntactic,css positioning keywords
13637,syntactic,class instantiation
15867,syntactic,"descriptive name, version, description"
16115,syntactic,followed by specific nouns
16347,syntactic,formal closings
17611,syntactic,J followed by slash or news
18118,syntactic,rhetorical questions
18163,syntactic,large number of
18954,syntactic,ratio calculations
19907,syntactic,mathematical symbols and operations
20039,syntactic,i followed by quote marks
20206,syntactic,commands and continuations
20215,syntactic,crossword clue answer
22866,syntactic,logging and error termination
23002,syntactic,command line execution
23428,syntactic,listing defining phrases
23888,syntactic,class or module declarations
24115,syntactic,"i-vector, R-CNN, F-16"
24361,syntactic,** bolded phrases
25463,syntactic,logging and print statements
26979,syntactic,Part 1:
29430,syntactic,"conditionals often followed by ""not"" or existence checks"
32780,syntactic,"lists, tables, and containers"
33207,syntactic,URLs with query parameters
33964,syntactic,code and commands
34470,syntactic,adjectives with associated modifiers
34867,syntactic,artifactId in dependency tags
36045,syntactic,List of
36444,syntactic,quotes
36629,syntactic,list item number followed by a colon or parenthesis
36865,syntactic,if followed by programming constructs
37769,syntactic,Hello followed by punctuation or world
39263,syntactic,what you'd like me to do
291,semantic,multiple languages
497,semantic,all rights reserved
911,semantic,university or STEM education
1024,semantic,"magazine, hooks, reels, blade"
1387,semantic,Jesus
1563,semantic,Swedish words and phrases
3096,semantic,"industrial robots, medical imaging, cranes"
4303,semantic,money and assistance programs
4462,semantic,highly detailed visual scenes
4902,semantic,international films & festivals
5636,semantic,legal or political agreements
6410,semantic,furry or interactive
6412,semantic,shaking head
6796,semantic,assigning blame
8467,semantic,wikipedia links
8611,semantic,phone numbers and texting
8675,semantic,"wood materials, planks, and construction"
8900,semantic,beat yourself up or around the bush
8912,semantic,bright light night
9063,semantic,events
9640,semantic,"auction, bidding, bid"
9748,semantic,Walmart shoppers
10730,semantic,Trevor Project
10913,semantic,Hungarian words and names
11745,semantic,"death, dying, execution"
11968,semantic,"Monterey Bay, Big Sur, scallops"
12296,semantic,cyber security criminals
12761,semantic,sign language and deafness
13416,semantic,"pie, slice, share, percentage"
13435,semantic,disclosing or revealing information
14995,semantic,based on
15241,semantic,"physics, particles, and reality"
15482,semantic,"United States, Prime Minister"
17474,semantic,"day, rest, exercise, birthday, late"
17508,semantic,worn or decorated items
17530,semantic,spectral multispectral hyperspectral
17606,semantic,brazil amazon IAM
17884,semantic,work clothes and tools
18031,semantic,academic or scientific citations
19140,semantic,Russian transliterations and locations
20022,semantic,spaced repetition
20868,semantic,immune and insensitive
21439,semantic,Nigerian election legislatures
21482,semantic,spaciousness and sound effects
21726,semantic,"Hail, greetings, welcomes"
22281,semantic,"tailbone, tailcoat, tails"
22873,semantic,"autism, stim, frequency, ser, eyes"
23076,semantic,digital transformation
23125,semantic,Communication
23780,semantic,child interests and activities
24105,semantic,"super organism, super powered, super secure, super fast, super heavy"
24290,semantic,injury after recent
24801,semantic,historic preservation and conservation
25282,semantic,thread synchronization performance
25746,semantic,wear and tear
26042,semantic,"analysis, tracking, and measurement"
27454,semantic,"units, currencies, measurements"
28367,semantic,"Puritan, Transcendentalism, Hawthorne"
28483,semantic,creation of money and banks
28762,semantic,cheer and amusement
29147,semantic,right triangle calculations
29384,semantic,waking up and stretching
29832,semantic,"post-processing: machining, finishing, sanding"
30163,semantic,US financial terms
31942,semantic,accept risk or cost
32146,semantic,"faults, misplays, shaky moments"
33294,semantic,dystopian or prequel stories
33358,semantic,"per pound, per day"
34783,semantic,European or international contexts
37138,semantic,staff attentiveness and service
37158,semantic,commodity prices
37223,semantic,buckle up
37350,semantic,combines physical postures
37549,semantic,2019
38588,semantic,customer queries about credit/payment limits
39404,semantic,changes and sensory experiences
28,other,do it
130,other,upcoming events or deadlines
1186,other,user context
1844,other,"contrasting thriller, long, import, relying"
2356,other,profile option 1
4200,other,flicker of
4805,other,generally preferred or recommended
4343,other,task explanation
4969,other,apologize that I cannot fulfill
5126,other,solve the problem
6444,other,virtual tutor or assistant
6636,other,clarifies or specifies
7398,other,Rewriting for conciseness and clarity
10015,other,questions about future or current states
10990,other,"Person B, Hi Team"
11271,other,"exact or precise need, text, date, or location"
12226,other,**responses**
12390,other,representing
12436,other,subsequent investigations
12583,other,social impact score
12659,other,sections and chapters
13948,other,link in bio
15451,other,want to know
15699,other,consult its documentation
17254,other,remind me
17342,other,do you ever think
17863,other,rule and its variants
17871,other,such purpose or services
18870,other,Type I
18951,other,party lists and contrasts
19178,other,understanding situation
19243,other,"routine, flood, equation"
19261,other,text content or message
19273,other,you want
19329,other,you understand
20498,other,"supreme, names, technical terms"
20767,other,an open-weights model
20957,other,лилидер
20979,other,best types or choices
21256,other,starts a question or instruction
22724,other,can help or provide
23675,other,"ways, manners, methods"
23879,other,reveal answers
24819,other,core idea and explanation
24939,other,explains or explains something
25984,other,previously mentioned or explained
30141,other,providing guidance or answers
30893,other,related to requirements or data
31226,other,largest
31338,other,following meeting discussions
31975,other,university of
32821,other,be as
33305,other,modellearned from data
34836,other,Mistral 7B
34839,other,explanations of why or when
35003,other,set up the
35157,other,activities I recommend
35279,other,taking initiative
35372,other,customization and selection
35548,other,"active, remain, or leave"
35554,other,"declarations, tax, data, code"
37211,other,it to
39951,other,blood from their
40517,syntactic,closing parenthesis
42448,syntactic,core idea is that
42693,syntactic,uses the most concise/readable way
43148,syntactic,though followed by contrast
43509,syntactic,soon / shortly
45001,syntactic,counting numbers after apostrophe
45121,syntactic,by
47065,syntactic,"""`of course it`"""
48861,syntactic,to / up to
50096,syntactic,at the end
51073,syntactic,he or you
51436,syntactic,POS- followed by a capitalized word
52207,syntactic,prepositions and demonstratives
53438,syntactic,explaining why
53469,syntactic,the [concept]
54370,syntactic,as of today
56822,syntactic,become / 是 / 都是
56854,syntactic,rules or conditions
58740,syntactic,As the
58800,syntactic,verbs indicating state or consequence
59776,syntactic,prepositions in different languages
60527,syntactic,listanalysisformattedrulesimagetimeanswerjob
62287,syntactic,asking for location
62321,syntactic,leet speak substitutions
71842,syntactic,children :*
72714,syntactic,title of a section
72821,syntactic,conjunctions and transitional words
75214,syntactic,acknowledging a situation
75284,syntactic,code delimiters and special characters
75474,syntactic,he/she followed by auxiliary or past tense verbs
77055,syntactic,help me
78947,syntactic,AI disclaimer introductory phrase
79269,syntactic,list manipulation operations
79444,syntactic,windows specific code
79773,syntactic,package main
81066,syntactic,actually followed by verbs
85334,syntactic,programming code and delimiters
85621,syntactic,**Important Notes:**
86154,syntactic,' the '
90150,syntactic,: or ) after numbers
90271,syntactic,margin=
93586,syntactic,Is there
96189,syntactic,"Connect, Thrive, Recharge, Love"
97340,syntactic,closing footer tag
97538,syntactic,is equal to / closest to / approximately
98082,syntactic,greeting with recipient's name
98370,syntactic,"reverse order, priority, sequence"
99754,syntactic,numbered lists
99846,syntactic,not only
102142,syntactic,'s or 'a' followed by 's'
102967,syntactic,else or except clauses
103270,syntactic,"en, colombia, españa, la, any, all"
103932,syntactic,without [something]
104192,syntactic,numbers and symbols
104923,syntactic,numbers and currency symbols
108868,syntactic,modelmodel names followed by specific characters
112443,syntactic,where or which
112758,syntactic,contribute to
113107,syntactic,".self, .file, .parent, .current"
116664,syntactic,might not
118017,syntactic,enclosed in
120018,syntactic,多种 多个 少数 多少
124146,syntactic,verilog code blocks
127359,syntactic,by analyzing or calculating
128866,syntactic,get
130643,syntactic,numbers following punctuation like periods or commas
132929,syntactic,"after ""the"""
133223,syntactic,All subsequent commands
133263,syntactic,by all objective measures
40616,semantic,don't forget to take action
40952,semantic,colorful woven
42075,semantic,file read/write operations
42258,semantic,Lennon or Jesus inspired
42947,semantic,European Stability Mechanism or Market Design
43016,semantic,handling odd lengths
43038,semantic,YouTube video suggestions
43236,semantic,"Homeland Security, federal court, voting systems"
43276,semantic,storytelling
43879,semantic,"Berlin, Bundes gesetz"
44229,semantic,"gentle, shining, ever"
45858,semantic,awakening and coming to
46510,semantic,call to action
47284,semantic,fish and growth
47803,semantic,remote work / jobs
48160,semantic,future needs and potential actions
48365,semantic,military service and draft avoidance
48803,semantic,offensive plays and defenses
49186,semantic,"foot, diabetes, amputation"
49953,semantic,product tour details
51131,semantic,car brands and models
51288,semantic,legal terms and conditions
52172,semantic,complaining or complaining about something
53103,semantic,"aim, intention, objective, purpose"
53161,semantic,portfolio and illustration work
53886,semantic,cost per lumen
53939,semantic,togetherness and shared feelings
55333,semantic,"events, activities, or occasions"
55396,semantic,funding and reservations
55598,semantic,awarding public contracts
55825,semantic,release dates
56887,semantic,"atheist, pagan, secular, agnostic"
57531,semantic,rounding to decimal places
57731,semantic,largest or biggest
57929,semantic,enough blood to meet
60076,semantic,unethical conduct or violation
60142,semantic,extend life
63028,semantic,importance and consequences
63091,semantic,believe in yourself
64420,semantic,marketing and advertising costs
64906,semantic,liberty and preserve the
65290,semantic,famous Greek myths and sites
65697,semantic,writing and tracing letters/characters
65794,semantic,self-reliance and personal care
66156,semantic,data transfer and exchange
66869,semantic,address and name information
67149,semantic,larval stage
68360,semantic,proven ability
68741,semantic,congratulations on the move to London
69142,semantic,seller reputation
71338,semantic,due to
72155,semantic,bootstrap css imports
75069,semantic,fire / firing
76710,semantic,technical terms and abbreviations
76919,semantic,family members and partners
77018,semantic,displays content or UI
79769,semantic,"final exam, midterm, test"
80016,semantic,enhance visuals or flavor
80813,semantic,unwavering relentless pursuit
82887,semantic,iterative process
83130,semantic,'ear' sound
85561,semantic,quantities and measurements
86212,semantic,not censored
88294,semantic,Reliance and stock prices
88356,semantic,World War
88987,semantic,telling exaggerated stories or boasting
90509,semantic,home advantage
90530,semantic,remembering people or experiences
93382,semantic,cron and crontab entries
95221,semantic,"decisiveness, control, and competition"
97509,semantic,probabilistic statements or calculations
100628,semantic,stamp duty and legal contracts
101549,semantic,"SciML, parametric, simulations, real-time, AI, model"
102148,semantic,AVL tree balance
102858,semantic,inform employer
106630,semantic,resignation
109326,semantic,discovered
109581,semantic,die in service or vain
111721,semantic,Vue.js JavaScript framework
111937,semantic,domains and organizations
113694,semantic,vector graphics and illustrations
114873,semantic,car insurance premiums
115182,semantic,wealth redistribution
117099,semantic,describing groups of people
117214,semantic,customer needs and biases
118587,semantic,principles and problems
119136,semantic,demonstrates strong
119186,semantic,arrested for allegedly violating
120685,semantic,month and year
123130,semantic,throwing or tossing objects
123543,semantic,maintenance and parts replacement
123794,semantic,"school closed, come home, go home early"
125100,semantic,"fuel, air, mixture, voltage, flow"
126907,semantic,Building relationships
127493,semantic,unauthorized or not correct
132477,semantic,subtle and sophisticated concepts
133772,semantic,top ranked lists
133837,semantic,988
134183,semantic,involving controlled substances
135028,semantic,outdoor weather
135699,semantic,rise of
136420,semantic,comfortable grip
43628,other,number of items
49959,other,field descriptions
51434,other,"asking ""what"""
55409,other,path leading
55450,other,asking for identification help
67261,other,data types and structures
67585,other,list items and their definitions
70132,other,depending on / by role or location
77617,other,time intervals and units
77744,other,candidate recipe
77992,other,for explanations
80187,other,Controversial literary technique
83574,other,scaffold generation
84839,other,pronouns and demonstratives
100427,other,"Oh, Barnaby"
101488,other,it difficult
102675,other,like you
104512,other,good/great/fine descriptors
104837,other,He
106974,other,avoiding common words
115213,other,"therefore,"
124416,other,"limited government, individual liberty"
125358,other,try/await operations with related types
140304,syntactic,"is followed by ""fine"" or ""solving"""
145458,syntactic,topic followed by description
148158,syntactic,variable names followed by closing parenthesis
149143,syntactic,for each of the
153445,syntactic,language range order
153571,syntactic,links to resources often followed by punctuation
155513,syntactic,"explaining ""why"""
160842,syntactic,"common columns, variables, keys, or fields"
162212,syntactic,"initializing, loading, setting, watching, configuring"
165568,syntactic,in browser
169501,syntactic,API endpoint updates
179278,syntactic,code execution logic
179611,syntactic,verb conjugations and tenses
179674,syntactic,"The token `applications` is followed by punctuation `?` or `.`, or `and`, or `,`.The token `audits` is followed by `.`.*   **Maintaining Confidentiality:** Protecting sensitive information obtained during audits. * **Think of it as:** ""Do the right thing, even when it's difficult.""    **    *   sent to the brake cylinders. It has positions for: * **Release:** Vents air from the brake pipe, allowing brakes to release. * **Application:** Increases air pressure in the brake pipe, applying the    *   , you can optionally include 'items' or 'values' to specify the type of elements within the collection. Returns: A Pydantic model class. """""" fields = {}    *   * **Sample Answer:** ""In my previous role at [Organization], I was simultaneously managing the baseline survey for a new project and finalizing the quarterly report for an existing one. Both had tight deadlines. I prioritized by assessing the impact of delay for    *   *absorb* sunlight. * **Reduced Sunlight Intensity:** The scattering effect means less direct sunlight reaches the solar collector. The thicker the fog, the more sunlight is blocked. This is the primary issue. * **Diffuse    *   to refine its hardware ray tracing capabilities for even higher fidelity. * **World Partition:** Essential for handling massive open worlds. It divides the world into smaller, manageable cells, loading and unloading them as the player moves around. Improvements in    *   *learning rate*. This is a hyperparameter that controls how big of a step you take in the direction of the gradient. A small learning rate means slow but potentially more accurate learning. A large learning rate can lead to faster learning but    *   and GDP both fall.**"
183455,syntactic,"if ..., then "
185014,syntactic,URLs ending in `](`
189302,syntactic,request objects in web routes
192011,syntactic,the followed by noun
199452,syntactic,"input is, prompt is, query comes"
201651,syntactic,```
203257,syntactic,mathematical symbols and variables
203324,syntactic,integer checks
204061,syntactic,**
206244,syntactic,solving for variables
208680,syntactic,thinking step by step
209967,syntactic,model prediction code
214512,syntactic,whether or
216680,syntactic,authentication or identification strings
221653,syntactic,describing qualities or states
221881,syntactic,huggingface.co/docs/
222116,syntactic,remote control and updates
222396,syntactic,numbers or code delimiters
225169,syntactic,"search, refer, render, arrest start"
226191,syntactic,"each inner list, dictionary, tuple, string"
226248,syntactic,less than or below
231519,syntactic,contrasting clauses
233075,syntactic,:= or =
234119,syntactic,fractional arithmetic and operators
234370,syntactic,There is / There are / There's
244168,syntactic,"enlist, enumerate, mobilizes, highlight"
244410,syntactic,lines like
244691,syntactic,resetting or reloading state
251216,syntactic,"[Serializable], [SerializeField], [Key] attributes"
259545,syntactic,words or phrases related to errors
259668,syntactic,report errors or raise exceptions
137717,semantic,major concerns about struggles or worries
145521,semantic,"renovation, restoration, scaffolding"
147168,semantic,"definition, unavailability, condition"
150211,semantic,Normandy landings
151183,semantic,demonstrable wrongdoing
151665,semantic,people with weakened immune systems
152949,semantic,"guidelines, terms, rule"
155527,semantic,taken with a camera
156481,semantic,running or hiking gear
159335,semantic,remembering past events
161428,semantic,age and demographics
164743,semantic,automation and related tasks
169166,semantic,calculate kinetic energy
170649,semantic,priority levels
171106,semantic,education requirements
176769,semantic,back from adventure
179869,semantic,太阳，奶奶，天气
180567,semantic,career resources and job sites
183991,semantic,trusted adults and problems
187821,semantic,sin function
188884,semantic,contrast or difference
190142,semantic,emerging talent or future success
193188,semantic,connection and relationships
193581,semantic,course or skill training
194163,semantic,scientific
194533,semantic,natural light
195282,semantic,buying a house or car
197079,semantic,"criticize, criticism, critiques"
201065,semantic,listing considerations or features
202559,semantic,pretense or denial
203939,semantic,grounding techniques
207001,semantic,quantities and measurements
207289,semantic,"isofridin, scopoletin, pelargonidin, peonidin"
208344,semantic,division 08
213976,semantic,"players, sports, and entities"
217928,semantic,love and feelings
218260,semantic,"protein, albumin, loss, Digestion, Imm"
220056,semantic,job titles
221182,semantic,"neoliberalism, economics, policies, capitalist"
223261,semantic,fields of study
227132,semantic,high pitched refrigerator hum
227538,semantic,"concept, title, logline"
229302,semantic,musical complexity and intention
233591,semantic,sissy shopping list items
234525,semantic,catalyst and speeds
235258,semantic,"Enigma, World War II"
237369,semantic,"softening, soft landing, softened"
241213,semantic,eyes meet
241329,semantic,heights and measurements
242505,semantic,continuous deformation
242593,semantic,historical accuracy
246640,semantic,reduced costs and efficiency
248541,semantic,classification systems
249438,semantic,appeals to emotion and imagination
258596,semantic,improves soil
260113,semantic,taking or receiving items
260336,semantic,"greeting, meeting, or being happy"
262007,semantic,**profit sharing**: ownership percentages
137964,other,its square
144124,other,in the
148494,other,Would You Rather
153579,other,and stand/ends/retain/publish/ending/understand/displayed/women/generate
154388,other,why question the effort
157787,other,refer to sources
162582,other,and
163166,other,lists mentioning dates or periods
168229,other,consultation with
171306,other,issues and questions
176067,other,goes wrong or interrupted
176831,other,oton
181866,other,so step aside
183942,other,extract features
187805,other,reserved only
190383,other,for beginners
195009,other,in any way I can
205099,other,understand context
208647,other,completed task
214578,other,opinion or position
216176,other,names and simple sentence structures
222020,other,guidance and support for agency
222070,other,"following ""if"" or ""beyond"" or ""first"""
225688,other,In year/month
226755,other,submission actions
227645,other,wondering if
229196,other,soon
229953,other,Further analysis or investigation
230794,other,networking events and connections
233196,other,illustrative/testing purposes
237256,other,we're doing
238841,other,couldn't help
240490,other,the same condition
242088,other,numbers and model identifiers
242337,other,even higher/longer/more
242875,other,"growth on rye, organically, quickly"
247525,other,noticed that
247805,other,for legal advice
252552,other,if ... then
253698,other,experience in
257460,other,perfect continuation
258228,other,explained everything clearly
521,other,
558,other,
583,other,
670,other,
738,other,
801,other,
956,other,
988,other,
995,other,
1073,other,
1161,other,
1178,other,
1192,other,
1296,other,
1330,other,
1483,other,
1542,other,
1586,other,
1637,other,
1669,other,
1796,other,
1800,other,
1868,other,
1896,other,
1952,other,
1991,other,
2021,other,
2037,other,
2068,other,
2130,other,
2233,other,
2246,other,
2345,other,
2419,other,
2486,other,
2508,other,
2571,other,
2590,other,
2654,other,
2765,other,
2970,other,
3068,other,
3181,other,
3202,other,
3232,other,
3272,other,
3345,other,
3445,other,
3505,other,
3556,other,
3575,other,
3628,other,
3646,other,
3702,other,
3792,other,
3809,other,
4018,other,
4154,other,
4281,other,
4308,other,
4312,other,
4367,other,
4379,other,
4635,other,
4640,other,
4695,other,
4756,other,
4787,other,
4810,other,
4922,other,
4972,other,
5023,other,
5035,other,
5054,other,
5204,other,
5208,other,
5214,other,
5275,other,
5300,other,
5313,other,
5372,other,
5475,other,
5503,other,
5665,other,
5840,other,
5878,other,
5879,other,
5908,other,
6043,other,
6084,other,
6182,other,
6264,other,
6298,other,
6403,other,
6432,other,
6441,other,
6515,other,
6566,other,
6851,other,
6869,other,
6874,other,
6878,other,
6880,other,
6918,other,
7052,other,
7121,other,
7133,other,
7175,other,
7513,other,
7697,other,
7730,other,
7853,other,
7860,other,
7903,other,
7937,other,
7954,other,
8116,other,
8237,other,
8431,other,
8750,other,
9058,other,
9219,other,
9412,other,
9541,other,
9569,other,
9594,other,
9692,other,
9765,other,
9780,other,
9864,other,
10515,other,
10651,other,
10978,other,
11094,other,
11648,other,
11879,other,
11948,other,
11972,other,
11975,other,
11986,other,
11996,other,
12123,other,
12434,other,
12683,other,
12835,other,
13049,other,
13156,other,
13328,other,
13535,other,
13547,other,
13663,other,
13706,other,
13882,other,
13997,other,
14488,other,
14505,other,
14585,other,
14671,other,
15161,other,
15224,other,
15239,other,
15251,other,
15455,other,
15907,other,
16202,other,
16495,other,
16893,other,
16918,other,
17075,other,
17295,other,
17371,other,
17813,other,
17836,other,
17958,other,
17972,other,
18072,other,
18340,other,
18633,other,
19006,other,
19087,other,
19405,other,
19923,other,
19924,other,
20017,other,
20070,other,
20100,other,
20291,other,
20574,other,
20586,other,
20665,other,
20836,other,
21042,other,
21271,other,
21493,other,
21915,other,
22408,other,
22460,other,
22664,other,
22885,other,
22987,other,
23048,other,
23394,other,
23488,other,
23495,other,
23740,other,
24197,other,
24213,other,
24236,other,
24306,other,
24350,other,
24405,other,
24413,other,
24565,other,
25065,other,
25222,other,
25389,other,
25402,other,
27602,other,
27682,other,
27724,other,
27981,other,
27991,other,
28021,other,
28989,other,
29195,other,
29347,other,
29395,other,
29702,other,
29923,other,
30014,other,
30060,other,
30429,other,
30767,other,
30847,other,
31110,other,
31357,other,
31395,other,
31887,other,
32504,other,
32647,other,
32703,other,
33052,other,
33529,other,
34282,other,
34669,other,
35152,other,
36037,other,
36176,other,
36266,other,
36291,other,
36606,other,
36614,other,
36622,other,
36641,other,
36662,other,
37094,other,
37225,other,
37341,other,
37355,other,
37399,other,
37578,other,
37906,other,
38144,other,
38154,other,
38471,other,
38505,other,
39009,other,
39426,other,
39581,other,
39840,other,
40088,other,
40724,other,
41029,other,
41944,other,
41976,other,
42006,other,
42365,other,
43493,other,
43703,other,
43963,other,
44113,other,
44408,other,
44538,other,
44679,other,
44879,other,
44981,other,
45517,other,
45588,other,
45856,other,
45968,other,
46457,other,
46742,other,
47013,other,
47318,other,
47445,other,
47608,other,
47614,other,
47693,other,
47802,other,
48125,other,
48660,other,
48670,other,
48864,other,
49471,other,
49531,other,
49628,other,
50539,other,
51044,other,
51074,other,
51650,other,
51788,other,
52010,other,
52357,other,
52468,other,
52691,other,
52796,other,
52952,other,
53065,other,
53309,other,
53481,other,
53669,other,
53682,other,
53912,other,
54083,other,
55219,other,
55496,other,
55790,other,
56425,other,
57814,other,
58490,other,
58505,other,
59393,other,
59593,other,
59725,other,
59736,other,
59901,other,
59992,other,
60119,other,
60173,other,
60568,other,
60607,other,
61525,other,
61532,other,
61778,other,
62145,other,
62592,other,
63128,other,
63851,other,
64309,other,
65170,other,
66232,other,
66305,other,
66815,other,
67379,other,
68181,other,
68613,other,
68667,other,
69144,other,
70338,other,
70341,other,
71408,other,
72868,other,
72935,other,
73582,other,
73848,other,
73949,other,
74407,other,
74811,other,
75014,other,
75388,other,
75522,other,
75581,other,
75687,other,
75717,other,
76623,other,
77661,other,
77870,other,
78122,other,
78433,other,
78499,other,
78755,other,
79239,other,
79248,other,
79487,other,
79680,other,
80080,other,
80347,other,
80597,other,
80737,other,
81786,other,
82274,other,
82356,other,
82557,other,
82880,other,
83040,other,
83623,other,
84129,other,
84236,other,
84563,other,
85116,other,
85648,other,
85703,other,
85711,other,
86059,other,
86559,other,
87414,other,
89927,other,
89978,other,
90300,other,
90632,other,
90847,other,
90913,other,
92533,other,
92882,other,
94680,other,
94786,other,
94995,other,
96657,other,
97291,other,
97712,other,
97729,other,
97795,other,
97917,other,
97948,other,
98317,other,
98593,other,
98705,other,
98972,other,
100825,other,
100946,other,
101262,other,
101560,other,
101611,other,
101746,other,
102771,other,
103139,other,
103427,other,
103759,other,
104341,other,
104838,other,
105164,other,
105947,other,
107093,other,
107161,other,
107297,other,
107879,other,
108600,other,
108754,other,
109217,other,
109637,other,
109661,other,
110335,other,
110949,other,
111594,other,
111605,other,
112891,other,
112957,other,
113525,other,
113778,other,
114922,other,
115251,other,
116056,other,
116671,other,
116963,other,
117546,other,
117692,other,
117856,other,
117902,other,
118093,other,
118144,other,
118666,other,
118999,other,
119425,other,
119821,other,
120442,other,
120449,other,
120559,other,
120569,other,
120741,other,
121316,other,
121655,other,
122790,other,
122799,other,
123317,other,
123336,other,
123624,other,
123801,other,
124386,other,
125499,other,
125750,other,
126036,other,
126302,other,
126347,other,
126472,other,
126886,other,
127083,other,
127232,other,
127486,other,
128069,other,
128172,other,
128452,other,
129382,other,
129631,other,
130255,other,
130679,other,
130815,other,
131241,other,
132796,other,
133013,other,
133642,other,
133705,other,
134232,other,
135219,other,
135327,other,
135692,other,
136081,other,
136981,other,
138550,other,
138576,other,
139700,other,
140426,other,
140647,other,
140817,other,
142663,other,
143608,other,
144042,other,
144226,other,
144290,other,
144633,other,
145408,other,
146706,other,
149140,other,
149802,other,
149806,other,
150299,other,
150443,other,
150447,other,
150546,other,
150805,other,
150952,other,
151037,other,
151229,other,
151684,other,
152580,other,
153087,other,
153328,other,
153433,other,
154294,other,
154349,other,
156536,other,
157116,other,
157706,other,
158050,other,
158979,other,
159054,other,
159461,other,
159863,other,
160152,other,
160812,other,
160975,other,
162127,other,
162445,other,
162802,other,
163666,other,
163749,other,
163751,other,
163820,other,
163826,other,
165608,other,
166861,other,
167015,other,
167240,other,
167843,other,
168268,other,
168658,other,
169542,other,
169816,other,
170110,other,
170310,other,
170508,other,
171241,other,
171784,other,
172851,other,
173145,other,
174043,other,
174156,other,
174815,other,
175573,other,
176250,other,
176350,other,
176737,other,
176821,other,
177926,other,
178110,other,
178501,other,
178632,other,
178740,other,
179257,other,
179430,other,
179739,other,
180488,other,
180679,other,
180976,other,
182960,other,
182966,other,
183422,other,
186412,other,
187714,other,
188717,other,
188894,other,
191009,other,
191051,other,
192217,other,
192536,other,
192787,other,
194681,other,
194692,other,
194844,other,
195157,other,
195596,other,
195681,other,
195922,other,
196230,other,
196488,other,
196499,other,
197000,other,
197075,other,
199785,other,
200098,other,
200321,other,
200468,other,
200725,other,
202726,other,
204223,other,
204424,other,
204432,other,
205322,other,
206297,other,
206774,other,
206973,other,
207092,other,
208006,other,
208288,other,
208439,other,
208521,other,
208859,other,
208870,other,
209067,other,
209194,other,
209263,other,
209665,other,
209763,other,
211429,other,
211879,other,
211978,other,
212190,other,
214249,other,
215340,other,
216838,other,
216965,other,
217608,other,
218549,other,
219335,other,
219884,other,
220400,other,
220890,other,
221051,other,
221597,other,
221858,other,
223925,other,
225753,other,
226009,other,
226285,other,
226606,other,
226618,other,
227466,other,
227616,other,
227866,other,
228195,other,
228745,other,
229156,other,
229202,other,
229248,other,
229471,other,
230391,other,
230804,other,
231838,other,
234269,other,
235274,other,
235879,other,
236404,other,
238943,other,
240118,other,
240273,other,
240715,other,
242432,other,
242874,other,
243439,other,
244453,other,
245344,other,
245747,other,
246532,other,
247344,other,
248397,other,
249138,other,
250379,other,
251032,other,
251251,other,
251620,other,
253156,other,
254589,other,
256966,other,
257858,other,
257929,other,
258108,other,
258113,other,
258504,other,
258598,other,
259694,other,
260110,other,
261637,other,
261742,other,
261996,other,
88,syntactic,adjective + noun
102,syntactic,checking results for zero or success
178,syntactic,code file paths and imports
199,syntactic,"enhance, emphasize, highlight"
250,syntactic,reporting speech
326,syntactic,"""I was"" or ""My"" followed by well wishes"
341,syntactic,бу/бы root words
420,syntactic,see * or chapter
444,syntactic,D and related prefixes
451,syntactic,void followed by main
469,syntactic,contractions and possessives
474,syntactic,is a
481,syntactic,multi-lingual text recognition
495,syntactic,latex formatting commands
541,syntactic,conjunctions and punctuation
547,syntactic,optional arguments
568,syntactic,list separators
624,syntactic,The [Topic]
704,syntactic,top number / numerator
758,syntactic,code related keywords
777,syntactic,prompts and questions
816,syntactic,If you are feeling/having thoughts
856,syntactic,`zip` and `dict` creation
882,syntactic,`\usepackage{`
1122,syntactic,default: {
1235,syntactic,using namespace
1357,syntactic,その結果
1474,syntactic,lists with special characters
1632,syntactic,public class
2320,syntactic,"portuguese, string, step, whit"
2510,syntactic,Option 2
2959,syntactic,visual separators and symbols
2972,syntactic,at some point
2990,syntactic,code comments
3132,syntactic,code string delimiters
63,semantic,dog training and behavior
85,semantic,date and time
147,semantic,feet and toes
152,semantic,injury and retirement
238,semantic,"AI, machine learning, data, logic, code"
295,semantic,geography and math
433,semantic,adjusting systems or processes
458,semantic,parts failure
475,semantic,days of week and time
535,semantic,job title vacancy
550,semantic,Ruby on Rails
612,semantic,"division, fractions, and calculations"
633,semantic,**JavaScript event handling in HTML contexts**
675,semantic,conjunctions in many languages
707,semantic,Terminator and Schwarzenegger
713,semantic,python code for algorithm problems
743,semantic,historical regions and peoples
775,semantic,biblically-styled prose
784,semantic,numbers and quantities
795,semantic,temperature and degree values
817,semantic,logic deduction
831,semantic,"exploit, abuse"
843,semantic,listing and prevention
862,semantic,tasked with investigating games
975,semantic,json closing brace
1169,semantic,**post-Soviet Russia and neighboring regions**
1210,semantic,suspense and thrill
1281,semantic,python flask web development
1308,semantic,animal / animals
1358,semantic,"perimeter, boundary, border"
1445,semantic,location and distances
1468,semantic,gene and mRNA production
1489,semantic,news url
1511,semantic,academic writing essays
1544,semantic,weather
1588,semantic,dates and years
1601,semantic,Lonely Planet guidebooks
1622,semantic,how much something changes
1723,semantic,about.company links
1740,semantic,Lithuanian
1760,semantic,"float values, randomness"
1790,semantic,colon separator
1804,semantic,street addresses and city names
1811,semantic,`std=c++` or version identifiers
1840,semantic,randomness and probabilities
1854,semantic,"build, create, assemble"
1860,semantic,input / Input
1943,semantic,prompts for interactive menus or game inputs
1969,semantic,If not
1977,semantic,learning and training data
1984,semantic,reading files or code definitions
2081,semantic,"parasites, mites, adversarial, adults"
2088,semantic,going to project
2147,semantic,prime number definition
2237,semantic,What is
2254,semantic,C++ size of struct/class members
2304,semantic,city or location
2325,semantic,invasion of Ukraine
2329,semantic,Vietnamese food and culture
2344,semantic,numbered lists
2397,semantic,answer to life
2399,semantic,fractions or formulas
2412,semantic,".com, .org, .net, .aspx, .png"
2430,semantic,economic news and data
2433,semantic,license or copyright notices
2445,semantic,completion
2484,semantic,numbers and calculations
2498,semantic,"Syrian army, failure, amyloid beta"
2506,semantic,dry cloths in hours
2527,semantic,"passive income, automatic business"
2582,semantic,travel destinations and departure times
2605,semantic,"sensory experiences, nature, touch, smell"
2608,semantic,production and release
2618,semantic,"factorial, fibonacci, sum"
2723,semantic,definition labels
2792,semantic,"years old. Beyond that, the amount of <sup> <start_of_turn>user is it possible to live forever?<end_of_turn> <start_of_turn>model Okay, this is *the* big question, isn't it? The short answer is: **currently 60 - \log_3(2)$.lifespan or age-related quantities"
2813,semantic,viruses and malware
2833,semantic,web page titles
2916,semantic,custom-made and produced items
3014,semantic,function definitions and keywords
3066,semantic,instruction tuning
3089,semantic,Chrome browser settings
3091,semantic,3D modeling and game engines
3234,semantic,faced criticism
3237,semantic,real estate and business investments
3351,semantic,"if __name__ == ""__main__"""
3353,semantic,fractions and numbers
3375,semantic,IP addresses
3418,semantic,path in code
3441,semantic,dates and current information
3457,semantic,"A, B, C or numbers with ""travel"""
3473,semantic,film critic or review language
3500,semantic,date and time operations
3570,semantic,early 2024
3583,semantic,"angle, sin, hypotenuse, refraction"
3620,semantic,final followed by noun
3640,semantic,arithmetic sequence generation
3670,semantic,how to play
181,other,asking to explain
223,other,without needing labels
407,other,citation numbers
453,other,camellia / cameltoe / camel case
533,other,game articles and links
660,other,salutations
741,other,first person perspective explaining limitations
1037,other,titles and headings
1166,other,convert data to numerical
1274,other,"converting, need, demand"
1304,other,logging configuration and arguments
1340,other,combining words starting with specific letters
1393,other,code errors
1502,other,sequences of numbers and symbols
1655,other,create something
1680,other,mathematical operator or calculator
1724,other,colon followed by descriptive text
1729,other,information about
1815,other,numbers and results of calculations
1907,other,see below
1923,other,explaining a statement
1987,other,class MA Studio offers
2070,other,code block structure
2106,other,line breaks or section titles
2116,other,code string formatting and variables
2141,other,receivingconsumesgets
2156,other,module. followed by identifier
2225,other,tell me:
2248,other,code block delimiters
2278,other,two and other numbers
2395,other,! or . followed by **
2398,other,your giving my information
2503,other,offering help or assistance
2522,other,oh followed by something
2545,other,"take off, put off, Genki desu, Nǐ xiǎng ràng wǒ jiěshì yīxiē"
2576,other,d
2695,other,fire and heat
2795,other,if you provide
2850,other,% character followed by code/math terms
2888,other,code syntax separators
2895,other,focuses on or specializes
2924,other,testimonials and results
2940,other,exercises or tests
2958,other,"flash cards, lights, fiction"
2969,other,"greeting ""hi"""
2983,other,rabbit hole
3046,other,model responses
3120,other,you asking me to help
3136,other,quotation marks
3184,other,class
3217,other,but / though
3280,other,granting permission or allowing actions
3290,other,during:
3340,other,regex split code parts
3354,other,time since an event
3363,other,series of stories
3423,other,refusal to explicit requests
3519,other,enumerated lists
3524,other,"musical concepts, Director, cites, greetings, special"
3676,other,numbered lists with bullet points
3694,other,parameter or return types
3780,other,alongside or amidst
3782,other,moving delivery service
3791,other,academic references with authors and years
3803,other,academic study titles
3825,other,specific time duration
3878,other,known as / called the
3899,syntactic,date `sum` `errors` `receive`
4034,syntactic,mathematical expressions and calculations
4066,syntactic,math operations with numbers
4197,syntactic,function definitions
4204,syntactic,"quoted numbers and variables"""
4227,syntactic,"status updates, verification, or reasons"
4235,syntactic,declarations and definitions
4256,syntactic,"questions asking ""what is"" or ""how many"""
4270,syntactic,"entity recognition tags (`PER`, `SUBJECT`)"
4436,syntactic,literal string matches
4513,syntactic,"one word, not a single extra word"
4567,syntactic,list and story
4623,syntactic,domain names and subdomains
4667,syntactic,``` code blocks
4696,syntactic,recursive functions
4721,syntactic,latex package commands
4782,syntactic,key-value assignments
4786,syntactic,optional parameters)
4790,syntactic,app component file names
4851,syntactic,concluding statements
5007,syntactic,public class
5008,syntactic,def split
5015,syntactic,numbers after separators
5069,syntactic,numbers after punctuation or common words
5134,syntactic,programming function definitions
5148,syntactic,function definitions and callbacks
5155,syntactic,sentences ending with exclamation marks
5170,syntactic,Option 1:
5233,syntactic,LaTeX commands and environments
5265,syntactic,before
5303,syntactic,la followed by common French nouns
5395,syntactic,since [time period]
5410,syntactic,`os.path.join` and file operations
5526,syntactic,numbers followed by periods
5528,syntactic,what is
5560,syntactic,Create or suggest something
5586,syntactic,multi-lingual contexts
5591,syntactic,DB or FW followed by other letters
5626,syntactic,date and time formats
5786,syntactic,"headings, sections, and structure"
5815,syntactic,question refers to information
5826,syntactic,"""never"" following punctuation"
5832,syntactic,quick brown
5941,syntactic,sql SELECT
5942,syntactic,"docker, linux, and container commands"
6194,syntactic,"fully, completely, entirely"
6217,syntactic,words starting with i
6227,syntactic,have been
6303,syntactic,There are
6358,syntactic,web scripting languages
6397,syntactic,section titles
6435,syntactic,code definition
6573,syntactic,Here's a breakdown
6676,syntactic,React route components
6679,syntactic,over time
6828,syntactic,Final Answer
6843,syntactic,titles and labels
6882,syntactic,"digits, or numbers, or foreign words"
6968,syntactic,links ending in `](`
7190,syntactic,date and time indicators
7235,syntactic,code lists and data structures
7263,syntactic,yes or no
7319,syntactic,Names and short words
7402,syntactic,question context delimiters
7425,syntactic,`self` or `sell` followed by code elements
7443,syntactic,conditional statements
7571,syntactic,code construct syntax
7703,syntactic,listing markdown features
7974,syntactic,mathematical expressions
8022,syntactic,"solve, calculate, describe"
8114,syntactic,You are a
8286,syntactic,I followed by verb
8330,syntactic,line numbers or code blocks
8399,syntactic,with the
8429,syntactic,formal/technical alternatives
8454,syntactic,Title]
8502,syntactic,numbers used in computations
8505,syntactic,Hugging Face or torch code
8513,syntactic,ber- related words
8573,syntactic,code syntax and operators
8584,syntactic,email addresses
8592,syntactic,letter choices
8643,syntactic,object attribute access
8644,syntactic,it's
8706,syntactic,links that begin with https
3973,semantic,artist's vision or creative project
4005,semantic,USD or currency amounts
4038,semantic,lifetime value/warranty/registration
4052,semantic,municipal growth equity
4053,semantic,professional evaluation or advice
4158,semantic,"MRI, magnetic resonance, magnets"
4162,semantic,"roman empire, slave labor"
4173,semantic,Reconstruction era policies
4190,semantic,"dates, meetings, or progress"
4580,semantic,AI applied to education and finance
4875,semantic,mathematical calculations
4896,semantic,"Romanesque, Orthodox, Armenian, Zeta"
4935,semantic,time and distance
4985,semantic,"Oak Harbor, Sultanahmet, Hagerstown, Alcântara, Frankfurt, Rothenburg"
5027,semantic,loading or fetching data
5044,semantic,extra drag
5081,semantic,"chemical reaction, chemistry, chemists"
5100,semantic,instruction
5127,semantic,simple syrup or bubble tea
5146,semantic,"botulinum, chemical, toxins, investigation"
5280,semantic,trick question
5367,semantic,History of Present Illness
5388,semantic,coding interview algorithms and complexity
5411,semantic,Resident Evil titles
5447,semantic,witchcraft magic lore
5452,semantic,HPC and computational concepts
5495,semantic,coordinate transformation
5516,semantic,write an email
5599,semantic,legal definitions and requirements
5640,semantic,science experiments
5710,semantic,assumptions or examples
5762,semantic,"arm, angle, stand, attaching"
5764,semantic,"stay with, staying asleep, stay point"
5820,semantic,mixes and blends
5834,semantic,current weather or weather forecasts
5910,semantic,area in square units
5940,semantic,"inverse proportion, cosine, graph, table"
6027,semantic,"lists, code, and specific items"
6102,semantic,years of experience
6112,semantic,Breakdowns or eliminations
6114,semantic,angels and angelic beings
6238,semantic,"vomiting, spitting, and coughing"
6251,semantic,multi-head attention
6276,semantic,"wedding, bridal, and couples events"
6384,semantic,generates fake data
6474,semantic,companies and organizations
6529,semantic,operation start words
6619,semantic,"urinary issues, thirst, litter box"
6648,semantic,university admissions applications
6751,semantic,assuming population
6760,semantic,vase-shaped form
6806,semantic,biblical texts and references
6819,semantic,dil dilution
6906,semantic,device information
6913,semantic,national geographic facts
6943,semantic,dynamic programming algorithms
6983,semantic,university websites
6997,semantic,Italian cities and nationality
7072,semantic,"options, answers, or choices"
7106,semantic,doctorate or Dr. titles
7113,semantic,languages and speaking
7135,semantic,girls and boys
7139,semantic,doubling and halving
7238,semantic,love isrespect
7335,semantic,Central America
7417,semantic,days and dates
7428,semantic,years
7433,semantic,PHP CMS
7474,semantic,summer wrap dress
7515,semantic,Combine with
7559,semantic,"China, manufacturing, supply chains"
7720,semantic,languages with special terms
7735,semantic,hostel management
7804,semantic,centuries and ordinal numbers
7854,semantic,floor-to-ceiling
7935,semantic,variable names mean
8017,semantic,API keys and secret tokens
8067,semantic,fox rabbit mouse bird
8101,semantic,medical symptoms and conditions
8132,semantic,specific groups and populations
8183,semantic,cycle through
8245,semantic,city names
8252,semantic,"state, city, and date"
8261,semantic,"Southern Europe, Africa, Italy, Morocco"
8289,semantic,GUIDs and hex codes
8338,semantic,dollar amounts and quantities
8384,semantic,ETFs and institutional investment
8387,semantic,breed or breeding
8578,semantic,North America
8597,semantic,"""ano"" or ""mahal kita"""
8659,semantic,1-800 numbers
8685,semantic,acronyms and country names
3942,other,you see
4141,other,"browse, catalogs, addons, scrolling"
4350,other,names and names
4421,other,What do you ask
4522,other,insulin sensitivity shuttle cells
4704,other,comprehensive explanation
4798,other,"simplicity, simple, simply"
4933,other,characters
5131,other,details and memories
5158,other,just let
5717,other,what have you tried
5740,other,is helpful
7148,other,emojis expressing emotion
7497,other,change or update
7562,other,dollar sign followed by code or variables
7731,other,4
7898,other,I understand you
8118,other,"NULL, free, deceive"
8327,other,time indication
8388,other,here's how to solve
8503,other,Second Thomas Shoal
8653,other,vector
8718,syntactic,punctuation and word separation
8733,syntactic,base64 data blocks
8804,syntactic,formatting and parenthesized content
8899,syntactic,math and code sequences
8984,syntactic,code blocks with indexing
9013,syntactic,explaining lists broken down
9026,syntactic,short answer
9144,syntactic,list formatting
9215,syntactic,table of contents marker
9227,syntactic,sums and declarations
9233,syntactic,.bin files
9239,syntactic,code delimiters
9333,syntactic,URLs and links
9344,syntactic,code imports
9402,syntactic,u/username
9497,syntactic,"b, B, and variations"
9524,syntactic,"recommended, optional, requires"
9679,syntactic,'a' followed by non-alphanumeric
9714,syntactic,mathematical operations and symbols
9907,syntactic,table / border
10061,syntactic,initializing lists or arrays
10103,syntactic,code keywords and commands
10447,syntactic,numbered list items
10559,syntactic,questions and punctuation
11245,syntactic,programming output and input
11290,syntactic,python
11626,syntactic,code examples
11632,syntactic,JSON structure closing brackets
11793,syntactic,"period followed by ""A"""
11940,syntactic,example definitions and contexts
12061,syntactic,architect your code
12552,syntactic,time formatting:HH:MM:SS
12613,syntactic,It is
13585,syntactic,css link tags
13886,syntactic,".com, ""cogn, _01"
14069,syntactic,URLs
14393,syntactic,code formatting and punctuation
14409,syntactic,introductions or setup sections
14909,syntactic,list numbering and continuation
8754,semantic,investment accounts and securities
8794,semantic,absence of outward signs
8833,semantic,"counting, quantities, everyday concepts"
8850,semantic,ring
8864,semantic,linear equations matrix
8898,semantic,bus station transport
8920,semantic,"Marcos, edukasyon, barangay, alliance"
8924,semantic,company websites
8974,semantic,panel energy
8998,semantic,Ministry of Foreign Affairs
9037,semantic,physics and math symbols
9110,semantic,"closer, nearest, closest"
9160,semantic,mathematical equations and operations
9187,semantic,image alt text and descriptions
9225,semantic,made from or with
9256,semantic,"family members, occupations, actions"
9307,semantic,event handling and assignments
9363,semantic,sexual stimuli and intercourse
9378,semantic,charitable funding and services
9432,semantic,hotel and accommodation types
9490,semantic,colors and appearances
9557,semantic,age or time differences
9627,semantic,API calls and file paths
9690,semantic,residential property listings
9742,semantic,song titles or artists
9756,semantic,website navigation links
9768,semantic,sticker and decal
9794,semantic,knowledge and understanding
9806,semantic,racial and ethnic groups
9844,semantic,unless followed by cessation or conditions
9883,semantic,driving and car context
9903,semantic,numbers and measurements
9946,semantic,variable declaration keywords
9994,semantic,firefox preference names
10098,semantic,"medical diagnosis, administration, security"
10178,semantic,import and const declarations
10316,semantic,date mentions
10350,semantic,free or release
10361,semantic,award winner nominees
10368,semantic,"configurable fields, api, populate"
10401,semantic,context clauses or product descriptions
10457,semantic,bullet points or lists
10536,semantic,"Ohio, bile, constraint"
10558,semantic,URLs to scientific/medical journals
10660,semantic,"properties, motivation, information, derivatives"
10707,semantic,"EB, PR, US immigration visas and applicants"
10726,semantic,linear regression classification
10776,semantic,categorized or grouped items
10815,semantic,comparable or equivalent
10887,semantic,coordinates enclosed in parentheses
10925,semantic,factory method pattern
11104,semantic,mathematical expressions with numbers
11159,semantic,acceleration and speed
11189,semantic,"chafing, irritation, or friction"
11234,semantic,python code blocks
11360,semantic,stop or achieve goals
11363,semantic,support services
11382,semantic,"heat, weather, caution, hydration"
11605,semantic,open-weights model
11638,semantic,maximum of digits or quantity
11792,semantic,"definitions of ""means"""
11875,semantic,about regulation or settings
12041,semantic,asking how or what
12139,semantic,code definitions
12141,semantic,latex citations and equations
12161,semantic,"**movement, body composition, hormones**"
12168,semantic,"meat, vegan, vegetarian"
12169,semantic,place names and travel destinations
12213,semantic,find a dealer
12237,semantic,"video, speech, change, AI"
12335,semantic,baseball games
12347,semantic,python automation scripts
12387,semantic,course training program
12412,semantic,hobbies
12510,semantic,deadlines and project timelines
12602,semantic,Genius lyrics origin
12608,semantic,convertible editable XML data
12695,semantic,contrasting concepts
12836,semantic,register activation hook system()
12858,semantic,"give up, wait, patience"
12894,semantic,numbers and currencies
12895,semantic,write an article
12908,semantic,medical office appointment
12965,semantic,facts and facts about places
12990,semantic,product names or codes
13015,semantic,logarithm or natural logarithm functions
13188,semantic,.dockerignore and zip commands
13317,semantic,entity or recipient types
13322,semantic,municipality administrative units
13323,semantic,cloning and propagation
13371,semantic,count of years or duration
13391,semantic,maintainability and updates
13415,semantic,reported or thought about statistics
13432,semantic,"Warhammer, wargaming, LEGO, troops"
13453,semantic,volume or vol abbreviation
13481,semantic,communications roles
13670,semantic,"telematics, trapezoid, Topaz"
13672,semantic,British history and politics
13683,semantic,c++ code
13871,semantic,"which is better, longer, impact, accurate"
13918,semantic,Pros and advantages
13931,semantic,Python/Django class/model imports
14016,semantic,numbers and dates
14042,semantic,connections and joints
14050,semantic,"nova, new, bright"
14064,semantic,box
14118,semantic,numbers with commas or periods
14367,semantic,click event listeners
14410,semantic,loss and mourning
14430,semantic,"imaginable rates, highest environments"
14457,semantic,explaining word count
14472,semantic,professionals and their titles
14558,semantic,presents challenges
14650,semantic,entire process lifecycle
14670,semantic,implying suspicion or concern
14758,semantic,names of people and professions
14762,semantic,interest and calculations
14866,semantic,returning templates
14928,semantic,peel/strip
8757,other,on
8764,other,Be
8978,other,finding solutions and checking answers
9247,other,your specific
9322,other,let me know if
9323,other,import java.util.regex.Matcher;import java.util.regex.Pattern;
9731,other,seemingly X or X appearance
9827,other,designed to be
9956,other,"say, like, shall"
10338,other,also known as
10411,other,application start/assignment
10548,other,word
10671,other,tell me what you need
10675,other,would like to
10803,other,prioritize customer satisfaction
10888,other,verify that
11068,other,numerical values or specifications
11560,other,positive attributes and qualities
11706,other,implication or association
12230,other,time ago
12239,other,leading highest most
12456,other,multi-lingual beginnings
12600,other,i have / i was
12718,other,This is/assumes/will be
12820,other,image scaling factor
13137,other,"fire, embers, cigarette butt, hearth"
13389,other,certain
13399,other,explanation
13452,other,counting numbers
13607,other,optimizing or optimizing
13623,other,thank you
13955,other,responsible for providing or assisting
14104,other,model answers
14281,other,formal and official contexts
14326,other,html <title> tag
14370,other,"The neuron appears to be related to **access control and permissions**. Looking at the provided lists:*   **TOP_POSITIVE_LOGITS**: `permission`, `permissions`, `phép` (Vietnamese for permission), `granted`. These are direct indicators of permissions.*   **TOP_ACTIVATING_TEXTS**: contain phrases like ""negando l'autorizzazione"" (denying authorization/permission), ""complex permissions"", ""permissions.has('Administrator')"", ""Permission Levels"", ""Policies"".*   **MAX_ACTIVATING_TOKENS**: `autor`, `e`, `has`, `the`. These are common English words, but `autor` (likely from Italian/Spanish 'author' or 'authority') and `has` (as in `permissions.has()`) can relate to who or what possesses authority or permissions.*   **TOKENS_AFTER_MAX_ACTIVATING_TOKEN**: `izzazione` (Italian suffix often found in words like 'autorizzazione' - authorization), `.`, `('`, `format`, `(`, `Bits`, `access`.**access and permissions**"
14431,other,if you
14448,other,and followed by a noun
14537,other,taking into account
14601,other,now we're left with
14917,other,have the same
14988,other,to fill a blank
15116,syntactic,numbers with commas
15117,syntactic,timestamp
15227,syntactic,"old, prior, recent, or aged contexts"
15478,syntactic,. )
15580,syntactic,national / adjectival endings
15732,syntactic,"acknowledging caveats, then stating what can be done"
15838,syntactic,languages with specific alphabets
16246,syntactic,need to provide
16364,syntactic,character count or length
16445,syntactic,quoted speech start
16623,syntactic,URL and file paths
16680,syntactic,span elements and Spanish words
16879,syntactic,HTML input and form elements
17382,syntactic,non-English words and phrases
17442,syntactic,with specific following words
17525,syntactic,label or clickable element with associated action
17529,syntactic,click or tap on UI elements
18200,syntactic,remove text from cursor to end
18354,syntactic,foreign languages
18400,syntactic,yes or no answers
18667,syntactic,mathematical and scientific notation
18695,syntactic,Api request response
19070,syntactic,css declarations
19864,syntactic,section numbers or lists
20236,syntactic,version specifiers
20311,syntactic,UI layout widgets and their children
20381,syntactic,end of turn markers
20456,syntactic,`[]` and `()` enclosing text
20638,syntactic,skip special tokens
21089,syntactic,checking conditions or types
21281,syntactic,this or these followed by noun
21660,syntactic,initializers and constructors
22470,syntactic,"if __name__ == ""__main__"": block"
22709,syntactic,python class definitions
23157,syntactic,list item markers like * or -
23237,syntactic,import ... from
23253,syntactic,space and blank handling
23267,syntactic,throw/raise exception
24432,syntactic,protocol-relative URLs
25710,syntactic,compound names or author ranges
25774,syntactic,URLs and website paths
25816,syntactic,"commands, questions, or instructions"
26254,syntactic,next followed by time period
26350,syntactic,mathematical notation
26461,syntactic,must followed by action
15016,semantic,create vue or nebula
15037,semantic,project infrastructure and metro rail
15044,semantic,contradiction
15134,semantic,"dogs, cats, expensive, companionship"
15154,semantic,examinations and assessments
15362,semantic,recommendation and suggestion
15374,semantic,modified versions for others
15444,semantic,"exchange programs, sabbatical, fellowships, visiting"
15678,semantic,dates
15709,semantic,locations and countries
15839,semantic,lottery prizes and jackpots
15868,semantic,aid package
16190,semantic,fraction division multiplication
16268,semantic,math expressions with variables
16303,semantic,twitch streams
16507,semantic,talking about the future
16508,semantic,new Apple Pencil Pro
16627,semantic,travel plans cities pollution
16781,semantic,copy and paste
16783,semantic,feeling uneasy or worried
16863,semantic,contacting or reaching out
16881,semantic,early signs or stages
16894,semantic,"corrosion, rust, tarnish"
16911,semantic,form filling contexts
16981,semantic,class of medication
17008,semantic,"Indonesian Independence, Kartini, guided democracy"
17024,semantic,forms a contract or not consent
17100,semantic,salary and income
17114,semantic,Java servlets and web development
17126,semantic,human identity and roles
17190,semantic,"cults, sects, and followers"
17704,semantic,private market competition
17771,semantic,"Raga, RSI, routine, 'r' sound"
17843,semantic,location information in job descriptions
17975,semantic,calculation of units using formulas
17976,semantic,"Instructor, Office, Email, Name"
18020,semantic,long / uzun / panjang
18309,semantic,neural networks predict classification
18431,semantic,AI alignment and safety
18537,semantic,promotion and sales metrics
18547,semantic,hypothetical outcomes
18655,semantic,time zones
18688,semantic,python code generation requests
18907,semantic,you can
18960,semantic,imposed restrictions
19054,semantic,exam difficulty grading
19102,semantic,simulation and analysis
19133,semantic,"modelmodels, model building, training, tabular data"
19296,semantic,mathematical formulas and equations
19363,semantic,"installing, modifying, or maintaining software/scripts"
19456,semantic,relief from problems
19530,semantic,concepts or abstract nouns
19634,semantic,achieve or attain something
19706,semantic,"numbers and units (millions, billions)"
19731,semantic,leader roles
19849,semantic,SQLAlchemy declarative base
19853,semantic,rend
19880,semantic,"beautiful scenery, beaches, architecture, coastline"
19926,semantic,mournful expressions of grief
19984,semantic,"pick, remove, keep, grippers"
20131,semantic,morals and dogma
20182,semantic,materials
20313,semantic,C# and Microsoft development
20372,semantic,mathematical calculations
20479,semantic,non-GAAP financial measures
20611,semantic,lamp enhancement
20688,semantic,matplotlib plotting commands
20897,semantic,"marketing, tourism, venues, events"
20971,semantic,health and nutrition facts
21073,semantic,growth and development
21075,semantic,introvert
21099,semantic,economic and geopolitical events
21119,semantic,"government, organizations, companies"
21183,semantic,What the hell / What's / What do
21437,semantic,epoch in
21453,semantic,feeling and sensing states
21465,semantic,Iran's political and social landscape
21790,semantic,age-specific vocabulary for children
21874,semantic,hope you enjoyed this poem
22025,semantic,street names San Pablo and Sherbrooke
22061,semantic,android app links
22142,semantic,any specific
22246,semantic,core collapse
22300,semantic,"optical, gas, stream"
22356,semantic,","
22406,semantic,"person, place, or thing"
22496,semantic,asking for advice or guidance
22623,semantic,court and legal proceedings
22624,semantic,units of measure
22742,semantic,Snapchat ephemeral content
22765,semantic,cashback or travel
22855,semantic,medical advice
22933,semantic,counting objects left
23017,semantic,"assess appropriateness, data, risk"
23075,semantic,how to [verb]
23142,semantic,power and outlet wiring
23158,semantic,credit and attribution
23205,semantic,speaking out against or condemning
23326,semantic,"attention, focus, concentration, dopamine"
23509,semantic,"stone, cornerstone, foundation"
23573,semantic,doing and not doing
23648,semantic,"Dutch, Netherlands"
23690,semantic,work and communication
23725,semantic,geometric shapes and mechanical parts
23783,semantic,Old Testament or Numbers
23791,semantic,customer service inquiry about returns
23920,semantic,eigenvectors and eigenvalues
24099,semantic,in English
24379,semantic,random generation
24431,semantic,unlocking and access
24486,semantic,coffee grounds and filtration
24516,semantic,"social behavior, adaptation"
24636,semantic,alphanumeric codes
25004,semantic,you are not alone
25043,semantic,"write, say, answer, respond"
25078,semantic,activities and events
25136,semantic,code repository descriptions
25299,semantic,Eastern Roman Empire
25527,semantic,at the expense of suffering
25698,semantic,good/better descriptions
25732,semantic,sports practice drills
25821,semantic,foreign residency requirements
26049,semantic,financial or monetary topics
26273,semantic,exploratory and descriptive analysis
26356,semantic,regression and statistical analysis
26405,semantic,urban areas and urbanization
15131,other,"sins, better, unless, land"
15287,other,you can
15247,other,execute instructions or actions
17037,other,across a wide
17131,other,see resources
17160,other,"promoting, referring, downplaying"
17617,other,"false, grad"
18156,other,specific/exact
18649,other,ends with tomato
18798,other,category names
19306,other,is significantly / low / good
19817,other,because heby gracewhy theywho am
20113,other,"The user wants me to explain the neuron's behavior with a concise phrase (3-20 words) based on four lists.The lists are:-   `MAX_ACTIVATING_TOKENS`: `!`, `!`, `!`, `!`, `😂`, `!`, `!”`, `!`, `!`, `.`. This strongly suggests punctuation, specifically exclamation marks, and an emoji.-   `TOKENS_AFTER_MAX_ACTIVATING_TOKEN`: `**`, `He` (after `😂`). This isn't as clear a pattern.-   `TOP_POSITIVE_LOGITS`: `always`, `mindig`, `обществе`, `hurd`, `وج`, `toujours`, `ALWAYS`, `общество`, `buttonAnimation`, `revolutions`. This list has ""always"" (and ""ALWAYS"") appearing multiple times. It also has words in foreign languages.-   `TOP_ACTIVATING_TEXTS`: Examples of jokes followed by positive feedback (""Hope that gave you a chuckle!"", ""Hope that gave you a little chuckle!"", ""How's that? Want to tweak it, or should we build another joke from scratch?""). The joke format is common, and the emoji `😂` is present in several examples.Let's try to find a common theme:1.  **Punctuation/Emoticons**: `MAX_ACTIVATING_TOKENS` is dominated by `!`. The `TOP_ACTIVATING_TEXTS` often contain emojis like `😂` and `😊`, and frequently end with sentences expressing positive feedback or a call to continue.2.  **""always""**: The word ""always"" appears in `TOP_POSITIVE_LOGITS`.humor and positive affirmationMy goal is to identify patterns related to humor and positive reinforcement, as indicated by the frequent appearance of exclamation points and emojis, alongside phrases expressing enjoyment and encouraging continued interaction"
20279,other,"tannin, Tar, Tang"
20680,other,at the time
21266,other,"and services, generate, areas, realities, developing"
21605,other,scale and scales
22994,other,proper names
23290,other,so far
23878,other,date range or period
24153,other,"specific problems, users, or topics"
24558,other,location or placement
24526,other,types of
25935,other,around
26440,other,"common, harder, important, more, not"
26584,syntactic,specific formatting or code blocks
26763,syntactic,dialogue markers
26767,syntactic,numbers and code
27432,syntactic,numerical sequences and patterns
27703,syntactic,initialized with
28053,syntactic,code syntax and punctuation
28329,syntactic,code snippets and conversational AI responses
28813,syntactic,function or method calls
28885,syntactic,"if __name__ == ""__main__"":"
28920,syntactic,conjunctions followed by connecting phrases
29221,syntactic,mathematical symbols and code constructs
29959,syntactic,"DELETE, PATCH, PUT, GET"
30822,syntactic,assignment statements
30890,syntactic,"non-English words, numbers in dates"
31039,syntactic,"""will"" followed by verbs indicating future actions"
31146,syntactic,latex document class
31249,syntactic,article/journal (various languages)
32226,syntactic,separators or logic with varied terms
33539,syntactic,numerical equations and results
34436,syntactic,list items using asterisks
34805,syntactic,; lists
35144,syntactic,"if __name__ == ""__main__"": app.run"
35189,syntactic,another [new thing]
35232,syntactic,"of course,"
35307,syntactic,everything
35822,syntactic,list elements followed by comma
35830,syntactic,honorifics followed by dialogue
35849,syntactic,HTML tags and multiple languages
35912,syntactic,Deep Dive
37543,syntactic,"e.g., parenthetical examples"
37699,syntactic,which introduces explanation
37747,syntactic,location: address
38048,syntactic,specifying sequences or quantities
38052,syntactic,default value
38359,syntactic,addresses the
39913,syntactic,list creation
40450,syntactic,"H, G, &, R, B prefix"
40454,syntactic,Request: REAL
40955,syntactic,listing options
41442,syntactic,"distribution, completeness, min"
41778,syntactic,icon attributes
42390,syntactic,returns empty or None
32317,syntactic,list items with context
34216,syntactic,code structure and data parsing
36139,syntactic,according to
38957,syntactic,AS keyword introductions
26583,semantic,motion and arrival
26681,semantic,chickens
26755,semantic,city of
26879,semantic,He assumed office
27190,semantic,students and learning contexts
27538,semantic,percentages and fractions
27595,semantic,chemical processing and oil
27780,semantic,past time reference
27925,semantic,Soviet-style relations
27937,semantic,copyleft licenses and distributions
28322,semantic,Socio-emotional learning and practices
28404,semantic,colleague will cover
28532,semantic,coordinates and locations
28543,semantic,minister
28642,semantic,material alternatives
28670,semantic,"nuclear weapons, transition, militarism, social programs, energy"
28938,semantic,historical origins and settlements
29396,semantic,theatre and performance spaces
29407,semantic,lung cancer
29474,semantic,automatically lapse
29953,semantic,compactness and portability
29966,semantic,extract whole
30657,semantic,political discourse and elections
30685,semantic,"his policies, views, ownership"
30931,semantic,"liter, liters, gallon, L"
30969,semantic,temperature settings
31012,semantic,childhood regression baby roleplay
31019,semantic,subtraction concept
31161,semantic,"flow charts, bar graphs, KPIs"
31279,semantic,"education, curriculum, enrollment, courses"
31307,semantic,political participation
31512,semantic,near future timeframes
31559,semantic,Germany's expansion and conquest
31656,semantic,time durations and instructions
31912,semantic,logo design and drawing
31959,semantic,grateful for
32083,semantic,population figures and countries
32428,semantic,cleaning chemicals and services
32593,semantic,student activity
32878,semantic,abstract following colon
32926,semantic,preliminary trials
32947,semantic,daily service
33137,semantic,how to solve problems
33407,semantic,recommendation systems
33411,semantic,"fermented, health, aged, black, seniors"
33483,semantic,time slowing or stopping
33513,semantic,class Dog definitions with breed
33610,semantic,Safe Mode
33736,semantic,explicit sexual content and harm
34127,semantic,specific quantized energy levels
34226,semantic,alphabetical order poems
34241,semantic,beneficence or benefits
34292,semantic,"retellings, remakes, alternate universes"
34434,semantic,five times a day
34457,semantic,oblasts and republics
34703,semantic,bring / brings / bringing / bringt / apporte
34910,semantic,AI blogs
34927,semantic,discovers or stumbles upon
35607,semantic,"mixed number, decimal, fraction"
36437,semantic,estimates range from
36880,semantic,prices
36927,semantic,reporting years and data
37125,semantic,router and strengths
37256,semantic,feeling and sensation
37296,semantic,quantities of time or units
37387,semantic,sending information
37414,semantic,modeltransformer architecture
37416,semantic,metric units and measurements
37474,semantic,potential for improvement
37476,semantic,knock-knock jokes
37558,semantic,itinerary requests
37962,semantic,"first name, customer name"
38029,semantic,film production studios
38039,semantic,challenges and importance
38477,semantic,feel safe or unsafe
38494,semantic,countries and military capabilities
38499,semantic,death dates and places
38504,semantic,inside and outside
38675,semantic,hear that
38767,semantic,difficulties and challenges
38901,semantic,shapes
39251,semantic,"Everest, poker, Grand Slam, oscar"
39295,semantic,"war, military defeat, and flight"
39361,semantic,implement or build
39523,semantic,"reps,"
39850,semantic,SQL VARCHAR definitions
39877,semantic,"loss, alter, setup"
39904,semantic,multiple meanings
40068,semantic,local ordinances and regulations
40231,semantic,times of day
40622,semantic,training
40723,semantic,A particle or rigid
40949,semantic,json policy blocks
41540,semantic,peripheral artery disease
41652,semantic,abbreviations and acronyms
42017,semantic,PDF form filling and signing
42036,semantic,divisible by or prime number
42600,semantic,currency value decreasing
42618,semantic,firebase cloud messaging push notifications
27750,semantic,"list formatting, business terms"
31186,semantic,[dependencies]
32419,semantic,"service, data transformation, results"
33487,semantic,closing parenthesis )
35688,semantic,section .data
37392,semantic,programming indices and pointers
39475,semantic,repository service dao
26484,other,specifically programmed or designed
26676,other,publicly available information
27065,other,mathematical calculations
27844,other,role of
28061,other,future results
28678,other,answer with one word
28727,other,"NOW, THEREFORE, in consideration"
29942,other,Python package structure
30052,other,Spring Security controller and password encoder
30330,other,helm upgrade
30599,other,unify or union relating to China
30992,other,questions and instructions for actions
31116,other,IPL titles or cricket scores
31216,other,it is / was a
31262,other,"bernard, Andrew Ng, Arthur, Broughton"
31382,other,automatically handles or generates
31711,other,Option
31717,other,"code, data structures, and functions"
31743,other,"Indeed, clad, operand"
32162,other,and
32630,other,error handling if err != nil
33193,other,text *and*
33202,other,not directly
34147,other,can
34170,other,age of
34294,other,until a container is full
34358,other,"larger, faster, constant performance"
36319,other,timestamp or block mined
36372,other,keywords in code and data
37035,other,with a/the
37696,other,reply or res
38385,other,how to respond to
39647,other,QOb youtube links
40781,other,"suggestion, message, zone"
40879,other,"second, slow, where"
41307,other,FL or GR
42025,other,"technical skills, professional development"
42898,syntactic,a) followed by punctuation
43386,syntactic,being + past participle
43455,syntactic,was/were followed by descriptive phrases
44096,syntactic,verbs of speech followed by names
44716,syntactic,a/an/which classifier
44719,syntactic,"finally, then a comma"
45236,syntactic,ASCII art characters
46644,syntactic,"Akkurat, eksempel, Allén"
46673,syntactic,closing phrases and signatures
46751,syntactic,"not fully, assign, divisible, iterable, valid, compatible"
47836,syntactic,python imports
47865,syntactic,"List, Column, Fields, aud"
47880,syntactic,sentence terminators and formatting
48089,syntactic,code/programming constructs
49292,syntactic,P.S
50497,syntactic,numbers near equations
51319,syntactic,loop conditions with `< 5`
51828,syntactic,HTML document end
52112,syntactic,setCount or return
52183,syntactic,versions before release
52455,syntactic,numbers then units
53250,syntactic,Path components
53854,syntactic,`?]\nAnswer`
54339,syntactic,conditional rewards and effort
55114,syntactic,function definitions
55254,syntactic,list followed by punctuation or 'a'
55347,syntactic,validity checks in code
55446,syntactic,fill in the blanks
56152,syntactic,list markers or questions
56539,syntactic,"находить, находить, находите, забота, испытывать, делиться, столкнуться"
57266,syntactic,"Let, Given"
58936,syntactic,spec in kubernetes yaml
59503,syntactic,"""is a"" pattern"
60890,syntactic,import statements
61194,syntactic,I followed by personal statement
62014,syntactic,mathematical variables and functions
62915,syntactic,**implicit conversion**
63144,syntactic,keyboard input element
63558,syntactic,example lists or code blocks
65145,syntactic,CRC32 checksum calculation
65416,syntactic,There are [number/determiner]
66143,syntactic,macro or function definition
66555,syntactic,fill in the
43932,syntactic,style blocks or definitions
64134,syntactic,verbs for instructions
64791,syntactic,activities described below
55720,syntactic,Where questions
56997,syntactic,directory paths and code snippets
56936,syntactic,look forward to
59547,syntactic,for the purpose/sake
43105,semantic,certification and qualifications
43271,semantic,applicant tracking systems scan keywords
43400,semantic,informed consent
43544,semantic,polenta and rice cooking methods
43632,semantic,social and personal relationships
43985,semantic,marital status
44020,semantic,connection and configuration details
44223,semantic,legal defense justified
44726,semantic,cleveland clinic
44910,semantic,Korean and Japanese words
45257,semantic,foreign business culture and government
46269,semantic,measurements and units
46863,semantic,food and drink items
46873,semantic,real estate values
47471,semantic,anticipating the future
47501,semantic,costs and budget ranges
47887,semantic,last name
48478,semantic,stargazing and astronomy
48501,semantic,BERT transformer models
48689,semantic,audiobooks and audio lessons
48753,semantic,professionals and their accomplishments
48771,semantic,years ago
49188,semantic,Biblical books
49263,semantic,word problems involving calculation
50292,semantic,profits and costs
50453,semantic,confidentiality / conditions
50962,semantic,"camera quality, technology, and systems"
50966,semantic,Zelda Hyrule investigations
51026,semantic,change over time
51420,semantic,origin of names
51611,semantic,legal rulings and outcomes
52288,semantic,military actions and outcomes
52642,semantic,Shared history or origins
53213,semantic,Islamic finance and interest prohibition
53544,semantic,mathematical function/process/formula/object
54188,semantic,References or Bibliography
54790,semantic,national championship throne
54833,semantic,professional skills or livelihood
54965,semantic,SNAP and conflict zones
55043,semantic,migration and refugees
55340,semantic,crowds and spectators
56039,semantic,"street, district, city, region"
57080,semantic,penitentiary
57673,semantic,visiting places
57959,semantic,mugs
58363,semantic,where you live or are from
58804,semantic,parental love and maternal bonds
59771,semantic,lists in formatting
60383,semantic,Important considerations before you
60521,semantic,percentages and currency
60556,semantic,considerations before you choose
60674,semantic,Palestinian refugees and rights
60823,semantic,legal loopholes
61046,semantic,privacy concerns with uploading sensitive files
61386,semantic,coma or unconsciousness
61556,semantic,classical music composers
61664,semantic,Apple Watches
62240,semantic,surnames
62301,semantic,predictions and deadlines
62774,semantic,"pain, movement, and health"
63034,semantic,population estimates
63233,semantic,'pulls water'
63748,semantic,"analyze data, video, or images"
64066,semantic,drawing with coordinates
66086,semantic,federal agencies
66184,semantic,"conspiracy, factions, organization"
66246,semantic,for storage
66331,semantic,online licensing services
66596,semantic,royal lineage
66674,semantic,women's preferences and traits
43817,semantic,last or final instances
44958,semantic,version numbers
45920,semantic,"enum, type, mode, color, state"
47760,semantic,"behold, beep, beaches, beating"
50860,semantic,that followed by pronoun/determiner
52040,semantic,numbers representing years
56800,semantic,warning messages
57145,semantic,storing securely
57709,semantic,"numbers, years, or degrees"
57977,semantic,numbers indicating age
58419,semantic,submit documents accurately
59183,semantic,game finalperformance
60198,semantic,throws exceptions
61281,semantic,Facebook page or groups
62777,semantic,App names and components
63959,semantic,macro definitions
64167,semantic,"arrival, parking, head, bay"
64981,semantic,forgetting what to do
66878,semantic,current state or situation
58732,semantic,pytest documentation
45410,semantic,multiples and fractions
48080,semantic,counting numbers and words
49207,semantic,more information
49246,semantic,polynomial equations with x
50317,semantic,1-800-843-5678
53011,semantic,2023-10-27 date
53873,semantic,Ragnarök pricing and selection
54461,semantic,"board, cell, or coordinates"
55610,semantic,supply types and module references
59106,semantic,just followed by verbs
63020,semantic,punctuation marks
63323,semantic,mathematical expressions with signs and variables
66260,semantic,between dates or times
42642,other,cat on
43017,other,less than it used to be
43665,other,get on that
43825,other,indicated or considered
44991,other,putting someone on the spot
46953,other,to verb or what happened
47286,other,Okay confirmation
48985,other,what works
48999,other,is further reduced by
49002,other,"most, its, less"
50731,other,exudes qualities or feelings
50861,other,"cool, stylish, edgy"
51204,other,exact words
52602,other,not a simple
53595,other,What followed by common punctuation
54714,other,strong critical presence
54730,other,in a short amount of time
55076,other,"context, body, move"
55868,other,"**Captain, secret advisor**"
56540,other,looks like or seems like
56764,other,**An independent**
57795,other,requesting context
57898,other,v
58253,other,in the way
59285,other,make sure you
59789,other,We foster or believe
60276,other,"numbers following ""approximately"""
62982,other,party in your mouth
63972,other,"today, still"
64335,other,numbers following certain contextual limits
65090,other,We're
65109,other,"``{` or `,` following `of`"
65931,other,product description features
67621,syntactic,mathematical expressions
67963,syntactic,ISO codes and values
68124,syntactic,verb endings or past tense verbs
68253,syntactic,ArrayList HashMap generics
68408,syntactic,name labels in HTML forms
68841,syntactic,preposition followed by the
69026,syntactic,object property assignment
69812,syntactic,multiple choice options
69876,syntactic,nth following separator
71156,syntactic,break down
76232,syntactic,numbered questions
76270,syntactic,key-value pairs
76326,syntactic,what comes after the
77412,syntactic,following punctuation or conjunctions
78094,syntactic,function calls with parentheses
78342,syntactic,html canvas display
78374,syntactic,lists of numbers
79731,syntactic,public class
79847,syntactic,mathematical expansion
80732,syntactic,displaying or stating directly
81486,syntactic,version numbers or system details
81699,syntactic,deployment configuration
83309,syntactic,dropdown list selector
83354,syntactic,average or total calculation
84076,syntactic,q=
84950,syntactic,datetime data type
84962,syntactic,foreign or technical terms
85157,syntactic,overall context or tone
87092,syntactic,code punctuation
87152,syntactic,Spanish summary phrase
88008,syntactic,`@name` or `@namespace`
88535,syntactic,a) option markers
88579,syntactic,from the last
89508,syntactic,words with apostrophes
89557,syntactic,"properties, parameters, methods, attributes, fields"
89622,syntactic,reflection on object properties
89782,syntactic,prepositions indicating location or inclusion
90249,syntactic,"clock, input, heat, Jupiter, queries"
91624,syntactic,"and, तथा, ಹಾಗೂ"
92448,syntactic,citations and references
92452,syntactic,dates and counts
93651,syntactic,citations followed by years
94143,syntactic,output blocks
94598,syntactic,initialization code
94752,syntactic,C:\Program Files paths
95338,syntactic,@Column
95409,syntactic,"Background, Can, For, Ambient, Sometimes"
95415,syntactic,markdown image tags `![]` then code context
96434,syntactic,"electric, electron, electoral"
98823,syntactic,exercises and problems
98977,syntactic,apps and applications
99120,syntactic,list items separated by commas
99531,syntactic,contrast and exception
99732,syntactic,iterates through sequences or populations
99894,syntactic,symbols and file extensions
100228,syntactic,from [date/time expression]
100293,syntactic,text formatting and code pointers
73152,syntactic,pronouns and common verbs
73506,syntactic,by followed by nouns
87148,syntactic,as expected or intended
91179,syntactic,let us
66880,semantic,soap solution
66901,semantic,proof by contradiction
67607,semantic,iconic landmarks and history
67667,semantic,"features like pool, yard, heated"
67920,semantic,unprecedented in human history
69082,semantic,private identifying information
69420,semantic,recreational activities and participation
70147,semantic,busy periods or service stress
70483,semantic,"Emperor, kana, Formatter"
70653,semantic,"loss, missing, stolen"
70824,semantic,ammonia and ammonium compounds
71310,semantic,"""Stonks"" or ""Stalker"" movie titles"
71387,semantic,achieved or accomplished something
72438,semantic,Machu Picchu
72499,semantic,programming libraries and frameworks
72884,semantic,newspaper and magazine titles
73073,semantic,leveraging knowledge and experience
73207,semantic,solving algebraic equations
73218,semantic,medal count by country
74237,semantic,prediction of gambling odds
74823,semantic,programming setup initialization
74956,semantic,Cameroon or gorillas
75150,semantic,"""open weights"""
75344,semantic,factoring and working capital
75619,semantic,dice and coin flips
76502,semantic,records and documentation
77326,semantic,professional experience and specialization
77433,semantic,wakes up or returns
77562,semantic,order processing microservices
77705,semantic,continuous improvement efforts
78173,semantic,search AWS knowledge base
78799,semantic,generate riddles and hints
79345,semantic,time periods
79651,semantic,date ranges involving months
79668,semantic,avoid oil-based lubricants
79678,semantic,"journey, travel, movement"
79940,semantic,buckling of structures
80180,semantic,Meadow Stud and horse racing
82858,semantic,hot air balloon rides and events
83021,semantic,Specifically
83035,semantic,proactive not reactive
83118,semantic,Cossack history and control
83379,semantic,granting powers
84671,semantic,distracted driving
84695,semantic,medical conditions and fatigue
85601,semantic,regulations are discussed globally
86968,semantic,standards for education
86983,semantic,astrology and natal charts
87372,semantic,garden meadow mound
87844,semantic,medical emergency
87866,semantic,describing medical terms or concepts
87970,semantic,drink plenty of fluids
88807,semantic,dogs and pets
89652,semantic,cross river dismantle bridge
89741,semantic,existential or societal collapse
89819,semantic,"embrace discomfort, failure, challenges"
89873,semantic,android database provider
91962,semantic,window maintenance and repair
93083,semantic,explain to a child's age
93959,semantic,global company descriptions
94893,semantic,starting to grow older
95488,semantic,growth rates and percentages
97001,semantic,confidentiality and legal protection
97757,semantic,formulas and mathematical symbols
98410,semantic,language model
98801,semantic,electric scooter regulations
98889,semantic,"Urban Dictionary, law, news"
99266,semantic,geographic locations and legal/organizational terms
100195,semantic,curvature of spacetime
67828,other,increase or larger
68180,other,-
68977,other,specific items or categories
69164,other,service or services
70510,other,how many
71253,other,description of size or ease
71413,other,"Miami, CT, Apple, Graphics, Caesar, Gliese"
71607,other,good answer explanation
71624,other,disclaimers about professional advice
71630,other,"direction, amplitude, time, frequency"
71804,other,units of measurement
72920,other,reserved for/certain
73359,other,you must be
73362,other,expresses actions/emotions
73588,other,structural and structure
73755,other,comparison to others
73908,other,`Option`
74001,other,story with
75809,other,order/orders
77250,other,"dependencies, UI, technologies"
77664,other,parts of
78416,other,consistently I
78469,other,translate content into English
79102,other,"you'll see, you'll hear"
79278,other,change the subject
79612,other,similar
80123,other,in your life
80215,other,continue / future / more
81263,other,ready to be your
81700,other,instructions for writing
81708,other,"pauses, beats, or silences followed by audience reaction"
82739,other,provide answer
82953,other,request for explicit content
84536,other,please do not / consider
85336,other,"SCYTHE, Phenomenon, buffalo"
85585,other,competition and competing
85839,other,how it's
86103,other,button click events
86220,other,want to
86601,other,really + positive/negative sentiment
87751,other,download file or link
87812,other,"side effects, symptoms, complications"
91488,other,library
91911,other,return coming back
92444,other,"box, boxes"
92485,other,and you
92587,other,database table creation
94041,other,customer indecision
94334,other,pronouns and people's names
94888,other,distance from
94941,other,total + output combined
95933,other,"i admit, i guess, i know"
97173,other,depending on
98901,other,days of the week
100193,other,starts of descriptions or actions
70996,other,code syntax and structure
76419,other,resource requests
76963,other,"Google, Azure, SEM, Moz, Numbers"
77071,other,dates and time phrases
83994,other,"modern standards, realities, interpretations"
101085,syntactic,action:on or setting device
101125,syntactic,image processing and code block formatting
101150,syntactic,birth years
102604,syntactic,pig latin or first letter of string
102894,syntactic,gender following Male or Female
103092,syntactic,latex math expressions
105667,syntactic,API endpoints
107184,syntactic,compared to
107306,syntactic,"a(t)², a², a/r, r²"
108028,syntactic,marked words or phrases
108336,syntactic,to *[verb]*
109528,syntactic,code and programming structures
110369,syntactic,`range` and `list` creation
112859,syntactic,file path components
112900,syntactic,code or command syntax
112990,syntactic,questions after punctuation
113057,syntactic,transitioning to more formal phrasing
113745,syntactic,plus or minus
115223,syntactic,closing parenthesis )
116220,syntactic,pinescript SMA BB kernel Argon
116473,syntactic,numbered lists and examples
117205,syntactic,code structure keywords
117588,syntactic,adding or saving data
117862,syntactic,result equality check
118482,syntactic,id attribute assignments
118540,syntactic,"words starting with R, followed by common endings"
119221,syntactic,actual values
119643,syntactic,original numbers
122138,syntactic,names or specific entities
122880,syntactic,months or years
123472,syntactic,checks existence
123571,syntactic,PSR/PEP coding standards
124752,syntactic,code block delimiters
124815,syntactic,Font(
125574,syntactic,might need
126107,syntactic,document revision history
126169,syntactic,"""for"" or ""with"" preceding nouns"
126237,syntactic,or https
127272,syntactic,numeric codes
127504,syntactic,launch
127657,syntactic,print statements with code
128298,syntactic,asking questions or giving instructions
128746,syntactic,sentence endings and beginnings
129194,syntactic,Contrasting with other categories
130061,syntactic,increasingly or crucially followed by comma
131193,syntactic,list item numbering
131577,syntactic,"programming syntax, especially math notation"
131891,syntactic,punctuation marks
133496,syntactic,commas and equals signs
134135,syntactic,only or until
134702,syntactic,limit calculation
137714,syntactic,change to
137749,syntactic,duration or frequency
138451,syntactic,"image, upload, jpg"
140451,syntactic,math equations and code syntax
141408,syntactic,months and dates
142706,syntactic,random assignment or conditions
143199,syntactic,whether something is needed
145051,syntactic,contains
145070,syntactic,those + noun/adjective
145148,syntactic,"Italian and Spanish words ""i"" or ""y"""
100359,semantic,"defenders, best, heavyweight"
100439,semantic,battlefields and historical wars
100455,semantic,"privatization, joint ventures, companies"
100586,semantic,"AI, business, networking, global topics"
101896,semantic,tragic flaw leading to downfall
101905,semantic,"linear classifier, logistic regression, SVM"
102481,semantic,UK
102798,semantic,"racing, running, contests, distance"
102819,semantic,accuweather city codes
102990,semantic,mindfulness meditation
103112,semantic,"St. Patrick's Cathedral, Father Michael, Dioceses"
104302,semantic,National Sexual Assault Hotline
104552,semantic,Volodymyr Zelenskyy and Ukraine
104713,semantic,brain
106679,semantic,the journey of a thousand miles
106914,semantic,horns
108623,semantic,funding and grants
108913,semantic,turn money into another amount
109686,semantic,Starship development
110506,semantic,human nature and behavior
110555,semantic,"limited risk, potential profit"
110659,semantic,credit and debt repayment
111591,semantic,conference locations and dates
113723,semantic,unit conversion involving length and volume
114379,semantic,"summer, season, or seasonal time"
115958,semantic,winning and goals
117691,semantic,Inertial Measurement Unit
118036,semantic,cells respond to insulin
119853,semantic,membership lists and blacklists
121548,semantic,character names and ages
122005,semantic,months and dates
123124,semantic,future intentions or actions
123686,semantic,wedding invitations
123911,semantic,long distances
125408,semantic,women's rights and experiences
126313,semantic,bat facts
126718,semantic,state management with todos or cart
127847,semantic,'t'
128446,semantic,inherent dignity and rights
128747,semantic,"resurrection, rising, rose"
129235,semantic,in a bag
129387,semantic,fractions and division
129564,semantic,the beauty of
130291,semantic,off the beaten path
131439,semantic,accurate or accurate and efficient
133069,semantic,review process
134463,semantic,log into service
135507,semantic,lunch suggestions
135556,semantic,dog body language and law enforcement
136575,semantic,crisis text line or hotline
137303,semantic,"arguments, behavior, controversial"
140307,semantic,Indian cities
140578,semantic,maritime ports and ships
141121,semantic,differential equation solvers
143410,semantic,date of birth
144647,semantic,attribution requirement
145607,semantic,mother or ma
100752,other,future possibility or consequence
101867,other,definitioninstallationaccess
102703,other,results of investigations
102855,other,technical nouns
102959,other,or / alternatives
103201,other,user questions or commands
103383,other,"definitions, technical terms, lists"
103664,other,FastAPI HTTPException/Response
103904,other,organizational responsibilities
104964,other,Now you
106157,other,transforming viewers or customers
106178,other,basic information / theory
106396,other,not on
106979,other,"in, within, into"
108824,other,action step or test name
110118,other,gleam and dream
110313,other,you en
110608,other,choices for questions
110969,other,required programming
111156,other,(XᵀX)⁻¹XᵀY
113361,other,perceive or consider failure
113421,other,a
113713,other,stepping out or off
113800,other,"advancement, protect, create, address, enhance, transformation, capturing, getting"
113884,other,request exceptions
114721,other,is not
114759,other,quantifiers of quantity or sufficiency
114762,other,once again
115573,other,want to
115761,other,Toast notifications and UI elements
116419,other,numbers and symbols
116428,other,"Blackout action: grabs, steals"
118635,other,and generate
119049,other,people's names or pronouns
120184,other,great followed by abstract nouns
120205,other,multiple choice option C
123264,other,based on the data I was trained on
123659,other,"Third, followed by commas, future, or challenges"
123962,other,may be
124223,other,Discuss analytical
124753,other,responsibility to act safely
125836,other,confident that
126601,other,"questions asking ""what"" or ""can"""
127027,other,"analyzing, analysis, prediction"
128050,other,verbs about quantity or possession
128654,other,call me out / Shirley / names
128811,other,In this
129100,other,writing reports or letters
129137,other,i followed by verbs
129501,other,is a / its a
129935,other,when I/he/she/you
130006,other,"I'm sorry, but with the provided lists, the clearest pattern I can extract is the beginning of phrases.**that's kind of**"
130080,other,description of content
130570,other,timeframe or duration
131019,other,tips for
132014,other,questions and answers
132434,other,"industries, uma, Fa"
132687,other,"load, Event, Software, Bits, Simple"
133579,other,repeats of times/cycles
134726,other,address this
134821,other,local
135031,other,4
135114,other,first time here
135117,other,numbers and units
135657,other,5
137190,other,study
137867,other,What you're looking for
137914,other,at [determiner]
138337,other,General
138766,other,positions at
140353,other,stay still
140459,other,instructions or prompts
140677,other,if there
141422,other,health and convenient shopping experience
142053,other,team performing actions
142613,other,numbers and quantities
143896,other,avid lover of
144310,other,what happens
101617,other,agreement and slang
106505,other,University and addresses
145679,syntactic,suggested structure
146387,syntactic,thus speaketh the
146820,syntactic,multiple choice answers
148024,syntactic,years or numbers
149284,syntactic,section delimiters or structure markers
149465,syntactic,"technical words, specific lists"
149819,syntactic,"equations, lists, bounds"
151590,syntactic,"organization, interview, clean, rent, connection"
152600,syntactic,don't hesitate to ask
152602,syntactic,**if (n**
154149,syntactic,"action, import, get"
154205,syntactic,[placeholder] followed by name/title/description
154251,syntactic,answer choices D)
155483,syntactic,aiming for
155796,syntactic,input or data
156417,syntactic,file name ending with
156778,syntactic,columns in tables
159073,syntactic,give the output
159271,syntactic,output followed by `:**` or `format`
160473,syntactic,https links
160901,syntactic,list or array start
160972,syntactic,| and - or a
161321,syntactic,compare and contrast
164698,syntactic,this is
166623,syntactic,asking questions
166691,syntactic,match definition or description
166949,syntactic,Spanish and Portuguese articles and common words
167739,syntactic,math and science concepts leading to specific terms
168183,syntactic,a b
170187,syntactic,relative size and percentage
170302,syntactic,numbers and units
170669,syntactic,"two, three"
171011,syntactic,modulo
171285,syntactic,"one followed by sentence, case, word"
172601,syntactic,First instruction phrasing
172740,syntactic,complex interplay of
173295,syntactic,multiple choice answers
174358,syntactic,"""term"" followed by a definition"
174699,syntactic,questions ending in how
175736,syntactic,closing parentheses
176325,syntactic,and this is
177581,syntactic,add a
178133,syntactic,make a story
180684,syntactic,time intervals or delays
180802,syntactic,a/an followed by a descriptor
181777,syntactic,opportunity to
181959,syntactic,html title tags
184375,syntactic,object instantiation following nouns
185086,syntactic,location prepositions
185479,syntactic,API configuration and setup
185748,syntactic,numbers followed by punctuation
186586,syntactic,around numbers and quantities
186662,syntactic,percentages and numbers
187320,syntactic,Added comments
187324,syntactic,truly scenic descriptions
188089,syntactic,as best you can
189433,syntactic,viewing displays
190225,syntactic,"words like random, json, datetime"
192781,syntactic,numbers followed by periods
193549,syntactic,time.time()
196311,syntactic,scanf format specifiers
196794,syntactic,mathematical properties of exponents or inequalities
197233,syntactic,"lists items after ""following"""
197501,syntactic,first line
197644,syntactic,anything or nothing
200199,syntactic,managed by or built by organizations
201642,syntactic,"before purchasing, booking, or committing"
202586,syntactic,`co.` followed by identifiers
204550,syntactic,measurements with units like mm
205390,syntactic,process followed by punctuation or comma
206006,syntactic,BeautifulSoup and web scraping code
206229,syntactic,"following ""this"""
207206,syntactic,code blocks
207319,syntactic,side * side
207443,syntactic,questions ending in now?
208164,syntactic,arrange for things
146290,semantic,air can hold moisture
146426,semantic,units of measurement
146454,semantic,temperature readings
147861,semantic,history and preservation
148334,semantic,user account creation and management
149510,semantic,land on leaf or flower
149561,semantic,hair conditioning and types
150039,semantic,servicing housing automobiles Jaipur
150059,semantic,happy hour specials
150481,semantic,"sci-fi movie, novel, anime protagonist"
151017,semantic,scan and braking
152246,semantic,Pentecost and spring holidays
153863,semantic,land ownership systems
154084,semantic,"slash, pun, joke"
155153,semantic,family background and upbringing
155331,semantic,geographical locations
156296,semantic,negative consequences
156341,semantic,"Fauvism, Cauchy, Baudrillard, Rousey, taurine"
156849,semantic,Gilded Age reform reformers
158164,semantic,solidity code
159160,semantic,4xx or 5xx errors
159623,semantic,moving parts
160206,semantic,lawsuits or claims against others
160706,semantic,Beginner
161283,semantic,bible verse reference
161671,semantic,living in cities and states
163310,semantic,making websites work on all devices
165969,semantic,will / is going to
166202,semantic,origin of Species
166711,semantic,"battery saver, heavy use"
167085,semantic,hiking and walking tours
167479,semantic,"pet accessories, care, ownership, training"
168242,semantic,installing or downloading
171116,semantic,prices or costs
172886,semantic,August
173517,semantic,"Travis CI, CircleCI"
173759,semantic,considering purchasing/choosing/acquiring
173925,semantic,sediment deposition and erosion
174106,semantic,person's birthdate and description
175098,semantic,professor names
175628,semantic,congressional legislation and European Union
177220,semantic,enclosures or chambers
179377,semantic,percentage of calories
180009,semantic,table columns and properties
182489,semantic,rainn.org
186193,semantic,intel inside
190098,semantic,skid steer loaders
191953,semantic,nutritional information and quantities
193264,semantic,faith-based program
193913,semantic,executive pay and remuneration
194793,semantic,terms of use
195762,semantic,"RuneScape, Travian, Habbo"
196995,semantic,Hillary Clinton
197433,semantic,universities and colleges
199915,semantic,"engine, motor, or vehicle parts"
200755,semantic,paradoxes of motion
200885,semantic,civil war
201536,semantic,newborn mother childbirth
203195,semantic,hotel descriptions
204580,semantic,stage manager
205910,semantic,"sports cars, fresh ideas, proper nouns"
206577,semantic,design and development
208211,semantic,formulas and mathematical notation
146421,other,could say
147371,other,opening or open
148336,other,#3
148571,other,completion marker or confirmation
149735,other,labels and plotting axes
149814,other,foreign words
150321,other,most common type
152191,other,reservations are recommended
152614,other,led him or someone here
153147,other,focus on
160601,other,first and most
162089,other,Step response
164254,other,fulfills a purpose or requirement
165170,other,of
165575,other,with you
166635,other,nonsensical phrasing
168741,other,.
169655,other,treat yourself
170142,other,s
170207,other,z
171158,other,"Likely, Greater, Net, guilty, Yes"
171359,other,exercise or fluency
171765,other,There
172987,other,names and titles
175497,other,8
176922,other,order confirmation
177019,other,"hours, dates, planning, resources"
177104,other,"won, beat, secured, became, had"
177381,other,of
177820,other,geometric shapes like triangles
180780,other,resolve issues and help
181435,other,"concise, entanglement"
181884,other,0
183013,other,all news products letters everything
186077,other,correlated with
190213,other,words starting with 'a' or 'c'
190329,other,"rights, Russia, Europe"
191078,other,point of
194035,other,review your / the
195792,other,you don't
195939,other,quotes ending sentences
198019,other,"""aloha"", ""ahoy there"", ""howdy ho"""
202884,other,questions about past experiences
203592,other,Here's to
204830,other,importance and emphasis
205157,other,is/was/are evaluated/determined/measured
206627,other,at once
206690,other,search online for
148676,other,Run as administrator
152804,other,props
153771,other,"power, Qi, dependent, wasting, 5, egg"
162885,other,**individual cats**
176200,other,"The neuron appears to be activated by references to a ""family"" and its associated context.**Explanation:**family and its history"
160749,other,on + specific contexts
153588,other,will vary or depend
210248,syntactic,quotes ending with punctuation
210318,syntactic,possessive pronouns followed by content/platform names
213225,syntactic,feature comparison
213375,syntactic,comparisons or ranges
214967,syntactic,equivalent symbol
215440,syntactic,sort in place
217651,syntactic,i followed by +
219173,syntactic,generate after
220412,syntactic,has/have experienced
220951,syntactic,examples of usage
221088,syntactic,Let's followed by a verb
226370,syntactic,dividing both
227852,syntactic,how much does
228086,syntactic,numbers and calculations
228724,syntactic,example usage blocks
230782,syntactic,(option) designation
230901,syntactic,end of answers or units
232009,syntactic,code definition and execution
232963,syntactic,time references
235382,syntactic,"`""`"
237335,syntactic,think they're / I think I'm
238210,syntactic,assume simplicity
240876,syntactic,And followed by conjunction or continuation
241807,syntactic,auxiliary verbs starting questions
243033,syntactic,lists and enumerations
244537,syntactic,esp/es/s words
245771,syntactic,percentages followed by punctuation
245920,syntactic,package version specification
250973,syntactic,listing quantities or numbers
251718,syntactic,explanations and context
252369,syntactic,"what an, what the, what one, what you, what we, what so, what from, what was"
252659,syntactic,depends on
253213,syntactic,d words endings
255386,syntactic,options or choices
256408,syntactic,square root calculation
257114,syntactic,question words
257250,syntactic,on a scale
257280,syntactic,animation keywords
261525,syntactic,programming keywords and identifiers
210631,semantic,"API keys, passwords, PII"
210671,semantic,swinging pendulum or hanging object
211146,semantic,asking someone out
212684,semantic,struggling with issues
212739,semantic,spinal cord
212837,semantic,"was inaugurated, sworn, elected, announced"
212904,semantic,easy-to-use library
213944,semantic,immune system function
213974,semantic,"members, subscribers, holders, guests"
214349,semantic,"stages, playoffs, finals, contention, Ashes"
214406,semantic,the system
216403,semantic,"trimming excess fat, peel, remove parts"
218123,semantic,providing service or products
218454,semantic,"speaking, lecturing, and motivational talks"
219042,semantic,tokens to words estimate
221733,semantic,"family, war, community, lives"
222403,semantic,introducing people or entities
222996,semantic,highly recommend
223277,semantic,looks great or good
223727,semantic,"March, Valentines, months"
223974,semantic,Amazon EventBridge
224371,semantic,born in village or region
224494,semantic,8.8.8.8 and 8.8.4.4
225050,semantic,"religion, protected characteristics"
225352,semantic,websites
225894,semantic,universities and specific programs
228324,semantic,square root
230195,semantic,platforms and stations
233031,semantic,Efficiency discussions
233228,semantic,database migrations create modify
235166,semantic,mother and baby
236632,semantic,numbers followed by 'model'
237248,semantic,"measurements of length, distance, speed"
238363,semantic,releases lock
241471,semantic,path reconstruction
243400,semantic,hypothesis and theory
244415,semantic,one-on-one interactions
244857,semantic,where someone lives
245029,semantic,US politics and government
245353,semantic,male or female patient description
245732,semantic,in office since
246198,semantic,image processing and coding concepts
247599,semantic,few-shot learning examples
247847,semantic,wear out
248209,semantic,"hold on, wait"
248608,semantic,GNTM season breakdown
249437,semantic,setting down items
249699,semantic,due diligence and risk
250463,semantic,specific styles or subjects
252339,semantic,"legal, financial, and professional roles"
252519,semantic,c/c++ struct definitions
253211,semantic,Fortify Program
253341,semantic,cozy atmosphere or settings
253627,semantic,wealthy sorcerers and prosperity
253795,semantic,years to come
254308,semantic,avoiding conflicts with other
254449,semantic,user accounts
254940,semantic,content moderation reasons
255230,semantic,investigation underway
256970,semantic,Baltic Sea
257609,semantic,那么高 (so high)
258534,semantic,accustomed to a state
259154,semantic,rest and recovery
259572,semantic,kids clubs and teen activities
260873,semantic,weather and climate
261120,semantic,university names
208660,other,u =
208874,other,we
210939,other,thinking behind
211180,other,pursue a goal
213553,other,absence / non-existence
214649,other,who is
214995,other,"first, may not"
215714,other,poverty reduction progress
216137,other,"explore, walk, head, start"
218267,other,numbers and programming languages
223526,other,it started
223557,other,a player or role
223589,other,**Key:**
225429,other,whatever you need
229979,other,**NER extraction prompts**
230012,other,and
231949,other,came to a place
234381,other,could be
235876,other,like you or like something
239783,other,doing everything
243924,other,it's own
244361,other,instead
245967,other,certain
248834,other,"shapes, quantities, or substances"
249565,other,if none of these offer alternatives
251852,other,"any system, AI, class, object, script"
251854,other,stable and consistent
255550,other,move beyond
257291,other,heh heh heh
259108,other,AI model fine tuning
146,other,
1791,other,
1822,other,
2004,other,
2134,other,
2575,other,
3159,other,
4001,other,
4901,other,
4917,other,
6149,other,
6186,other,
6484,other,
6937,other,
7050,other,
7947,other,
8494,other,
9218,other,
9545,other,
9546,other,
10652,other,
10723,other,
11076,other,
11138,other,
11143,other,
11175,other,
11481,other,
11908,other,
12036,other,
12348,other,
12882,other,
13684,other,
14394,other,
14763,other,
14795,other,
14994,other,
15153,other,
15268,other,
17330,other,
17881,other,
18277,other,
18286,other,
18879,other,
19209,other,
19250,other,
19949,other,
20469,other,
20591,other,
21064,other,
21249,other,
22602,other,
23442,other,
23516,other,
24641,other,
25128,other,
25145,other,
25167,other,
25310,other,
25328,other,
26140,other,
26873,other,
27135,other,
27645,other,
28041,other,
28511,other,
28576,other,
28613,other,
30642,other,
31247,other,
31662,other,
32534,other,
32877,other,
32908,other,
33324,other,
33723,other,
35486,other,
36392,other,
36652,other,
37087,other,
37479,other,
38904,other,
38990,other,
39697,other,
40107,other,
40404,other,
40860,other,
40911,other,
41375,other,
42598,other,
42832,other,
43548,other,
45235,other,
47158,other,
47381,other,
47533,other,
47863,other,
48113,other,
49003,other,
49685,other,
50285,other,
50450,other,
50622,other,
51302,other,
51386,other,
51689,other,
52498,other,
52553,other,
52956,other,
53765,other,
54446,other,
55180,other,
55237,other,
55911,other,
56000,other,
56356,other,
56595,other,
57407,other,
57926,other,
58518,other,
61862,other,
62062,other,
63967,other,
64005,other,
64211,other,
64920,other,
65826,other,
66106,other,
67425,other,
67914,other,
68419,other,
68522,other,
69286,other,
71060,other,
71242,other,
71513,other,
72545,other,
72696,other,
72729,other,
73488,other,
73727,other,
74238,other,
74597,other,
74749,other,
75863,other,
76438,other,
76578,other,
78664,other,
80121,other,
81218,other,
82002,other,
82101,other,
83016,other,
84338,other,
86338,other,
87203,other,
87273,other,
88301,other,
89489,other,
89512,other,
91065,other,
91845,other,
93609,other,
94173,other,
96176,other,
97266,other,
97419,other,
97928,other,
98773,other,
99313,other,
100272,other,
101422,other,
102667,other,
102695,other,
104300,other,
104336,other,
104504,other,
104869,other,
107046,other,
108101,other,
108829,other,
110418,other,
110616,other,
111702,other,
113083,other,
114617,other,
115166,other,
116045,other,
117088,other,
117547,other,
118954,other,
119809,other,
119883,other,
120839,other,
121076,other,
121280,other,
122157,other,
123434,other,
125828,other,
128837,other,
129149,other,
130742,other,
130790,other,
131757,other,
132024,other,
132527,other,
133446,other,
133861,other,
135513,other,
135524,other,
135702,other,
135983,other,
136268,other,
138222,other,
138430,other,
138608,other,
139991,other,
140068,other,
143524,other,
143722,other,
146698,other,
149029,other,
149268,other,
152937,other,
155707,other,
156594,other,
158573,other,
158610,other,
160672,other,
162141,other,
162171,other,
162363,other,
165909,other,
169584,other,
170132,other,
170617,other,
170668,other,
171252,other,
171800,other,
171979,other,
173006,other,
174319,other,
174464,other,
177240,other,
178466,other,
179884,other,
179916,other,
180339,other,
181328,other,
181651,other,
181851,other,
182721,other,
183679,other,
185895,other,
185928,other,
188836,other,
189061,other,
189626,other,
195033,other,
195887,other,
196544,other,
197072,other,
198793,other,
200177,other,
200365,other,
201072,other,
202123,other,
202268,other,
203966,other,
204299,other,
205254,other,
209946,other,
210223,other,
213428,other,
213699,other,
217638,other,
218440,other,
220042,other,
221106,other,
221584,other,
222264,other,
222991,other,
225173,other,
226289,other,
228302,other,
228795,other,
228886,other,
230849,other,
236921,other,
237704,other,
243167,other,
246813,other,
247588,other,
249273,other,
249532,other,
250245,other,
251862,other,
252236,other,
253231,other,
253777,other,
253817,other,
255074,other,
255212,other,
255429,other,
255595,other,
255744,other,
256115,other,
256382,other,
257219,other,
258119,other,
258439,other,
258829,other,
259633,other,
259974,other,
260884,other,
261009,other,
261214,other,
261655,other,
75,syntactic,categorized lists and topics
323,syntactic,. (c) **Answer**
788,syntactic,breakdown by category/type
1032,syntactic,namespace std
1196,syntactic,years and numbers
1616,syntactic,document headers and formatting
2455,syntactic,self. followed by punctuation
2609,syntactic,special characters and punctuation
2680,syntactic,sql code blocks
2772,syntactic,definition or list item options
2791,syntactic,start of quotes or phrases
3086,syntactic,about me
3106,syntactic,section headings and bullet points
3227,syntactic,using namespace
3254,syntactic,write followed by output
3316,syntactic,numbers following punctuation
3537,syntactic,* ** **
3723,syntactic,words in titles or news articles
4338,syntactic,python code blocks
4373,syntactic,"pag, pak, pel, P"
5249,syntactic,Questions and task instructions
5588,syntactic,non-english words or abbreviations
5687,syntactic,SQL LIMIT clause
6120,syntactic,templates aggregated
6236,syntactic,"quantifiers (some, most, many)"
6278,syntactic,context
6990,syntactic,import or use statements
7146,syntactic,express();
7156,syntactic,multiplication operations
7880,syntactic,if ... then logical implication
8010,syntactic,article titles
8052,syntactic,tkinter ui elements
8059,syntactic,spelling and grammar correction
8125,syntactic,"numbers like 3, 0, and dates and times"
8858,syntactic,Hotline :**
8967,syntactic,in fact
9078,syntactic,code snippets and non-english scripts
9399,syntactic,"""the"" followed by descriptive words"
9479,syntactic,asking 'how can'
9501,syntactic,foreign characters and comparison lists
10478,syntactic,adjectives describing quality or intensity
10867,syntactic,numbers between 0 and 1
11366,syntactic,as following comparison or description
11446,syntactic,"finally, followed by a comma or action"
11594,syntactic,inter/intra
12040,syntactic,field names and values
12077,syntactic,there are
12589,syntactic,It's contraction
12847,syntactic,**
12974,syntactic,code blocks ending in `});` or `}`
13042,syntactic,numeric classification
13245,syntactic,` string literal ` or `variable`
13643,syntactic,"pronoun and subject of Chinese, Russian, Italian"
13688,syntactic,csv files and code structuring
13702,syntactic,initialization of list items
14182,syntactic,all followed by nouns
14260,syntactic,boolean or None
14584,syntactic,quality
15372,syntactic,items numbers
15526,syntactic,the x to the y
15715,syntactic,words ending in ate or ulate
16134,syntactic,"numbers, sum, result, elements, name"
231,semantic,job titles and skills
264,semantic,labor-time or equivalent value
597,semantic,initials and names
610,semantic,window controls
737,semantic,Message Producer
847,semantic,economic data analysis
915,semantic,university application personal statements
1333,semantic,buckle up
1567,semantic,"daily, every day, frequency"
1697,semantic,governed by laws
1994,semantic,currency amounts and numerical sequences
2168,semantic,physical contact or closeness
2316,semantic,reporting and accounting
2416,semantic,flying and aircraft
2469,semantic,chase or pursuit
2711,semantic,a molecule
2871,semantic,general relativity and gravitational waves
2978,semantic,international markets
3533,semantic,rare
3564,semantic,location in province county
3651,semantic,potential outcomes and variations
4168,semantic,"building materials, insulation, glass"
4247,semantic,medication names and dosages
4301,semantic,sophisticated brand personality
4797,semantic,work ethic
4816,semantic,"mineralogical, multimodal, pharmacological"
4850,semantic,customer service and assistance
5077,semantic,timestamps and formatting
5104,semantic,home and activities
5393,semantic,"meet people, friends, families, socially"
5499,semantic,flat earth
5860,semantic,"""One day"""
6165,semantic,authors by
6221,semantic,"surveillance, privacy, tracking"
6234,semantic,your skills and what you enjoy
6893,semantic,job titles and responsibilities
6939,semantic,Gemma team
7033,semantic,risk assessment and events
7077,semantic,job qualifications and requirements
7447,semantic,pricing and products
7477,semantic,body parts
7551,semantic,afternoon activities
7592,semantic,"photos, collage, images, designs, graphics"
7689,semantic,multilingual capabilities
7868,semantic,webcam or missing
8113,semantic,nomination or appointment
8122,semantic,your phone number
8157,semantic,location or date details
8970,semantic,chess moves
9003,semantic,political science
9107,semantic,URLs and academic citations
9117,semantic,"budget, cost, estimates, range"
9223,semantic,financial Times
9224,semantic,school and office supplies
9271,semantic,determining formulas for
9356,semantic,about to happen
9702,semantic,recommend reading or watching
9900,semantic,Sermon on the Mount
9916,semantic,erotic stories in multiple languages
10037,semantic,sensory input and licenses
10055,semantic,Arctic polar bears
10166,semantic,further evaluation or imaging
10610,semantic,bookstore
10748,semantic,timestamps and dates
10851,semantic,html document structure tags
10962,semantic,invest money or interest
11040,semantic,BJU International
11167,semantic,Santorini whitewashed villages beaches
11168,semantic,copyright and licensing
11329,semantic,pirate seeking treasure
11520,semantic,"glycine, gym, gamma"
11756,semantic,related to class or courses
11782,semantic,purchase separately or require
11965,semantic,free plan
11971,semantic,offensive and abusive language
12004,semantic,TL;DR
12175,semantic,crypto and blockchain terms
12255,semantic,played by actors
12274,semantic,Egyptian structures and building
12349,semantic,other types
12780,semantic,"plant growth, temperature, light, nutrients"
12869,semantic,full street name
12923,semantic,Turkey
13084,semantic,"traditional banking, gender roles, medicines, treatments"
13152,semantic,reviewing free products
13529,semantic,"college, starting, testing"
13613,semantic,GP groups
13719,semantic,ebooks
13736,semantic,"farmhouse, antique home decor"
13738,semantic,filter results
13750,semantic,rights reserved
14079,semantic,peppercorn
14204,semantic,introduction to subjects
14401,semantic,parks and recreation
14715,semantic,Finnish Kalevala
14903,semantic,"currency, percentages, numbers, and CAGR"
15159,semantic,mathematical calculations and numbers
15273,semantic,present value
15385,semantic,going to school
15427,semantic,visa case rejection
15456,semantic,South Korea
15545,semantic,AWS infrastructure services
1003,other,helpful AI assistant
2339,other,model's self-description
2438,other,version
2479,other,model
2481,other,aligns with requirements
2744,other,AI model responses
2858,other,model explanations
3175,other,completion or finishing
3298,other,pressing tactics
3360,other,graduate certificates and degrees
3880,other,"degree, certification, or accreditation"
4793,other,I understand you
5345,other,bio for
5352,other,character and emotional tension
5979,other,processing previous inputs
6094,other,business hours
6103,other,Here's the explanation based on the provided lists:job titles followed by at or of
6709,other,"direct, fully, various, build"
6717,other,ask questions or AMA
6300,other,work with or closely
7170,other,Vibe Check:
7210,other,"enthusiastically, wuv, ugh"
7306,other,"The provided lists are incomplete or empty, making it impossible to identify a pattern or behavior for the neuron. Therefore, I cannot provide an explanation"
8178,other,fix grammer and shorten
9705,other,"links, photos, building"
9770,other,guessing game
11299,other,programs and configuration
12778,other,you have already missed
13589,other,finding application or way
13612,other,PM followed by time zones
14008,other,provides services or products
16125,other,specialized
17124,syntactic,xml attribute lang or closing tag
17697,syntactic,list items with bullets or separators
18559,syntactic,code or formatted text snippets
19331,syntactic,explaining abstract concepts and their outcomes
20226,syntactic,letter 'a' followed by punctuation or end of turn
20738,syntactic,"""By"" followed by name"
21663,syntactic,examples and analogies
22680,syntactic,assignment and declaration
23065,syntactic,pronoun after verb
23383,syntactic,number of words or amount
24502,syntactic,respectful address
24548,syntactic,if you
25977,syntactic,latex commands
28773,syntactic,end of string or statement
29973,syntactic,except
31465,syntactic,code function definitions
31726,syntactic,programming code
35692,syntactic,Here's a breakdown
39316,syntactic,filler words and pauses
41246,syntactic,mathematical variables and operators
30988,syntactic,possessive pronouns followed by nouns
16173,semantic,various languages
16630,semantic,family and living
16806,semantic,adrenal cortisol stress response
17360,semantic,specific expense
17428,semantic,fortifications and accidents
17431,semantic,marks and scars
18010,semantic,Physics and Computer Science institutions
19623,semantic,Genesis Testament texts
19941,semantic,brand names & product codes
20148,semantic,God's sovereignty and creation
20781,semantic,"numbers, digits, place values"
21298,semantic,Фиточай Радуга Горного Алтая
21352,semantic,subscription services and deliveries
21554,semantic,"grandchild, grandson, grandchild, daughter, son"
21619,semantic,Caribbean coast
21822,semantic,division or equation simplification
21967,semantic,list items or numbers
22227,semantic,"object, bird"
22505,semantic,"web technologies (js, css, html)"
22640,semantic,fundamentals of academic fields
22675,semantic,inspire and inspiration
22842,semantic,YouTube
22893,semantic,travel booking offers
23297,semantic,protect public
23671,semantic,timestamps with AM/PM
23779,semantic,detecting faint things or low amounts
24325,semantic,crossing floods
24727,semantic,job postings and career information
25183,semantic,"generous, generously, liberal"
25969,semantic,medical conditions and dosages
26158,semantic,legal action or lawsuit
26332,semantic,Jehovah's Witnesses
26705,semantic,risk management and assessment
26861,semantic,aggregate value
27468,semantic,"India, China, Bhutan"
27722,semantic,mother and son relationships
27829,semantic,how to prevent and identify
27903,semantic,Korean and Japanese requests/desires
28127,semantic,"coming-of-age, school, identity"
28382,semantic,activities and imaginative play
28622,semantic,networking with others
28839,semantic,function return type hints
29268,semantic,learning a new hobby
29393,semantic,greetings and contact information
29779,semantic,education and qualifications
31272,semantic,Dubai travel plan
31574,semantic,levels of learning
31598,semantic,former before
31846,semantic,Sporting goods stores and brands
31996,semantic,sugar crystallization or ratio
32094,semantic,"data analysis, statistics, metrics"
32284,semantic,East Asia location
32550,semantic,mega and million units
32693,semantic,Pakistan economic corridor
33732,semantic,"height, width, size"
33805,semantic,effects of
33851,semantic,population statistics and trends
34624,semantic,fall detection and Medicare
34889,semantic,memory allocation
35309,semantic,"vitamins B, C, folate, B12"
35552,semantic,South Indian cuisine
35730,semantic,islands
36226,semantic,FOREIGN KEY
36255,semantic,nomadic or semi-nomadic lifestyles
36321,semantic,mood regulation and pleasure
36583,semantic,salary and benefits
36904,semantic,technical specifications and features
37167,semantic,reporter or journalist
37195,semantic,companies and leadership roles
37741,semantic,long snout and strong claws
38464,semantic,amino acid chains
38529,semantic,median household income
38682,semantic,"playwright, theatre, plays, scenes"
39298,semantic,only begotten Son
39737,semantic,wave propagation and delay
40465,semantic,direct-to-consumer brands
40771,semantic,researches and findings
41680,semantic,meeting the family
42264,semantic,building modern UI
42594,semantic,population
25545,semantic,express or orally
26878,semantic,zh + pinyin finals
27971,semantic,glad I
28308,semantic,Worth every penny
30318,semantic,author affiliation
31384,semantic,NER classification and entities
38310,semantic,"colonies, colonization, governance"
16698,semantic,def signup/register/login
17783,semantic,"currency, cost, purchase, availability"
22911,semantic,font and Chinese characters
23503,semantic,breakdown into:
29969,semantic,according to
36027,semantic,"books by Sincere, Froud, Sivers"
16524,other,to n
16588,other,Get the restart
16702,other,solve for x
17130,other,Let's discuss
17633,other,"forced, therefore, or instead"
18590,other,glimpse into
18966,other,solve the
19180,other,what you want
19777,other,"accept, Consider, have, got"
20134,other,"more,"
20465,other,be
21337,other,whether to shift or redirect
21620,other,examples or descriptions
21937,other,g
22965,other,with followed by descriptive words
23011,other,"independent thought, problem-solving, intellectual exploration, work at their own pace, meticulous attention to detail, finding solutions, new ways to improve designs"
23769,other,not preceded by anything specific
24333,other,settingavoiding compromisenot settling
25197,other,Creating such
25557,other,finding things
26385,other,"""here are"", ""that,"" or ""truth"""
26520,other,`AI` or `a` after `by` or `of`
26648,other,sitting
26801,other,typically uses or converts
27516,other,tell me everything in detail
28163,other,inevitable
28392,other,prioritize external validation or social norms
28428,other,same promotion value
28507,other,definitions with colons
29225,other,access to
30087,other,some followed by nouns
30529,other,Use *** to mark
30776,other,"""For"" followed by context"
31091,other,community and help
31241,other,contain or contains
31360,other,consider sponsorship
31563,other,limited to
31644,other,"political, software, health, world, learning, field, human"
31710,other,`m` followed by commands or options
31795,other,"provided ""as is"""
31875,other,findings and results
31968,other,parsing and storing data
32214,other,"more than, comparative degree"
32459,other,punctuation followed by content introduction
32631,other,can generate more
32716,other,noticed something
32913,other,"method parameters, results, error messages"
32973,other,immediate positive outcomes
33406,other,mentoring and coaching roles
33570,other,"Philips, Philip, Morrison"
33690,other,friendly closing emojis
33972,other,new rule
34178,other,name or output_dir
34371,other,return expressions
34506,other,opening book pages
35065,other,**Serve**
35917,other,"we believe, understand, specialize"
36050,other,descriptive phrases
36349,other,"quality, brands, parts"
36780,other,"racing cars, karts,"
37288,other,you or her
37756,other,sentence boundary markers
38222,other,"breakdown of, small town, from forest"
38280,other,part x of y
38409,other,"possessive determiners (our, your, my)"
38437,other,org.springframework
39406,other,"numerical data, statistical data, and related entities"
39829,other,also known as
39957,other,specific dates or times
40108,other,temperament and gentleness
40225,other,part of
40281,other,let's just say
40430,other,increase or enhance
40546,other,**2. What Happens**
41078,other,"must, can, need, needs"
41510,other,"""is the"""
42342,other,English-language descriptions including names and types of things
42628,other,"planning , analyzing , growth"
42840,other,parental relationships and lineage
42903,other,here we have/go
43412,other,dentro de
43431,other,"needs, emissions, space, advantage, capabilities"
43831,other,soft
45302,syntactic,troubleshoot why/how
45306,syntactic,list items
45398,syntactic,template rendering context
45807,syntactic,a determiner + noun sequence
45929,syntactic,sentence end followed by new topic
46124,syntactic,Spanish verbs ending in 'a' or 'o'
47504,syntactic,verb ending in -ing or -s
47652,syntactic,what constitutes
48726,syntactic,**'is a' or 'are a' followed by noun**
49765,syntactic,numbers and punctuation
50268,syntactic,quotes beginning with attribution
50316,syntactic,specific word or token following
54351,syntactic,function/code block structure
57571,syntactic,fill-in-the-blank or completion tasks
57574,syntactic,add something
58330,syntactic,To introduce or state purpose
58498,syntactic,","
58588,syntactic,closing parenthesis
59113,syntactic,more ... than
59829,syntactic,sentence endings punctuation
60382,syntactic,sentence start punctuation
62336,syntactic,"variable `i`, `n`"
63352,syntactic,coding and programming constructs
63575,syntactic,converting data or calculating values
67205,syntactic,punctuation and context cues
67363,syntactic,c# or python code imports
69481,syntactic,dialogue or direct address starts
70171,syntactic,percentage or number
70243,syntactic,a or an followed by a noun
71831,syntactic,sentence completion context
73801,syntactic,```algorithmic problem examples```
74355,syntactic,css properties within html/vue
76230,syntactic,list numbering or bullet points
78011,syntactic,it is
78512,syntactic,question following
78811,syntactic,most [adjective]
79422,syntactic,referred to as
80748,syntactic,explicitly states/printed
80755,syntactic,javascript code documentation
83053,syntactic,selenium code
83292,syntactic,bibtex or biblatex citations
83454,syntactic,"markdown, latex, html tags"
86086,syntactic,with + quality/noun
43983,semantic,children's names and activities
44458,semantic,avoid frying in oil
44723,semantic,affords / affordances
44974,semantic,"waves, sea, spray, ocean movement"
45876,semantic,"monetary amounts, currency, percentages"
46041,semantic,style of an artist or author
46053,semantic,endanger children
46186,semantic,desensitization to negative phenomena
46223,semantic,challenges in detection and learning
46276,semantic,"stores, schools, departments, hospital"
46358,semantic,country names
46542,semantic,Korean War
46657,semantic,additional or lesser options
47058,semantic,family relationships
47175,semantic,"legal name, birth certificate, S-Corp status"
47372,semantic,access restrictions
47718,semantic,tele- prefix
47893,semantic,accessing your files
47996,semantic,"date suffixes like Oct, Nov, th"
48057,semantic,ordinal numbers or their abbreviations
48415,semantic,About Us or Me
48480,semantic,packaging
48608,semantic,order status and delivery
48840,semantic,"biblical, descriptive, verbose writing"
48923,semantic,small amounts or quantities
49270,semantic,extended
49641,semantic,improving efficiency
49809,semantic,stamp or stamping
51753,semantic,hair health and breakage
52076,semantic,dangerous instructions
52187,semantic,Ethiopia and Amharic language
52639,semantic,the woman was a
52695,semantic,retirement planning and active participation
53374,semantic,prevention of harm
53479,semantic,Supreme Court citations
53508,semantic,MBTA regulations
54179,semantic,Valentine's Day
54795,semantic,gradual onset
54911,semantic,causes of wars and events
55954,semantic,introduced
56026,semantic,"strong, brittle, impact resistance"
56625,semantic,change is constant
57513,semantic,Do I
59584,semantic,song lyrics about feelings
60172,semantic,weather events and conditions
60637,semantic,Arabic letter ع ('ayn)
60819,semantic,renting a car or scooter
61133,semantic,Barnaby Bear and descriptions
61198,semantic,things are not black and white
63243,semantic,"oxidation, reduction, and enzyme activity"
63930,semantic,insurance terms
64452,semantic,chemical formulas with subscripts
64510,semantic,crisis text line 741741
64525,semantic,"gender roles: homemaker, caregiver, prioritize relationships"
64999,semantic,"artillery, launchers, bombardment"
65308,semantic,discrimination and legal challenges
66644,semantic,emergency plan communication
67995,semantic,jingle
68011,semantic,Job company and role descriptions
68962,semantic,paper related
69455,semantic,PIU American curriculum
69467,semantic,Cinderella and step-relations
69473,semantic,"Operations, operations, operations"
69721,semantic,iPhone Pro Max camera
69739,semantic,budget
71379,semantic,"door knobs, handles, pull"
71784,semantic,construction phases
72979,semantic,female or women in general context
73616,semantic,when people picture or think of
74901,semantic,space for thetime/pauses/downtime
75839,semantic,high-speed rail
76323,semantic,payment recipients
76574,semantic,founded by
76711,semantic,office space or square feet
77194,semantic,numeric identifiers or codes
81705,semantic,days of the week or occurrences
81810,semantic,always introduces risks and challenges
82355,semantic,software updates and downloads
83013,semantic,sentiments or explanations
84095,semantic,destination and heading
84163,semantic,participation
84996,semantic,cumulative probabilities
85510,semantic,cost discussions
85862,semantic,learn how to
85914,semantic,inflation
44139,other,I can
44461,other,ABAP code
45464,other,of
45601,other,and the
47395,other,1
47647,other,unimportant or useless
47712,other,Contact us for consultation
48163,other,that's
48724,other,entry=ttu)
49272,other,avoid sensitive information
49328,other,contact us today
50721,other,keywords and tags
53237,other,navigation forward or backward
56009,other,controlled possession and attacking
56591,other,Insp
57720,other,learn how to
57861,other,out of
58962,other,keep in mind for future
61650,other,Please choose or reach
61663,other,purpose of
62465,other,let me know
62838,other,how to give a good
63361,other,urging obedience
64044,other,want to discuss
65201,other,overview
65506,other,various languages and common grammatical particles
65847,other,current user
66096,other,"encourages, enjoy, want, desire"
66107,other,llama.cpp repository URL
66736,other,"rather, instead, or but"
66816,other,"quotes starting with ""we"" or similar"
66858,other,durations and sequences
67601,other,"start small, don't try to"
67933,other,error returning data
68274,other,where to find information
68417,other,productive or production
68626,other,plural nouns
69665,other,no / none / not any
69711,other,Keywords: Materials and Methods
69714,other,roles like superhero
70817,other,"your wishes, accounts, friends"
70915,other,items found
70977,other,key indicators
72816,other,previous role at I
73944,other,assurance policies
74753,other,try again
74829,other,sorting alphabetically
75887,other,numerical division or fraction
76255,other,just want
76709,other,code snippets and comments
78045,other,"describing quality after ""was"""
78175,other,setting names
78846,other,tell me
78955,other,"bring, import, summon, download"
79230,other,improve something
82360,other,PEMDAS order of operations
83662,other,wider open
85182,other,especially or particularly
85465,other,invite you to
85551,other,"possessive pronouns and ""own"""
85888,other,services and capabilities
86018,other,comparative or superlative forms
88373,syntactic,number followed by letters or number groups
90293,syntactic,Hebrew and foreign characters
91684,syntactic,code comments
92428,syntactic,from her/my/a
93387,syntactic,www or tam after ://
95717,syntactic,store data or state
96289,syntactic,"array, nodeList, or xml selections"
96990,syntactic,"return, if, unsigned, int, def, fn"
101011,syntactic,"option '(a)', '(b)', or '(c)'"
101481,syntactic,which of the following
102364,syntactic,equation components
102417,syntactic,"Okay, let's break down"
103336,syntactic,"he, she, queen, return"
104393,syntactic,welcome greeting or host introduction
105319,syntactic,user identifiers and system names
105693,syntactic,topic outlines
107314,syntactic,following punctuation
108021,syntactic,multiple choice questions
110375,syntactic,degree comparisons
112305,syntactic,numbers and symbols
116662,syntactic,ตามความต้องการ
121389,syntactic,-
121431,syntactic,as X as Y
122627,syntactic,mobile | on-site | doorstep
123116,syntactic,"`(` followed by `model`, `fetch`, `out`, `**`"
123134,syntactic,last minute/stage
126864,syntactic,collect into Vec
127851,syntactic,know if
128407,syntactic,Which of the following
129012,syntactic,programming code
129636,syntactic,"talking about actions, outcomes, or states"
129711,syntactic,removal of redundancy
129930,syntactic,comparing size and number
130173,syntactic,deadline or duration in days
134602,syntactic,conditional outcomes would be
139212,syntactic,component lifecycle and events
141147,syntactic,carefully followed
141403,syntactic,period or quarter comparisons
142015,syntactic,try:
142529,syntactic,"time durations (months, weeks, years)"
144037,syntactic,mathematical expressions and equations
144562,syntactic,I
145378,syntactic,multi-lingual error handlers
145974,syntactic,"firstly, followed by comma"
150064,syntactic,public static class
151224,syntactic,simplifying phrasing and language
153487,syntactic,emphasis markers
154585,syntactic,if condition
154887,syntactic,list separators
156344,syntactic,what you make it
156525,syntactic,writing about topics
86720,semantic,me too / me neither / me trying
86974,semantic,is fantastic/great/useful
87275,semantic,being tired
87476,semantic,abstract methods
88668,semantic,propose activity or conversation
88734,semantic,anti-aging compounds and effects
89077,semantic,cities and associated attractions
89205,semantic,school of
89800,semantic,For example
90489,semantic,wishes for health and success
90831,semantic,promote healing
91546,semantic,"dust, sand, snow, dirt"
93312,semantic,slot machines and arcade games
94140,semantic,sentiment classification negative
94172,semantic,advertising
94498,semantic,phone numbers
94667,semantic,employee well-being and support
95449,semantic,"#Fernando, Trump, hashtags"
96555,semantic,large concepts
96710,semantic,DragonScale Eldoria Krabby
96750,semantic,increasing life expectancy
97234,semantic,fashion and designer clothing
97445,semantic,"fashion, dress types, styles"
97804,semantic,Plato's philosophy
98356,semantic,learns something new
98620,semantic,educating parents and families
98906,semantic,purchasing membership
99051,semantic,for decades or centuries
99742,semantic,play a game
100198,semantic,learning about
101757,semantic,living room and utility room
102693,semantic,skill identification and succession planning
103374,semantic,tic-toc sounds
103616,semantic,at risk
103930,semantic,larvae stage / transformation
104034,semantic,"difficulty, prompt, definition"
105011,semantic,"Governor's signature, becomes law"
105899,semantic,non-commercial use
106170,semantic,Huawei routers
106480,semantic,powered by or controlled by
106529,semantic,actor/artist Filipino
107180,semantic,Government and politics
107483,semantic,"hero, anime, Zootopia, inventor"
107533,semantic,served hot
108337,semantic,"know of fate, know about someone"
108484,semantic,diagrams and technical flows
108855,semantic,avoiding negative outcomes
109527,semantic,sounds of movement
110103,semantic,events and holidays
110105,semantic,audio lists playlists
111046,semantic,"talking about others, rumours, gossip"
111443,semantic,sports competition
111473,semantic,Google products and services
112400,semantic,suspicious or strange behavior
113444,semantic,signed copies or editions
114027,semantic,Quran 2:190-193
115233,semantic,"marry, married, marrying"
115254,semantic,defensive plays
116262,semantic,hospital visits and hospitalizations
116348,semantic,petition and Declaration of Independence
116879,semantic,sneaking actions
117051,semantic,Fed raised rates
119344,semantic,schools and hospitals
119604,semantic,"address, fix, resolve"
121750,semantic,body modification and overcoming limitations
121753,semantic,Saudi Arabia and its geography
122924,semantic,"membership, fellowship, or citizenship"
123484,semantic,science fiction concepts
123957,semantic,"pro-Western, national-conservative"
124120,semantic,denominator
124604,semantic,nasa.gov urls
126467,semantic,welcome and hospitality
129520,semantic,delivery driver for construction site
131597,semantic,Board of Directors
131614,semantic,legal clauses like WHEREAS
132693,semantic,wonderful people
132866,semantic,destruction leads to escape
133929,semantic,"wearing, using, or owning items"
134863,semantic,toggling states
135879,semantic,design and CAD models
135938,semantic,entry level roles
136100,semantic,"spiritual warfare, battling evil"
136151,semantic,Canada and Australia
137690,semantic,everyone's responsibility
139963,semantic,she would can
141827,semantic,beyond
143198,semantic,fraud or not fraud
145985,semantic,social and political issues
146061,semantic,"Defamation, Trevor Project"
146071,semantic,process control and optimization
146650,semantic,social spaces and cafes
147080,semantic,home renovation
147579,semantic,"FET, rTMS, OCR, CL, LTL, MFN, PAD, PFT, RBE"
149011,semantic,young professional working
151619,semantic,balance of power
152149,semantic,CPU and cache details
152783,semantic,"alimony, economic, property, money, limited"
153332,semantic,shoes
157368,semantic,inclusive community and interactions
157788,semantic,quotes about people and love
86995,other,morning drive or take
87458,other,POV video / captivate
89259,other,seconds with rollout
89305,other,"seeing, doing, following, hearing, digging, having, being"
90059,other,if it
92650,other,top position or ranking
92738,other,flattering
93064,other,historical settlements and growth
93672,other,make you
94820,other,where are you located
95947,other,conversational prefaces
96095,other,"чем могу, чем занимается"
97275,other,python code and application
99702,other,"options, multiple choice, elimination"
100921,other,quantities
101762,other,as well as
101826,other,browser support
103995,other,duration lengths
104204,other,so widespread
105731,other,or
110714,other,choose one
118882,other,best to help
118903,other,everywhere or on surfaces
123035,other,appearing
123346,other,"manage, protect, risk, currency, profit"
123441,other,policy gradient updates
125539,other,"exam consequences, academic failure"
128975,other,from anywhere or home
129402,other,Expedia
129667,other,where you
130702,other,"emergencies, or play, or consume, or discard"
131761,other,let's be
132407,other,but contrasted with subsequent information
133444,other,I/we state intention or future action
133995,other,never leave or deviate
135161,other,spent for / for a
137065,other,someone describes a state or action
137901,other,comparing options or alternatives
146161,other,must have
146900,other,responding to questions about humanity
149316,other,structure below or result overrides
150596,other,datasets and data types
157944,other,break up
158923,syntactic,pronouns followed by 'to'
163173,syntactic,alternatives across languages
163520,syntactic,location specifiers
165396,syntactic,`Node(`
166869,syntactic,programming constructs
169521,syntactic,"quote, quotation marks"
173099,syntactic,one of the
173213,syntactic,numbers and decimals (float)
177746,syntactic,variable declarations
178476,syntactic,since / depuis / since / seit / desde
181099,syntactic,sentence end punctuation
184410,syntactic,data values or identifiers
185518,syntactic,"data, regions, columns, operators"
190345,syntactic,special character placeholders
191845,syntactic,ordinal numbers and words
192537,syntactic,prepositions describing location or opposition
196024,syntactic,sequences or relating to
203235,syntactic,"specific punctuation, symbols, and non-English characters"
216257,syntactic,question/answer delimiters
217118,syntactic,"you ' , your sub"
225336,syntactic,list item separator
230177,syntactic,and his/her/colleagues
231632,syntactic,"""` or `password` after configuration items"
232837,syntactic,prepositions indicating location before place names
235665,syntactic,"Serializer, Goal, Models, Type"
236278,syntactic,"recently, followed by a comma"
247391,syntactic,headings and subheadings
248207,syntactic,`true` boolean value
249116,syntactic,numbers following certain tokens
254298,syntactic,verbs following pronouns
254566,syntactic,after the
256626,syntactic,for example
260409,syntactic,"Object Class, Special Containment Procedures, Type, Synopsis, Name, XP"
260540,syntactic,programming indices and variables
261840,syntactic,so that / thus / whereby
159608,semantic,official / officially
159836,semantic,native origin
161047,semantic,completing a form or task
165810,semantic,delicate surgical settings
165950,semantic,past environmental conditions
166905,semantic,protein synthesis and dna/rna processes
167826,semantic,advice and encouragement
168201,semantic,character names
169124,semantic,"contest, essay, hackathon, tree, elections"
170723,semantic,career advancement
171383,semantic,Lenovo Nottingham Leicester
174063,semantic,suggesting help for harmful thoughts
176440,semantic,touching or grabbing body parts
179050,semantic,movement and progress
179200,semantic,percent change
180498,semantic,"Sydney, Australia landmarks"
181632,semantic,mobile delivery services
182506,semantic,fragile hair
184921,semantic,another person
185024,semantic,"JCL jobs, contracts, procurement"
187020,semantic,film distribution and release
187311,semantic,specific location details
187421,semantic,impressing or proving oneself
188853,semantic,lists of popular things
189204,semantic,telescopes and astronomical imaging
189706,semantic,"Google services (Gmail, Drive, Docs, Workspace)"
191060,semantic,Syria and its relations
191924,semantic,call family or friends
192513,semantic,stages of development or progress
194732,semantic,essay application university projects
197459,semantic,Indigenous colonization struggles
197917,semantic,limits on screen time
198977,semantic,steve jobs lessons
199690,semantic,hello world
201967,semantic,explains necessity of elements
204508,semantic,US locations and organizations
205937,semantic,dates and ordinal numbers
206120,semantic,days and times
207002,semantic,weight and weight loss
208604,semantic,STEM fields
210924,semantic,shopping places
214167,semantic,packaging materials and containers
215242,semantic,rumors of
215687,semantic,country data with statistics
215732,semantic,wishes or stipulations before death
217890,semantic,children in vulnerable situations
219421,semantic,election
219533,semantic,leading someone or somewhere
219611,semantic,beverages
223146,semantic,"amenities, features, and aspects"
226443,semantic,Constitution of India
229304,semantic,historical word origins
233520,semantic,The Girl with the Dragon Tattoo
233533,semantic,retirement and hobbies
233611,semantic,time periods
234220,semantic,derivative calculations
237119,semantic,blue ballswhite mice
237306,semantic,training on a dataset
237387,semantic,Chinese mobile phones
238179,semantic,percentages
242134,semantic,"fugitive, fleeing, escape, flight risk"
242573,semantic,"preemption, legal challenges, municipalities"
244734,semantic,dance and dancing
246870,semantic,"family, word, trees, fire"
253133,semantic,"time durations in hours, minutes, seconds"
259550,semantic,ethical dilemma trolley problem
259994,semantic,"news, dates, and events"
158222,other,best approach
158770,other,alternative to
159618,other,asking for another
161596,other,return 0;
163908,other,always a good idea
164095,other,keeps you guessing
164193,other,becoming or continuing
166613,other,High
169257,other,AI chatbot or assistant roles
170750,other,"pronouns (I, me, my, you)"
170915,other,creating sexually explicit content
171444,other,deliverable
173891,other,"well, dá, paz, tudo bem"
174116,other,for a living
174640,other,other preceded by things or concepts
174852,other,woman followed by non-verbals
174931,other,Evening (Dinner & Plaza):
175626,other,here we go / here I am
176583,other,likely explanations
178617,other,groups of people in situations
180027,other,when you think about
180728,other,"personal pronouns, especially ""me"""
182171,other,lack of
185213,other,necessity or requirement
186975,other,when you're ready
187242,other,accusative and possessive pronouns
192416,other,ease or simplicity
195794,other,keep data intact
195966,other,always then
197016,other,geometric dimensions or measurements
197253,other,come up with
197818,other,"systems, objects, information, devices"
200562,other,knows how to
200746,other,"own, control, choice, freedom"
202759,other,let's be
210982,other,creating from lists: method
211242,other,rate
211666,other,less crowded than
211694,other,Logistics support and availability
211999,other,possibility and existence
213850,other,positive if x
215836,other,all of these
216993,other,asking questions
220645,other,"note, recognize, acknowledge, point out"
220898,other,and then
221240,other,pass away or sell
224254,other,sensitive areas
228707,other,want
229469,other,"""I'm"""
230185,other,before
230367,other,questioning or problems
232000,other,present or library
232171,other,"Our evaluation, results, and findings"
236514,other,"various languages, specific usage"
237008,other,previous responses
237959,other,relevance to audience interests
239145,other,attracting or leading to qualified groups
239433,other,lines for things
239453,other,how much/many
239692,other,not enough
241576,other,"listing examples of tasks, conditions, or themes"
247984,other,further/distance
248688,other,"second, third, another, obvious"
249143,other,login functionality
249188,other,Key Considerations
249333,other,thanks for your
251307,other,no evidence that
251490,other,I am/I am learning
251958,other,towards development and achievement
254082,other,"we cannot, we believe, we are"
255404,other,practicing what they preach
255961,other,can be used
256569,other,CM commentary
257013,other,data and information from sources
260504,other,how can I
262012,other,stay tuned for
1349,other,
1398,other,
2131,other,
3082,other,
3241,other,
3534,other,
4893,other,
5307,other,
5784,other,
5844,other,
6626,other,
6804,other,
7669,other,
7877,other,
8472,other,
9104,other,
10021,other,
10206,other,
12097,other,
13310,other,
14745,other,
15964,other,
16109,other,
16387,other,
16942,other,
17569,other,
18844,other,
19406,other,
22871,other,
24711,other,
25171,other,
25313,other,
27231,other,
27422,other,
28530,other,
28671,other,
28890,other,
29222,other,
29243,other,
29655,other,
30184,other,
32740,other,
32791,other,
32916,other,
34432,other,
34482,other,
35679,other,
36480,other,
37244,other,
37683,other,
38999,other,
39544,other,
39618,other,
40129,other,
40512,other,
40754,other,
40895,other,
42913,other,
42971,other,
44563,other,
44741,other,
45370,other,
46614,other,
46822,other,
47211,other,
47941,other,
48009,other,
48577,other,
49241,other,
49269,other,
49533,other,
51560,other,
53266,other,
55168,other,
59712,other,
60688,other,
63018,other,
63238,other,
63406,other,
63423,other,
64485,other,
65379,other,
67684,other,
68075,other,
70258,other,
70301,other,
70392,other,
71483,other,
71555,other,
71667,other,
71825,other,
73698,other,
74250,other,
75558,other,
76142,other,
77423,other,
80606,other,
81997,other,
82836,other,
84124,other,
85024,other,
85112,other,
86166,other,
86483,other,
92268,other,
94011,other,
95622,other,
96539,other,
96823,other,
98346,other,
101127,other,
101458,other,
105317,other,
105695,other,
105792,other,
105959,other,
106337,other,
107420,other,
108603,other,
109733,other,
109772,other,
110830,other,
111630,other,
113446,other,
115058,other,
116568,other,
120132,other,
121878,other,
126587,other,
127060,other,
127351,other,
127931,other,
127966,other,
128143,other,
128357,other,
128571,other,
128589,other,
128895,other,
130168,other,
131911,other,
132271,other,
135320,other,
135779,other,
135810,other,
136308,other,
136845,other,
137070,other,
137944,other,
140585,other,
140861,other,
140882,other,
141467,other,
143153,other,
144902,other,
145503,other,
146315,other,
147788,other,
151605,other,
151640,other,
152403,other,
154015,other,
155785,other,
156844,other,
158897,other,
160244,other,
162092,other,
163762,other,
164231,other,
165671,other,
166187,other,
166385,other,
167321,other,
170807,other,
171345,other,
172210,other,
172806,other,
174870,other,
175676,other,
176031,other,
176580,other,
182692,other,
182981,other,
192108,other,
194579,other,
194727,other,
195908,other,
201464,other,
203611,other,
206692,other,
207385,other,
208461,other,
210138,other,
211151,other,
211267,other,
213665,other,
217674,other,
220491,other,
222861,other,
224965,other,
227964,other,
228774,other,
229119,other,
230823,other,
231518,other,
232142,other,
233492,other,
235468,other,
236820,other,
240674,other,
242288,other,
243757,other,
244317,other,
246142,other,
246469,other,
247193,other,
247747,other,
250053,other,
256078,other,
258547,other,
259337,other,
261850,other,
34,syntactic,call to action phrases
182,syntactic,sentence structure and grammar
269,syntactic,English and Spanish
279,syntactic,string or type annotations
2265,syntactic,short answers
2302,syntactic,file names and paths
2587,syntactic,positive closings or continuations
2594,syntactic,in titles or lack thereof
5152,syntactic,"""is"" followed by clauses or explanations"
5574,syntactic,numbers without a third variable
5627,syntactic,numbers and symbols followed by words
5666,syntactic,code ending punctuation
5750,syntactic,"Rank, ranked, or rating"
5771,syntactic,code print statements
6152,syntactic,words starting with ex
6568,syntactic,datetime and det variations
6900,syntactic,past tense expectation
7435,syntactic,mathematical expressions and code
7476,syntactic,past tense questions
9477,syntactic,list structure indicators
9930,syntactic,insertions of arrays
9963,syntactic,said or narrated
10137,syntactic,"I believe, I know, I assure"
11451,syntactic,superficial focus
11487,syntactic,since / in
11794,syntactic,"first, easiest, best, good, great"
12532,syntactic,tuple of lists
12815,syntactic,titles and last names
12861,syntactic,"icons, font awesome"
12906,syntactic,"""in press"" / code contexts"
13445,syntactic,"cause and effect, procedure, inform"
13573,syntactic,how should [X] be used?
13632,syntactic,code blocks or list items
13734,syntactic,non-breaking space
14138,syntactic,except FileNotFoundError
14169,syntactic,(Image suggestion:
14513,syntactic,closer to
14656,syntactic,code function callsor delimiters
14746,syntactic,domain model entities
15183,syntactic,sum of calculations
15509,syntactic,``` markdown blocks ```
15781,syntactic,"multi-lingual ""this is"""
17062,syntactic,code structure and markup
17825,syntactic,numbers and punctuation
18264,syntactic,"negative statements with ""not"" or ""nor"""
18616,syntactic,code or card related prompts
18738,syntactic,words followed by specific terms
19520,syntactic,"first, then"
19526,syntactic,code execution output
19641,syntactic,timestamps and dates
19696,syntactic,academic acronyms and identifiers
20184,syntactic,"years ago, months ago, hours ago"
20280,syntactic,Two followed by `<end_of_turn>`
21273,syntactic,moving beyond or away from
21449,syntactic,GUI interactions and programming
21730,syntactic,cron job times
22271,syntactic,.typescript code definitions
22521,syntactic,date and time references
22701,syntactic,lists and categories
22822,syntactic,"places or destinations preceded by ""to"""
23239,syntactic,most common route or scenario
23529,syntactic,answering questions
24136,syntactic,python f-strings with code snippets
24646,syntactic,could be
24665,syntactic,Retrieved from references
25478,syntactic,Your Name
26675,syntactic,list item conclusion)
26762,syntactic,lists of items or descriptions
27008,syntactic,order or rank
27077,syntactic,percentage ranges and numerical values
27417,syntactic,with a
27663,syntactic,svg path data coordinates
27666,syntactic,numbers in word problems
28230,syntactic,have been
28514,syntactic,quantized versions of models
28744,syntactic,'session'
29021,syntactic,walks into a
29469,syntactic,causal event narrative
29575,syntactic,measurement units for ingredients
29723,syntactic,beyond the expected
29867,syntactic,writing about
30071,syntactic,quantity or amount of things
30113,syntactic,depending on
30197,syntactic,operators and constructs
30613,syntactic,acted alone
30632,syntactic,cleanliness and comfort
32523,syntactic,prime factorization and exponents
32545,syntactic,spotted or reported
32853,syntactic,numbers and arithmetic operations
33369,syntactic,[[
3804,syntactic,configuration file keys
8512,syntactic,computational instructions or file operations
10943,syntactic,ending code snippets
24986,syntactic,details or identifiers
2525,syntactic,ready indication
10517,syntactic,magnitude represents
16619,syntactic,based on
27,semantic,"skunks, ants, toadstool"
384,semantic,nation/country names
402,semantic,bombing destruction wartime
445,semantic,notice requirement or demand
2690,semantic,"light, color, brightness, state"
2704,semantic,"hyper, hypo, digestive, empathy, thyroid"
3178,semantic,cosmetic wear and damage
4257,semantic,"how to run, use, handle, do"
5068,semantic,humanity and human experience
5349,semantic,gendered and sexual content
5463,semantic,Meta and Facebook
5817,semantic,price comparisons
5819,semantic,collected from
5983,semantic,Tarotcards
6151,semantic,ultrasonic sensors
7166,semantic,African countries and languages
7754,semantic,"wall art, nature, home decor"
7876,semantic,"disposable, waste, reduce"
8307,semantic,celebrity and stars
8342,semantic,minutes
8361,semantic,engineering degree
8567,semantic,prime numbers
8651,semantic,names of people who died
8793,semantic,"innovative, recent, climate, cultural, grant"
8877,semantic,open-source software and models
9001,semantic,head of state or government official
9616,semantic,Mexico cities and places
9834,semantic,spam filters
10275,semantic,nursery rhymes and songs
10382,semantic,Turkey
10645,semantic,food portions or eating contests
10704,semantic,places like libraries and mosques
11803,semantic,websites and online search
12015,semantic,russian publications and dates
12326,semantic,period of years
12397,semantic,country names and geopolitical entities
12473,semantic,leaning against
12812,semantic,discount on future purchases
13026,semantic,irrigation system
13251,semantic,"short duration, not permanent"
14102,semantic,salary and living expenses
14682,semantic,horse racing
14838,semantic,economic growth towns
15386,semantic,spodumene and production
15807,semantic,American history and expansion
16167,semantic,trapping or confining
16748,semantic,announcing good news
17150,semantic,slowing disease progression
17686,semantic,Institute for the Study of War; Ezra Klein Show; RealClearPolitics
18424,semantic,motorcycle or motorbike
18661,semantic,mobile payment WeChat QR code
18674,semantic,garden
19113,semantic,medical conditions
19321,semantic,"competitiveness, competence, competitive"
19467,semantic,occultism and esoteric knowledge
20112,semantic,goldendoodle Poodle puppies adoption fee
21763,semantic,collaborators or partners
22213,semantic,ancient ruins and historical sites
22962,semantic,succession in office
23404,semantic,"""historical record's biases"""
24252,semantic,class names
24865,semantic,academic vocabulary and definitions
25314,semantic,leaving or keeping
26087,semantic,"Gemma, ChatGPT, Gemini"
26392,semantic,Indian film production
26546,semantic,payment dates shall be due
27152,semantic,wildlife observation and viewing
27752,semantic,gyms and fitness equipment
28196,semantic,"ISIS, Genesis, Iraq, Euphrates"
31072,semantic,old man names
31298,semantic,cultural performance engagement
31446,semantic,atmospheric vibe
31464,semantic,chromosomes are located on
31683,semantic,"giveaway, contest, raffle, lottery"
32145,semantic,top universities in China
32185,semantic,countries and territories
16655,semantic,license and notice inclusion
8972,semantic,names and citations
12851,semantic,"Spanish suffixes like ""ación"""
14559,semantic,city in addresses
14596,semantic,"states, provinces, districts, or cantons"
16838,semantic,"improving work, improving mind, improving ability"
19556,semantic,past and modern
23595,semantic,mathematical expressions with fractions and functions
1775,other,namespace App
4831,other,"logo, power, leftmost, sidebar"
5980,other,Utilitieswalking trails
8800,other,helpful resources
11311,other,improvements and explanations
12023,other,"tem, the, project, un, loan, ros, output, update"
13935,other,helping clients understand industrial AI
14844,other,"search, todos, data updates"
16512,other,domestic and international circulation
20294,other,"submission, need, iman, ijaazah, itibarıyla"
21408,other,end-user
23188,other,"rights, state"
26201,other,degree (or equivalent) / related field
28875,other,modelThought Step
29968,other,Go!
30137,other,model
33381,syntactic,University of
33823,syntactic,elongated vocalizations
34501,syntactic,citations with years
34821,syntactic,& followed by letters
35418,syntactic,units with symbols
35831,syntactic,more/bigger/increased
36256,syntactic,that's why
36353,syntactic,when certain conditions are met
37634,syntactic,numbers and acronyms
37983,syntactic,C# code keywords and namespaces
38626,syntactic,mathematical expressions or fractions
40291,syntactic,code structure and sequence
40909,syntactic,hashtags and trending topics
41642,syntactic,added explanatory phrases
42031,syntactic,sizeof (
42327,syntactic,to places or for purposes
42410,syntactic,statement clarifications
43216,syntactic,returns code blocks
44992,syntactic,links to papers
45200,syntactic,response intent
45471,syntactic,class definitions
45739,syntactic,last names in citations
45918,syntactic,number of
46132,syntactic,top_p and top_k sampling parameters
46501,syntactic,html links
46618,syntactic,if statements
47078,syntactic,point geometry
47397,syntactic,code block continuations
47851,syntactic,"past actions using 'left', 'made', 'played', 'stayed'"
47940,syntactic,code formatting and markdown
48851,syntactic,degrees and units
49194,syntactic,not necessarily
49380,syntactic,gradually or slowly
49395,syntactic,conversely or though
49508,syntactic,"temporal conjunction ""since"""
49602,syntactic,"differences, but, and"
50612,syntactic,html header tags and navigation links
51426,syntactic,hexadecimal values and hash
51654,syntactic,beginning of
53335,syntactic,data size descriptors
53671,syntactic,"however, but, instead"
53840,syntactic,name=' or ' ip address
54017,syntactic,have been + past participle
54378,syntactic,dates and numbers
54544,syntactic,inches following numbers
54724,syntactic,"indices `i`, `j`"
55318,syntactic,date followed by formatting
55891,syntactic,sentence endings
57160,syntactic,code blocks
57769,syntactic,совершенный / современный / социальные / сопротивление
59616,syntactic,에 맞는
60852,syntactic,sorted data
61712,syntactic,solving equations with variables
62495,syntactic,time durations
62768,syntactic,**(Disclaimer or note preface
63620,syntactic,list markers or separators
64085,syntactic,division remainder
64405,syntactic,logged status or type
64443,syntactic,dates and ordinal numbers
66475,syntactic,"date, time, or length calculations"
68392,syntactic,numbers followed by +
68809,syntactic,has made
69061,syntactic,serving size breakdowns
70829,syntactic,mathematical operators and symbols
73390,syntactic,"numbers, punctuation, and separators"
73979,syntactic,"lists, citations, and parenthetical numbers"
76062,syntactic,code structure and variables
76115,syntactic,slightly more
76129,syntactic,direction
79178,syntactic,name of the
81726,syntactic,possessive pronouns followed by time or relation
85215,syntactic,numbers and lists
85617,syntactic,Python module initialization keywords
86383,syntactic,"initially, beginning, launch"
87801,syntactic,numbers and decimal points
88729,syntactic,from initial stages of a process
89582,syntactic,numbers and calculations
90606,syntactic,in or of a/the
95018,syntactic,pronoun preceding a list or continuation
97491,syntactic,formatting list items or code
99525,syntactic,formatting markers or separators
100764,syntactic,subword units of frequent vocabulary
101108,syntactic,up to / until
102278,syntactic,constructor or method arguments
102367,syntactic,"json object, list, map, or format"
102533,syntactic,number of items and time
105005,syntactic,feet
107778,syntactic,age numbers
111587,syntactic,"i, enumerate"
112684,syntactic,descriptions or classifications
112868,syntactic,stats and attributes
112970,syntactic,one-to-one and one-to-many relationships
33552,semantic,"Shakespeare, dynasty, history"
33762,semantic,articles asking why or what
34013,semantic,thermal baths or hot springs
34769,semantic,"training programs, medical education, students"
35150,semantic,making websites interactive
39030,semantic,investment timeframe
39783,semantic,jot down notes
39832,semantic,steaming or boiling water
39962,semantic,American History X
40360,semantic,"privacy, control, operate offline"
40557,semantic,brand differentiation and loyalty
40827,semantic,Old Testament Tabernacle
41399,semantic,derivative and integral rules
41681,semantic,school or team activities
42561,semantic,"election results, votes, candidate totals"
43595,semantic,joy and happiness
44125,semantic,age comparisons
44888,semantic,announcements and elected officials
45083,semantic,math problems and calculations
48333,semantic,rest of life or career
48571,semantic,"mechanisms of regeneration, consciousness, insights"
50800,semantic,contenders and favorites
51279,semantic,reforms by Gorbachev and Deng Xiaoping
52185,semantic,places people go or arrive at
52348,semantic,"boundary, border, edge"
52529,semantic,"non-crystalline, non-symmetric, univariant"
57047,semantic,calculating numbers or sequence terms
57558,semantic,accident mishap damage
59003,semantic,agreements and declarations
59709,semantic,rental or housing consequences
61169,semantic,Forecast weather
61783,semantic,family members
62450,semantic,"economic hardship, inflation, famine, burden"
63055,semantic,render and build methods
64583,semantic,Mississippi state and Faulkner
65063,semantic,National Parks
66891,semantic,"food chains, food webs, energy pyramids"
67710,semantic,balanced diet
70794,semantic,reset to default or original state
71143,semantic,life and safety
71182,semantic,use it to buy
75965,semantic,On
78331,semantic,happiness and well-being practices
80130,semantic,animal tracks and footprints
80666,semantic,Dow Jones Industrial Average
82583,semantic,"renovations, fixtures, and home improvements"
84288,semantic,practice
84366,semantic,evil. wicked. malicious. vicious
85045,semantic,generations of students and graduates
85437,semantic,flat earth claims sovereignty
86198,semantic,married and they
87139,semantic,duvet cover
91306,semantic,French Revolution
93111,semantic,historical events and years
94205,semantic,dog training and obedience
95318,semantic,fans and supporters
95895,semantic,summoning creatures or things
97657,semantic,"playground, parks, and play equipment"
98973,semantic,geographical locations
100416,semantic,veterinary profession and practices
101365,semantic,business valuation and acquisition terms
103106,semantic,tax forms and reporting
105862,semantic,high blood pressure
106616,semantic,expansion of slavery
108649,semantic,mountains and ski resorts
109169,semantic,is now
111120,semantic,apartment features and amenities
111417,semantic,AI voice assistants
112317,semantic,locations and markets
114264,semantic,"escaped, but then"
37325,other,refusal of harmful information
37482,other,performance with other models
38548,other,places of business
39611,other,needs improvement
39864,other,"cost $, installation, utilities"
41494,other,equations and relationships
57821,other,and
58845,other,"apparently, evidently"
60767,other,getting better results
64575,other,idea of
71093,other,"ml, v, pack, 2gb"
71782,other,questions asking what
73425,other,kg weights
73470,other,be long
74631,other,equations with numbers and symbols
76877,other,Wishing
78192,other,explain any
78554,other,course of action
79955,other,elimination choices
80604,other,have a file named
81403,other,"names, places, and organizations"
86479,other,happy to help
89888,other,crucial
90592,other,apologize for any inconvenience
93784,other,script execution status
102737,other,"expensive, less, more"
105711,other,historical periods or societal transformations
106562,other,calls to action
106599,other,raise temperature
108307,other,"function, origins, behavior"
110026,other,qualities and characteristics
110342,other,mentioned before
119888,syntactic,links with `://` and `bike frames`/`rubber`
122099,syntactic,"y_train, y_test"
128901,syntactic,"dictionaries, lists with numbers"
130360,syntactic,my with following nouns
135502,syntactic,app directory copying
140904,syntactic,P followed by numbers
142855,syntactic,mathematical symbols and variables
146721,syntactic,; followed by i
146977,syntactic,* ( numbers )
148517,syntactic,units and values surrounding parentheses
150346,syntactic,into_response
152903,syntactic,became more
153258,syntactic,web links and resources
155255,syntactic,(a) followed by options
158760,syntactic,actively construct
161269,syntactic,My first request
166715,syntactic,digital or professional or DIY
168240,syntactic,possessive pronoun followed by noun
168932,syntactic,pronouns and following phrases
172211,syntactic,create a table
172477,syntactic,separators and numbers
177544,syntactic,Semi
179527,syntactic,end :] or index +
180585,syntactic,always been
182777,syntactic,numbers and currency symbols
186930,syntactic,sheet names and input sheets
187356,syntactic,small pdf
194866,syntactic,javascript code structure
195644,syntactic,measurements and percentages
198729,syntactic,letters and alphabet sounds
198804,syntactic,comparisons with locations or origins
199374,syntactic,instruction to write code
200849,syntactic,possessive pronouns in multiple languages
201179,syntactic,multilingual text processing
201442,syntactic,"closing phrases with ""Team"""
206062,syntactic,border: 1px solid
210926,syntactic,potential causes
214376,syntactic,.to(device)
224130,syntactic,list elements or code structures
225563,syntactic,numbers and code delimiters
227692,syntactic,offer to listen
227723,syntactic,letters and geometric terms
230173,syntactic,end of
230570,syntactic,"OTHERS"""
234564,syntactic,coordinates checking
237490,syntactic,i/you get/see/can
241146,syntactic,information about
243862,syntactic,the only
246603,syntactic,where this X be used
251803,syntactic,"first, Before"
252652,syntactic,code structure and types
255401,syntactic,.
256782,syntactic,"parts of a list, enumerations"
257631,syntactic,numbers and delimiters
258976,syntactic,Korean '원' or '의'
114500,semantic,assessment
114825,semantic,sensory overload or surprise
115651,semantic,api endpoint urls
116197,semantic,probability calculations and mathematical expressions
116341,semantic,country followed by associated terms
118010,semantic,solve for x
118842,semantic,older methods
119277,semantic,comparing effectiveness than original
119722,semantic,temperature dropping
120531,semantic,"students, instructors, partners"
123546,semantic,time differences and offsets
124289,semantic,0 to 50 percent
125674,semantic,character nicknames
126344,semantic,competitive world
129288,semantic,"weathered, scars, built"
129404,semantic,names of people
129587,semantic,i am x years old/kg/cm
133383,semantic,minimum or maximum requirements
134523,semantic,biochemistry and proteins
136829,semantic,sports records and statistics
137409,semantic,"leave, eviction, replacement"
137827,semantic,perceived as harmful or upsetting
140120,semantic,Manager
140488,semantic,budget airlines and baggage fees
140782,semantic,character development and plot
142265,semantic,timestamp and creation time
145183,semantic,speed of light
145740,semantic,animal care and training
147735,semantic,missing and exploited children resources
149542,semantic,legal services and clients
149695,semantic,"cell membrane, organelle"
150180,semantic,gig economy platforms
151578,semantic,drug trafficking and related criminality
151697,semantic,side to side
152453,semantic,adding values or quantities
153343,semantic,health and medical care
154112,semantic,acid or vinegar
154793,semantic,build upon foundation
154979,semantic,recently achieved or completed
156096,semantic,discovery and technology
156654,semantic,events involving harm or destruction
158565,semantic,years
158677,semantic,most people
159738,semantic,meeting rooms or conference venues
161890,semantic,type of
165735,semantic,depends on factors
167673,semantic,names and relationships
167836,semantic,"albums, films, and release dates"
171522,semantic,change or modification
171673,semantic,surfing and locations
172382,semantic,dosage based on weight and age
173089,semantic,marketing and business terms
175892,semantic,"stagnant, stagnant zones, stale"
179301,semantic,my day
180412,semantic,directions and locations
180817,semantic,overseeing tasks and responsibilities
181006,semantic,surprised
182296,semantic,vulva or urethral issues
186696,semantic,numbers and quantities
188205,semantic,since [year]
190391,semantic,youtube
192580,semantic,leg length discrepancy
194351,semantic,German words | anatomy | arithmetic | erect
196366,semantic,local history archive restoration
197320,semantic,work or live abroad
199306,semantic,"Leviticus, John, Sunday school"
199620,semantic,British Empire's dominance and control
203718,semantic,HVAC and air conditioning equipment
203951,semantic,branching and jumping instructions
206545,semantic,contractual obligations and potential impact
208281,semantic,blood pressure regulation and heart health
209704,semantic,"debts, liabilities, or offences"
210207,semantic,account balance transactions
220211,semantic,conflict or problems
220324,semantic,factors of production
220910,semantic,soy sauce
222879,semantic,lucky or successful outcomes
224107,semantic,calculating and deriving formulas
226470,semantic,July and summer
227366,semantic,important role
229623,semantic,numbers and calculations
233690,semantic,lease agreement term
235924,semantic,financial support or credit
240141,semantic,U.S. District Court names
241685,semantic,DOIs and citations
242734,semantic,cities and locations
243544,semantic,Sharpe Ratio
244729,semantic,add ingredients
246272,semantic,neuromorphic chips
246800,semantic,age and milestone discussions
247434,semantic,contrast conjunctions
252187,semantic,"maintenance mode, no new features"
256059,semantic,recording measurements or results
258978,semantic,city and country names followed by travel plans
261175,semantic,narrow paths and widths
122982,other,don't wait
125025,other,divide by
128005,other,90% quality of ChatGPT/Bard
138937,other,happy to assist
148906,other,general greetings
149729,other,specific instructions or details
153475,other,introductions and presentations
156390,other,positive closing emojis
166779,other,Got
175155,other,context about where text is used
179412,other,for example
187357,other,smoother performance gaming multitasking
195450,other,"days, Pro, 1, Angular, hips, Express, testing"
198653,other,am + location or state
227495,other,speaking questions
234850,other,"models, applications, policy, DSL, idiomatic"
244763,other,human does
251667,other,don't know what
257816,other,Maximum / Minimum / Important / Southern / Selling / Extension
10777,syntactic,partial class
52992,syntactic,experience heading
151708,syntactic,has/have seen/evolved/become
222913,syntactic,break down question options
20954,semantic,seeing or imagining
46915,semantic,fed / feed / eat
47992,semantic,"Width, Height, Definition"
54802,semantic,longest lifespan
62834,semantic,buildings and cultural landmarks
188516,semantic,types of data sources
206588,semantic,duration and frequency
251878,semantic,"basic, coffee, juice, limited"
10464,other,taking action or receiving something
40929,other,chatbot replies
171533,other,or
3325,other,
10134,other,
13501,other,
20722,other,
21357,other,
30162,other,
39148,other,
60189,other,
62084,other,
78986,other,
101489,other,
119411,other,
120623,other,
190292,other,
217812,other,
235683,other,
240217,other,
240885,other,
241240,other,
604,syntactic,quantity units like '1pc' or '1*'
2217,syntactic,string to data conversion
4800,syntactic,mathematical expressions with numbers
4891,syntactic,numbers after symbols
7353,syntactic,sorting list elements
7254,syntactic,substitute into
11416,syntactic,"division, fractions, decimals"
11664,syntactic,number or count variables
14484,syntactic,function calls with arguments
19228,syntactic,code syntax elements
19803,syntactic,sequence of actions
23945,syntactic,code delimiters
29513,syntactic,substitute into equation
30748,syntactic,image inclusion code
36189,syntactic,lists of options or examples
63254,syntactic,"P( |"" pattern"
89152,syntactic,mathematical operations and concepts
104138,syntactic,equations with variables
114785,syntactic,list slicing
123904,syntactic,CSS color codes
129783,syntactic,Scripts/bin activation
131322,syntactic,multiply by 100
157672,syntactic,skip and trim
176156,syntactic,"actions after ""and"""
198825,syntactic,geometric and programming parameters
3053,semantic,"cost, pay, total, sum"
3190,semantic,"""bibliography"" or ""references"""
5361,semantic,"face masks, minutes, facial"
8649,semantic,geometry and shapes
11244,semantic,**fear**
17179,semantic,Bruxelles or Lausanne
17917,semantic,Real Madrid
20221,semantic,powering devices and motors
23657,semantic,Polish language verbs and inflections
27228,semantic,"measurements, quantities, or specifications"
29270,semantic,thrill seeking
34247,semantic,US constitutional amendments
71125,semantic,local + community entities
79365,semantic,location of cities or institutions
87300,semantic,colors and painting styles
100097,semantic,nth term/Fibonacci
114017,semantic,deliver to authorities
168787,semantic,philosophical to categories
178627,semantic,used by others depending on skill
209329,semantic,objectification and dehumanization
238640,semantic,age
239547,semantic,Adolf Hitler 1889-1945
1871,other,"always, eventually, less"
5749,other,questions
8892,other,prompt generation nouns and descriptors
10494,other,Ask questions and discuss
14523,other,don't have to
15082,other,do you
20136,other,evaluate / evaluation
20832,other,punctuation followed by common words
21671,other,rephrasing or paraphrasing sentences
24052,other,numbers and specific items
27004,other,"fluctuations, duplex, UTF"
28424,other,God goal
52753,other,I was [feeling/state]
54770,other,"""I need"""
55060,other,adding to or increasing complexity
97053,other,slight / little / minor
132358,other,age:
256339,other,each [noun] a story
5515,other,
12414,other,
48069,other,
85418,other,
131851,other,
179178,other,
227678,other,
233542,other,
4135,syntactic,special characters and non-English words
11146,syntactic,"over time, decades, centuries"
11291,syntactic,chapter headings
28846,syntactic,scene descriptions and script elements
129818,syntactic,"""You"" followed by an action verb"
251446,syntactic,next word
4138,semantic,"link, links, navigation"
13860,semantic,Greg Rutkowski
25709,semantic,"avoiding intoxicants, gambling, lying"
89163,semantic,temperature extremes
101911,semantic,unnecessary or wasted effort
111997,semantic,sums of numbers
17213,other,split
20506,other,explorations especially
131473,other,first
172,other,
7222,other,
8193,other,
9843,other,
28669,other,
30594,other,
66105,other,
74892,other,
112591,other,
157784,other,
158404,other,
186938,other,
261089,other,
5291,syntactic,"ins, into"
8080,syntactic,code/programming constructs
10523,syntactic,code delimiters
40364,syntactic,Creates an instance of
47181,syntactic,months and dates separated by hyphens/slashes
94718,syntactic,spreadsheet formatting and structure
163507,syntactic,"inspect,"
1444,semantic,drug effects and prescribing
3214,semantic,"syndrome, variants, gene mutations"
6423,semantic,dissatisfaction with product or service
6659,semantic,signaling receptors and ligands
7247,semantic,Puerto Rico
7760,semantic,IMDb ratings and reviews
9799,semantic,mathematical proofs and theorems
12771,semantic,neurotransmitter associated with mood
16284,semantic,Black Death
16417,semantic,budget ranges and indicators
17855,semantic,concerned about medical issues
21251,semantic,free or paid options
22792,semantic,lead generation
26327,semantic,educational resources and students
33867,semantic,garage or shed
39213,semantic,"psychotic features, affective, acetophenone, catatonia"
43524,semantic,cm-1 spectroscopic analysis
47617,semantic,class definitions
48299,semantic,mandatory training
62010,semantic,pesticide residue
65672,semantic,dose or drug adjustments
89144,semantic,sexual arousal and orgasm
92942,semantic,"de- prefix, breaking down, desensitize"
107406,semantic,research and developments
114462,semantic,OpenStreetMap and osm
117230,semantic,creators
119211,semantic,serious health complications
139922,semantic,seizures and epilepsy management
147588,semantic,tournament
153156,semantic,medication names and dosages
159538,semantic,times and shifts
165959,semantic,HIV/AIDS medication and treatment
189440,semantic,warnings and contraindications
221576,semantic,past mistakes regretful choices
255565,semantic,Defendant
256709,semantic,common issue or problem
1521,semantic,"The neuron seems to be looking for specific descriptions or characteristics within texts, particularly when connected to literary devices or vocabulary. The presence of foreign words like ""辞"" and ""手法"", alongside English terms like ""imagery"", ""literary"", ""poem"", and seemingly specific concepts like ""Chrome"" or ""Schatten"", suggests a focus on nuanced language and descriptive elements. The tokens following the max activating token also point towards discussing aspects of texts such as ""details"", ""characters"", or literary ""techniques"". The positive logits include words that are often thematic or descriptive (""Schatten"", ""chromatic"", ""quiet"").Considering this, a good phrase would capture the essence of *finding specific descriptive elements or language nuances*.Let's re-evaluate:-   MAX_ACTIVATING_TOKENS: `doesn`, `ference`, `important`, `and`, `specific`, `the`, `from`, `imagery`, `辞`-   TOKENS_AFTER_MAX_ACTIVATING_TOKEN: `'`, `-`, `details`, `characters`, `literary`, `poem`, `the`, `,`, `*`, `手法`The common thread is looking at specific *parts* or *qualities* of text. ""imagery"" and ""literary"" are key. ""details"", ""characters"", ""poem"" also fit. The foreign words ""辞"" (words/diction) and ""手法"" (method/technique) reinforce this. The logits like ""Schatten"", ""chromatic"", ""quiet"" are descriptive qualities.A pattern emerges around specific aspects of literature, language, and description.Let's try to make it more specific:-   ""Literary elements and specific descriptions"" (7 words) - Good, but ""specific descriptions"" is a bit broad.-   ""Literary aspects and descriptive language"" (5 words) - Better.-   ""Literal and figurative language analysis"" (5 words) - This fits ""imagery"" and ""literary."" ""chromatic"" and ""Schatten"" also feel figurative. ""details"" and ""characters"" are literary elements. ""辞"" and ""手法"" point to language.-   ""Figurative language and literary devices"" (5 words) - This seems quite strong.-   ""Describing literary works and their parts"" (6 words) - A bit too verbose.-   ""Analysis of imagery and literary aspects"" (6 words) - Also good.Let's look at *TOKENS_AFTER_MAX_ACTIVATING_TOKEN* more closely:After `imagery`, we see `literary`.After `important`, we see `details`.After `specific`, we see `the`.After `difference` (implied by `ference`), we could see `characters` or `literary`.The Chinese/Japanese characters suggest linguistic analysis.The combination of ""imagery"", ""literary"", ""details"", ""characters"", ""poem"", and foreign terms related to language/method points towards the neuron identifying and analyzing specific components of written text, especially stylistic or thematic ones.The logits are also descriptive: ""Schatten"" (shadows - imagery), ""chromatic"" (color - imagery), ""quiet"" (mood/description).I think ""figurative language and literary devices"" is strong.""Imagery analysis"" is only 2 words, too short.""Literary specific details"" (3 words) - This is okay, but ""specific details"" is still a bit generic.""Imagery, literary devices, and language"" (6 words) - This covers a lot.Let's try to simplify. What is the core idea?Literary devices and specific language"
26785,semantic,navigation sidebar or page element
1630,other,complex problems and reasoning
4142,other,must ensure or prioritize safety standards
5703,other,APIExplainMethodUse
6601,other,recent calls to search
7558,other,you are a
10510,other,knowledge and understanding
14205,other,after an event or time period
14796,other,example explanations
15673,other,speaker holders
16577,other,comes down from in at
21831,other,positive feelings and desires to do something
25071,other,"supported, dedicated, generates"
22963,other,getters and setters
25492,other,system fails
1038,other,
3156,other,
3876,other,
4864,other,
11667,other,
12216,other,
16560,other,
18637,other,
19606,other,
23903,other,
25264,other,
33122,other,
42524,other,
51530,other,
59199,other,
60971,other,
61689,other,
70166,other,
82338,other,
113861,other,
137811,other,
147939,other,
151451,other,
179488,other,
193640,other,
239624,other,
2163,syntactic,"phrases like ""I understand"""
5287,syntactic,java imports
9711,syntactic,biblical language and style
11563,syntactic,configuration and code structures
13483,syntactic,programming syntax elements
16001,syntactic,question sessions
18275,syntactic,changes and explanations
24193,syntactic,"defining, describing, or assuming something"
27196,syntactic,closing code delimiters
28463,syntactic,units or translation equivalents
32983,syntactic,Added comments
38826,syntactic,start or to begin
52333,syntactic,start of abstract
54814,syntactic,when to use or choose
69554,syntactic,solution to the problem
73371,syntactic,consideration or necessity
73475,syntactic,update on the
162289,syntactic,conditional data structure logic
179133,syntactic,early dates and times
578,semantic,snacks and blood sugar
986,semantic,disease and prevention keywords
2669,semantic,"chronic infections, immunodeficiency, adhesions"
4061,semantic,beef patties and burgers
5569,semantic,"malady, cancer, tumor"
6508,semantic,blood vessels and membranes
7849,semantic,crystal meth
10967,semantic,sustain repeated prolonged activity
11704,semantic,National museum
14046,semantic,"NAMI, NASA, NAACP"
14276,semantic,Supreme Court
16469,semantic,investing and suing
19670,semantic,Russia
21760,semantic,interest rates and borrowing
24821,semantic,frequency shifting
25115,semantic,God created mankind
26044,semantic,game/jogo/juego
28952,semantic,mulch or soil surface
29271,semantic,hole or gap in knowledge
31613,semantic,dimming or stripping areas
32221,semantic,plan your trip or visit
39651,semantic,motorbikes and food advertisements
40348,semantic,Xcode project assets
42322,semantic,christ's glory and love
42841,semantic,SCP
46493,semantic,choice of doctors and hospitals
50944,semantic,dust motes danced
55448,semantic,health and lifestyle conditions
57369,semantic,pygame screen setup
61372,semantic,yoga and practices
62335,semantic,within a timeframe
70006,semantic,finish palate
77789,semantic,"endometriosis, anteverted, external uterus shape"
84297,semantic,code block delimiters
96028,semantic,physical descriptions of spaces
98391,semantic,Course Corrections Module
103575,semantic,return company property
106173,semantic,dimensions and tolerances
107581,semantic,upcoming events or plans
138940,semantic,age groups and conditions
190112,semantic,educational qualifications and university admission
204998,semantic,foreign language books and titles
4451,other,instance
10124,other,radiating down or around
20717,other,contact us if
25129,other,improving things
25910,other,such / такой
92504,other,expressions of sympathy or praise
97469,other,x-cc
4540,other,
7894,other,
16846,other,
17361,other,
18243,other,
20400,other,
26901,other,
38212,other,
42558,other,
50145,other,
62350,other,
70296,other,
161053,other,
187690,other,
214739,other,
217299,other,
232280,other,
259270,other,
878,syntactic,not mentioned or reported
6168,syntactic,link protocol
7323,syntactic,chapter
17065,syntactic,as a / an
32516,syntactic,can automatically or optionally
33947,syntactic,explains why something works
156103,syntactic,twitch.tv links
162952,syntactic,"specified number, wider range, entire class, next set, huge diversity, unique set, dense suspension"
225966,syntactic,"words before ""to"" that indicate direction"
64,semantic,graph complete
711,semantic,feature comparison
1476,semantic,vaccination and disease transmission
1676,semantic,immigration policies and restrictions
5485,semantic,"basal ganglia, blood, pituitary"
5896,semantic,idioms and sayings
15076,semantic,parking in locations and tickets
15400,semantic,news
16722,semantic,medical diagnosis of malignancy
17705,semantic,"chromosome, gene, sequence, update, dock"
19079,semantic,land area measurement
20287,semantic,"liver, cirrhosis, carcinoma, delta"
27914,semantic,USDA Plant Hardiness Zone
33393,semantic,legal documents and proceedings
36275,semantic,"cancer, mutations, risk"
45552,semantic,chemical processes of life's origin
54971,semantic,body parts and locations
59096,semantic,meme description
78977,semantic,US politics discussions and debates
86999,semantic,discount
87018,semantic,oxygen transport
94914,semantic,"complement, antibody, immune complexes"
152990,semantic,heart rate and oxygen
164567,semantic,"sore throat, fatigue, or unwell"
188267,semantic,guests or children
212295,semantic,body hair removal
217861,semantic,anti-noise creation
220390,semantic,Open SSH
257294,semantic,income potential
11573,other,"while, there, can"
18120,other,only
23755,other,"tan, DVDs, slightly thicker"
40663,other,edition ascents publication extension
48646,other,text has
100861,other,new and earlier variants
113186,other,not much!
259262,other,motion of
