feature_idx,label,description
806,other,
1161,other,
2333,other,
2571,other,
3514,other,
3556,other,
4045,other,
4613,other,
5392,other,
5668,other,
6124,other,
6381,other,
8816,other,
9684,other,
11039,other,
11132,other,
11990,other,
12204,other,
13581,other,
14139,other,
14140,other,
14256,other,
14290,other,
14633,other,
15079,other,
16224,other,
17243,other,
18318,other,
19609,other,
19818,other,
19883,other,
20260,other,
21742,other,
22452,other,
23241,other,
23349,other,
24138,other,
24410,other,
24928,other,
25506,other,
26043,other,
26138,other,
26450,other,
28791,other,
28960,other,
30172,other,
30649,other,
32152,other,
33966,other,
34186,other,
34495,other,
37636,other,
40125,other,
40187,other,
40426,other,
40664,other,
41711,other,
42489,other,
42549,other,
42551,other,
44546,other,
46075,other,
47093,other,
47722,other,
47961,other,
48125,other,
49284,other,
49775,other,
50336,other,
55851,other,
58748,other,
59898,other,
60693,other,
62289,other,
64101,other,
70004,other,
74489,other,
86252,other,
88724,other,
92549,other,
94989,other,
97498,other,
103077,other,
104242,other,
111220,other,
111682,other,
116283,other,
119346,other,
130870,other,
137089,other,
139032,other,
147668,other,
148153,other,
151689,other,
159327,other,
162317,other,
162536,other,
171596,other,
175416,other,
177273,other,
180672,other,
191187,other,
196918,other,
198673,other,
198793,other,
200605,other,
207659,other,
209881,other,
220913,other,
239529,other,
242773,other,
246062,other,
253156,other,
260512,other,
21,syntactic,numbers and symbols
581,syntactic,Run function calls
1250,syntactic,formational suffixes
1598,syntactic,code snippets
1688,syntactic,than comparison
2184,syntactic,long sequences of 'A'
2212,syntactic,from
2225,syntactic,tell me:
2265,syntactic,short answers
2421,syntactic,though followed by contrast
3073,syntactic,"different, vary, differ, approaches"
3147,syntactic,**and**
3295,syntactic,closing title tag
4024,syntactic,url componentsinternet domains
4619,syntactic,method definition `forward`
5155,syntactic,sentences ending with exclamation marks
5281,syntactic,numerical confidence scores
5305,syntactic,following punctuation
5357,syntactic,starts with
5843,syntactic,"categorization, code, numbers, □, news filter"
6107,syntactic,comparisons with 'than' or 'as'
6401,syntactic,still after 'but'
6905,syntactic,length or index
6930,syntactic,generation prompt examples
6981,syntactic,sentence endings
7278,syntactic,code syntax and functions
7524,syntactic,lists and tables
8004,syntactic,multiple choice answers
8026,syntactic,foreign languages and punctuation
8049,syntactic,answer:
8426,syntactic,groupId in pom.xml dependencies
8870,syntactic,php code
9157,syntactic,ASCII diagrams and box-drawing characters
9179,syntactic,".html, .py, .ini, .bin file extensions"
9233,syntactic,.bin files
9234,syntactic,auf + noun/article
9677,syntactic,"plpgsql, modus, template"
10570,syntactic,handling null or undefined
12457,syntactic,return statements
12504,syntactic,version or file paths
12685,syntactic,divisible by
12781,syntactic,how something is done
12818,syntactic,px solid
13232,syntactic,Here's a breakdown
13335,syntactic,"naturally, logical, statistically"
13500,syntactic,C:\Users\
13807,syntactic,'
125,semantic,key importance
193,semantic,time and specific moments
557,semantic,rate of change
671,semantic,age and life stages
740,semantic,"artificial intelligence, virtual reality"
783,semantic,youtube links
799,semantic,comparing past and current performance
842,semantic,"business names, photos, social media, reviews"
847,semantic,economic data analysis
1172,semantic,newness or lack of experience
1348,semantic,"shape, size, position, parallel, orientation"
1433,semantic,faster rate or pace
1591,semantic,find flaws or imperfections
1597,semantic,S-curve growth and learning curve extrapolation
1624,semantic,first occurrence
1764,semantic,science degrees
2139,semantic,"cloud, AWS, platform, optimized"
2209,semantic,price comparison
2314,semantic,temperature and distance units
2394,semantic,course or study plan
2448,semantic,names and quotes
2497,semantic,"affection, affirm, affine"
2538,semantic,delayed gratification and patience
2632,semantic,academic citations and years
2700,semantic,population estimates from U.S. Census Bureau
2754,semantic,prices of goods
2866,semantic,medieval centuries and years
2904,semantic,medium to high
3360,semantic,graduate certificates and degrees
3371,semantic,current value access
3386,semantic,"_TOP_POSITIVE_LOGITS**:    `employment`, `positions`, `vacancies`, `employed`, `Employment`, `Sector`, `Northern`, `Stone`, `Peruvian`, `hiring`    This list strongly indicates themes related to jobs, employment, hiring, and related entities. ""Employment"", ""positions"", ""vacancies"", ""employed"", ""hiring"" are all direct job-related terms. ""Sector"", ""Northern"", ""Stone"", ""Peruvian"" might indicate specific types of jobs or locations, or sectors.4.  **TOP_ACTIVATING_TEXTS**:    This list provides context. Let's look for common themes in these texts:    - ""language of the **employment** contract?"" - Mentions ""employment"".<start_of_thought>The user wants me to explain a neuron's behavior with a short phrase (3-20 words).I need to find a pattern in the provided lists: `MAX_ACTIVATING_TOKENS`, `TOKENS_AFTER_MAX_ACTIVATING_TOKEN`, `TOP_POSITIVE_LOGITS`, and `TOP_ACTIVATING_TEXTS`.Let's break down each list:1.  **MAX_ACTIVATING_TOKENS**: `the`, `wages`, `for`, `members`, `career`, `job`, `accidental`, `(`, `a`    *   Contains general words (`the`, `for`, `a`, `(`).    *   Contains job/career related words (`wages`, `members`, `career`, `job`).    *   Contains `accidental`.2.  **TOKENS_AFTER_MAX_ACTIVATING_TOKEN**: `official`, `,`, `software`, `for`, `track`, `,`, `mente`, `Government`, `warm`    *   `official` comes after `the` (in the context of language).    *   `software` comes after `job` (this is a strong connection).job or career positions"
3483,semantic,lists of colors
3652,semantic,prices vary or fluctuate
3662,semantic,love and liking
3880,semantic,"degree, certification, or accreditation"
3948,semantic,ongoing challenges and problems
4013,semantic,remote work from home
4069,semantic,core ideas and explanations
4501,semantic,questions to clarify or ask
4628,semantic,jetpack compose ui elements
4701,semantic,accommodation and living situations
4760,semantic,job search
5082,semantic,"unwanted bloatware, features, ads"
5568,semantic,"RPG, D&D mechanics, character levels"
5607,semantic,family relationships
5801,semantic,"trains, railways, locomotive, speed, lever"
5874,semantic,household income and prices
5916,semantic,"wire, furnace, die, batch"
6080,semantic,for justice
6272,semantic,dates and meeting details
6735,semantic,rights and abstract concepts
6931,semantic,"New York, New Jersey"
7110,semantic,digestive movements and orders
7173,semantic,people followed by punctuation
7244,semantic,improves performance
7274,semantic,Christian conservatives
7343,semantic,business and its contexts
7413,semantic,magazine or journal articles
7430,semantic,LinkedIn networking
7725,semantic,dates and historical figures
7786,semantic,taking on risk or risk premium
7936,semantic,local partnerships and advertising
8112,semantic,university names and locations
8214,semantic,US Capitol attack and related political events
8640,semantic,population trends and urban growth
8749,semantic,mathematical equations
9117,semantic,"budget, cost, estimates, range"
9220,semantic,"luxury, premium, expensive"
9436,semantic,"western, frosted, parmesan"
9712,semantic,English dictionary references
9943,semantic,career goals and future aspirations
10104,semantic,taxation and contributions
10147,semantic,calculate total cost or quantity
10302,semantic,rights and freedoms
10315,semantic,economic benefits
10356,semantic,female roles and stereotypes
10422,semantic,ICD-10 codes and construction division numbers
10832,semantic,women compared to men
10953,semantic,"capital, profit, and wealth inequality"
11093,semantic,magazine or newsletter names
11162,semantic,county administrative divisions
11218,semantic,"touch, tactile, tingling, dexterity"
11225,semantic,salary negotiation or raise
11279,semantic,Cambodia or Cambodian
11539,semantic,playing at events
11552,semantic,making mistakes
11651,semantic,US states and social constructs
11825,semantic,tax and dividend allowance
11927,semantic,"home, neighbourhood, mail carrier"
12170,semantic,account security
12172,semantic,computer mouse
12292,semantic,lists of tables / categories
12568,semantic,Pope John Paul II Vatican City
13170,semantic,statistical tests
13206,semantic,advertising and newspapers
13420,semantic,dream interpretation and symbolism
13464,semantic,"legal challenges, rejections, and locations"
13477,semantic,disturbing visuals and unsettling themes
13639,semantic,"train stations, postal routes, delivery paths"
13920,semantic,words associated with academic articles
218,other,instructions carefully
579,other,indicates importance or quality
705,other,explaining refusal to you
947,other,this is where it gets
1132,other,truly followed by awe
1141,other,user prompts instructing actions
2143,other,"information, surprise, or uncertainty"
2744,other,AI model responses
3669,other,"empty, partially, or strings"
4206,other,© 2023 My Website
4845,other,Please read
5902,other,"creation texts, especially Genesis"
6278,other,context
6636,other,clarifies or specifies
6671,other,vibe
6770,other,remember sequences
6837,other,descriptive qualities
6960,other,best suited
7498,other,assess or determine
7512,other,want to become
7520,other,nuance and truth
7967,other,script functions
8081,other,"mere, vague, unsubstantiated"
8265,other,worth the effort
8323,other,speculating or expressing possibility
8393,other,AI model definitions
8602,other,"promotions, activities, differences"
8939,other,specific entities or labels
9030,other,gave you a chuckle
9558,other,explains code or sets context
10010,other,financial/mathematical terms
10548,other,word
10696,other,intensifiers followed by descriptions
10814,other,"multi-AZ deployment, society, parameter, safe"
10824,other,hope you understand
10941,other,edition or author
10942,other,"base currency, slow EMA, base"
10990,other,"Person B, Hi Team"
11273,other,Disclaimer:
11432,other,"common question, yes/no answer"
11563,other,configuration and code structures
11637,other,Publisher
11641,other,in corner of
11670,other,does not constitute medical advice
12045,other,apologize that
12300,other,Here's why
12431,other,"likely, probable, next"
12573,other,mentioned in
12930,other,familiar to most people
12944,other,roles and responsibilities
13100,other,when deciding or processing
13346,other,how to ask for
14641,syntactic,numbers followed by units
15522,syntactic,look for
16072,syntactic,function definitions and managing data
17526,syntactic,.html or details
17585,syntactic,code examples: mathematical and conditional
18086,syntactic,possessive pronouns and titles
19527,syntactic,per unit / rate / increments
20300,syntactic,copyright year and owner name
20448,syntactic,else if
21281,syntactic,this or these followed by noun
21616,syntactic,import statements or class names ending with 'er'/'or'
22141,syntactic,**Python syntax or punctuation**
22609,syntactic,lists of items or bullet points
23327,syntactic,во- prefix
23399,syntactic,"years old, version of, grounds for"
24026,syntactic,google.com links
24587,syntactic,numbers and units
26723,syntactic,miss out or skip
27245,syntactic,knowledge cutoff date
27674,syntactic,numbers followed by specific digits
28363,syntactic,incredibly remarkable adjectives
28815,syntactic,templates and template
29535,syntactic,yes/no answers
29565,syntactic,parenthetical interjections
32589,syntactic,https://
37521,syntactic,comment block syntax
37740,syntactic,See below
38458,syntactic,"""CODE"" and associated programming terms"
46657,syntactic,additional or lesser options
48398,syntactic,"words, comma, quotes"
49162,syntactic,conditional logic
21951,syntactic,key or main points
38504,syntactic,inside and outside
44534,syntactic,based on
50950,syntactic,yes or no answers
14152,semantic,mergers acquisitions capital markets law firm interviews
14178,semantic,"income, wealth, and taxes"
14209,semantic,appointing government officials
14609,semantic,zero emissions
14658,semantic,female characters' names
14949,semantic,countries and superlatives
15227,semantic,"old, prior, recent, or aged contexts"
15629,semantic,professional [role]
15684,semantic,routing and directed graphs
16077,semantic,emotional conflict or struggle
16296,semantic,"company names, contributors, copyright notices"
16386,semantic,hair styling tools and techniques
17503,semantic,property development and sales
18219,semantic,prime numbers and divisibility
18468,semantic,early action or opportunity
18989,semantic,personnel and job performance
19242,semantic,room and board
19324,semantic,teacher and teaching profession
19512,semantic,historical periods and titles
19731,semantic,leader roles
19857,semantic,fortifications and masonry
20103,semantic,wealth and poverty
20104,semantic,museums and zoos
21189,semantic,calculate and compute
21403,semantic,density and composition
21431,semantic,names of people and organizations
21469,semantic,"PTE, PTI, PT abbreviations"
21623,semantic,sports statistics
21839,semantic,journal citations
22123,semantic,feminist discrimination rights sexism
22289,semantic,years ago or before
22433,semantic,privilege and white people
22479,semantic,content management systems
22668,semantic,influence and affect
22762,semantic,code block delimiters
22888,semantic,florida and hawaii locations
23289,semantic,causal discovery constraint inference
23304,semantic,economic indicators and wealth
23326,semantic,"attention, focus, concentration, dopamine"
24273,semantic,generally or usually
24352,semantic,magnitude of potential drop
24601,semantic,mathematical calculations
24611,semantic,"anonymous mail, notes, or gifts"
24668,semantic,own + self-related concepts
25162,semantic,multiple languages greeting or stating ability
25175,semantic,economiceconomyeconomies
25524,semantic,asking engaging follow-up questions
25560,semantic,time and places
25586,semantic,"actress, beauty, contest"
25636,semantic,for specific technical contexts
26266,semantic,علم حاصل کرنے کی ترغیب
26735,semantic,genocide early corruption factions
26962,semantic,video and audio content
27250,semantic,"closures, reduced hours, or cuts"
27325,semantic,comic books and strips
27383,semantic,request documentation or reproduction steps
28024,semantic,"relationship desire, dismissal, and divorce"
28150,semantic,"jurisdiction, law, applies"
28349,semantic,estimation and ranges
28555,semantic,colors and accents
28813,semantic,function or method calls
29118,semantic,"Portugal, Portuguese, Iberian Peninsula"
29518,semantic,layoffs and restructuring
29955,semantic,continuation markers
30864,semantic,checking and inspection
31277,semantic,"equally, equal, evenly"
31686,semantic,degrees and fields of study
31851,semantic,currency amounts
31868,semantic,false positive or negative
31942,semantic,accept risk or cost
32069,semantic,locations and settlements
32526,semantic,"settlements on, scientific research, activities of, Electoral College"
33054,semantic,healthcare costs and reform
33143,semantic,university education free
33191,semantic,estimates and measurements
33563,semantic,founder or founding
34837,semantic,craftsmanship and skill
35488,semantic,fusion (of hydrogen/sun)
35501,semantic,"citation styles: APA, MLA, Chicago"
35765,semantic,division by two
36427,semantic,america usa united states
36883,semantic,"government, contract, witty, unconventional, federal, slowing, debated, byte, sensitive"
36903,semantic,"LLaMA, existing, modify"
37653,semantic,military preparation
37697,semantic,counter-terrorism and surveillance
37952,semantic,insults and profanity
39307,semantic,Roma associated with theft
40767,semantic,age and aging
41127,semantic,medical terms and anatomy
41140,semantic,refusal to protect
41473,semantic,marriage and relationships
42047,semantic,the case
42096,semantic,left behind / forgotten towns / economic decline
42453,semantic,women and female descriptors
42813,semantic,"F-1 scores, p-values, Cronbach's alpha"
43313,semantic,historical eras and events
43345,semantic,to deny
43514,semantic,"slope, elevation, gradients"
44075,semantic,castle and buildings
44469,semantic,2013 Iraq bottle
44727,semantic,labia
45740,semantic,knows how to do something / something is known
46488,semantic,quantities of items
48063,semantic,Natural disasters
48721,semantic,conjunctions indicating contrast or continuation
50150,semantic,capital of
50370,semantic,starting out or developing
51334,semantic,"parks, scenic drives, roads"
51668,semantic,envisioning oneself or futures
51887,semantic,savings plans
51933,semantic,marginalized vulnerable people and disability
20071,semantic,ranking or ordering
14809,semantic,abstract concepts or states
31446,semantic,atmospheric vibe
32893,semantic,key aspect or part
40858,semantic,arguing or presenting an idea
41579,semantic,Australian city
45952,semantic,"at, in, tucked, rests beside"
14270,other,"confronted, founded, impending, including"
14350,other,conditions apply
14389,other,to give *best* help/advice
14823,other,"option, rate, rate, rare, least"
14917,other,have the same
15901,other,wondering what
16239,other,view counts and ratings
18529,other,lack of explanation
18851,other,did you hear about
18948,other,thank you for
19955,other,'m
20798,other,marriage and marrying
21368,other,(M & N)
22910,other,purpose is catalyst
22951,other,less
24970,other,people can
25715,other,that's a really interesting question
30265,other,before
31200,other,"hint, Hin, hinted, hints"
32661,other,a feeling/reputation/specific/thing/soft/habit/slightly/whole/past
32682,other,"such as, before ceremony, I get, Indebtedness, pack, ESOP Formation, taking possession, Issued Photo ID, loss of love, past year"
32852,other,Floating Markets & Departure
36301,other,self-assessment
38602,other,symbols and words
38969,other,categorized groups into areas
40453,other,units of measurement and their conversions
42324,other,apply for this exciting opportunity
52038,other,中文动词
22405,other,1
23144,other,been so far
32821,other,be as
37914,other,look for
39467,other,more ... than
50158,other,","
32272,other,always crucial always
33017,other,list of
43452,other,what happened
19270,other,possessive pronouns followed by family or place
29985,other,**writing advice**
46960,other,Besides being
47307,other,from universities and colleges
52653,syntactic,symbols and operators
52826,syntactic,growth than in segments
53424,syntactic,latex and code package inclusion
53537,syntactic,"control unit, data layer, hidden layers, application layer, linux kernel"
56104,syntactic,variable declaration or context
56633,syntactic,<start_of_turn>
58622,syntactic,","
59100,syntactic,private variable declarations
62110,syntactic,sentence beginnings/endings
62399,syntactic,HTML elements
63708,syntactic,* list items
65913,syntactic,forms of 'to be' followed by description
67325,syntactic,nums[0] + nums[1] == 9
68041,syntactic,a followed by an adjective
74169,syntactic,concepts and specifics
74876,syntactic,"""transformation"" or ""resulting"""
75079,syntactic,"Basically,"
77724,syntactic,sorting or character counting ending in n#
78011,syntactic,it is
79656,syntactic,pronoun or name followed by speech
80093,syntactic,exceeds actual versus
80607,syntactic,aimed/tried to focus on
82112,syntactic,formatted bullet points
82535,syntactic,"separated items, floor plan"
83058,syntactic,approximate dates/times
83069,syntactic,"""This"" followed by descriptor"
84348,syntactic,code blocks and structured data
84698,syntactic,templates and explanations
86184,syntactic,settled at
86684,syntactic,formulas and variables
88975,syntactic,finding items by id
94343,syntactic,superficially complex or misleading
94859,syntactic,leading to
106808,syntactic,generate code or description
109169,syntactic,is now
110540,syntactic,significant event descriptor
110541,syntactic,"occasion, question, fortune, dissatisfaction, description"
111203,syntactic,applied to quantity
112451,syntactic,to understand
113014,syntactic,summarizing the
113974,syntactic,text completion after specific phrases
114594,syntactic,years ending in 80s or 8
116410,syntactic,initials and abbreviations
116538,syntactic,necessity or possibility
120592,syntactic,further information or action
128590,syntactic,"""called"" followed by technical terms"
128643,syntactic,but followed by contrast
135227,syntactic,"opposed, opposing, against"
136691,syntactic,indicates or suggests
137582,syntactic,"so, while (contrasting statement)"
138468,syntactic,"""This"" followed by trend, included, structure, dual"
140417,syntactic,found that
143243,syntactic,list item markers
147001,syntactic,would be
150757,syntactic,"intensifiers like ""very"" or ""so"""
157748,syntactic,kind of X that
160839,syntactic,"initially, or historically"
160919,syntactic,approximately or roughly
161162,syntactic,clause separators
162070,syntactic,arguing that:
162349,syntactic,prepositions indicating spatial relation
163082,syntactic,even better
163134,syntactic,Sometimes
163207,syntactic,"unfortunately, sadly, negative outcomes"
166019,syntactic,</title> tag closure
176503,syntactic,.
186294,syntactic,beyond that
190202,syntactic,an article explaining
199914,syntactic,cursor calls
205548,syntactic,must be
52745,semantic,hiring manager or assistant
53244,semantic,survival of the fittest
53384,semantic,"save, salvage, rescue, recover"
54657,semantic,inequality and disparities
54699,semantic,programming algorithms and sequences
54833,semantic,professional skills or livelihood
54879,semantic,political tension and conflict
57128,semantic,homosexuality acceptance and government opinion
57315,semantic,FreeBSD
60980,semantic,pass or innocent passage
65113,semantic,PhD in education or medical fields
66892,semantic,academic and professional degrees
67507,semantic,years of experience
69034,semantic,"gaming, betting, gambling"
69194,semantic,numbers and units of measurement
70120,semantic,"inventory: quantity, item"
71571,semantic,text a friend or family
71818,semantic,transportation planning
72227,semantic,birth or babies origins
75919,semantic,entry-level jobs
76538,semantic,economic operations employment downturn
77975,semantic,annexation of occupied territories
80506,semantic,base runs
81468,semantic,dangerous harmful thoughts
82409,semantic,"shuffling, cutting, sequences"
82965,semantic,finite fields GF(p^n) and Z_n
83094,semantic,equations with x and y
83392,semantic,work-life balance boundaries
85849,semantic,breakfast and its benefits
86425,semantic,interest rates
87001,semantic,student debt
89112,semantic,running and fitness advice
89503,semantic,based on a true story
90456,semantic,"hubris, excessive pride, jealousy, power"
93416,semantic,identification and programming
94182,semantic,one-sided tests
95807,semantic,credentials and expertise
96209,semantic,dental dentistry hygiene and examinations
96453,semantic,labor and work concepts
98119,semantic,concepts of change and time
99267,semantic,customer retention and loyalty
99530,semantic,"today, tonight, tomorrow events"
100971,semantic,"sole proprietorship, owner, employment"
101909,semantic,formula definitions and theorems
102145,semantic,family members
102495,semantic,hourly pay rate
103786,semantic,unemployment
107445,semantic,employee benefits
108570,semantic,risk assessment and control measures
110045,semantic,don't worry if you don't have all
116184,semantic,"labor, income, work"
116295,semantic,Chinese New Year and China
120031,semantic,earning millions
124244,semantic,costs and price
124578,semantic,4-7-8 breathing
124891,semantic,Internet of Things
125681,semantic,coping mechanism or problem
127745,semantic,academic fields or professional skills
129572,semantic,world record times and measurements
132944,semantic,motivated individual
133648,semantic,born in
136222,semantic,feature scaling fit transform
136245,semantic,"the Mediterranean, region, global, federal, American, Roman"
137193,semantic,time periods
141872,semantic,it takes patience
144312,semantic,modern
145485,semantic,proper care and environment
149921,semantic,1994
151285,semantic,"minimum, maximum, limit"
151716,semantic,future predictions
152984,semantic,museums and art exhibits
154912,semantic,net worth and richest people
155455,semantic,federal funds rate
158079,semantic,author details and descriptions
158795,semantic,1980s
159337,semantic,how to earn money
160229,semantic,confusion of mind
160234,semantic,urban vs. rural
172679,semantic,locations or events
173137,semantic,time-bound deadlines
174010,semantic,wide range / variety
175022,semantic,internet content
183694,semantic,divisors of a number
185187,semantic,percentages and units
186362,semantic,more profit
186395,semantic,investment and growth
187774,semantic,dedication to duty
189903,semantic,experiencing unwanted
193066,semantic,"""do not have opinions"""
194132,semantic,programming languages
200196,semantic,history from roots to now
200293,semantic,diversity and backgrounds
205953,semantic,touring and shows
209585,semantic,calculating how much
52344,other,1980s and 1990s
53773,other,explanation is
54245,other,whether and how
60139,other,consult reliable database
66953,other,"beginning of sentences, ""initial"""
70810,other,understand complex systems
75210,other,negative situations
84202,other,trained on
84680,other,own research
86902,other,nearby restaurants and cafes
87663,other,"thoughtThe user wants me to explain the behavior of a neuron with a concise phrase (3-20 words).I need to find a pattern across the four provided lists: `TOP_POSITIVE_LOGITS`, `TOP_ACTIVATING_TEXTS`, `MAX_ACTIVATING_TOKENS`, and `TOKENS_AFTER_MAX_ACTIVATING_TOKEN`.**1. Analyze `MAX_ACTIVATING_TOKENS`:**- provocative- tricky- usual- cheeky- insightful- deep- subtle- controversial- unsettling- complexThese are all adjectives describing the nature of a question, statement, or prompt. They suggest that the neuron is responding to things that are not straightforward, require thought, or have multiple layers of meaning.**2. Analyze `TOKENS_AFTER_MAX_ACTIVATING_TOKEN`:**- statement- question- question- answer- question- question- connection- claim- prompt- questionThese are nouns referring to the type of input that follows the adjectives. This reinforces the idea that the neuron is processing complex or thought-provoking questions, statements, claims, or prompts.**3.questions or statements with complexity"
88587,other,sensitive to misalignment
89471,other,current / present
90593,other,"implementing, execution, leading"
97978,other,worse with
100567,other,policy violation explanations
106839,other,service providers and staff
117726,other,I am very capable
118110,other,focus selectively
119258,other,the solution
120816,other,article angles
124288,other,any time
152429,other,try again
155470,other,edited by
162902,other,ask for help
169972,other,address these issues
175321,other,growth and expansion
181006,other,surprised
186975,other,when you're ready
195011,other,excellent for
195124,other,figurative language and reasoning
204668,other,was/were testing
210175,other,apologize that
217086,syntactic,gender agreement for female/male
220445,syntactic,during his time
222915,syntactic,**Description:**
224015,syntactic,closing code blocks
226403,syntactic,thesis statement
235186,syntactic,also + intention or action
237884,syntactic,Which of the following
239400,syntactic,range from -1 to 1
242348,syntactic,getting started or building foundation
243667,syntactic,that's when
248024,syntactic,list item markers
258175,syntactic,smithsonianmag.com
261330,syntactic,asking why
213481,semantic,avoid single-use plastics
217365,semantic,collector / collection
225283,semantic,Beginner to Advanced levels
225412,semantic,"language, culture, or identity groups"
228364,semantic,years of experience
231629,semantic,calculate with numbers
232407,semantic,Accuracy range
234755,semantic,declining fertility rates
237564,semantic,cost and salary per year
241566,semantic,Time
245048,semantic,"car license, driver's license"
254935,semantic,degrees
255232,semantic,electromagnetic induction
256185,semantic,adjusting for inflation
258556,semantic,"Kanun, Adet, laws, responsibilities"
211392,other,almost instantaneously
215264,other,"Hal, tax, reservations, breakdown"
224977,other,you can
252284,other,clip here
18855,syntactic,but adjectives
41208,syntactic,URLs and punctuation or specific words like apple
11238,semantic,origin from
19984,semantic,"pick, remove, keep, grippers"
21215,semantic,travel from
21843,semantic,path to
32427,semantic,arrival or halted
65940,semantic,Governments worldwide are
67874,semantic,inspect inspects inspection inspections
99868,semantic,periods of time ago
443,other,
686,other,
1051,other,
1192,other,
1403,other,
1758,other,
2037,other,
2476,other,
2588,other,
2831,other,
2992,other,
3179,other,
3282,other,
3374,other,
3568,other,
3719,other,
4221,other,
4311,other,
4330,other,
4564,other,
4687,other,
4744,other,
4773,other,
4849,other,
5244,other,
5905,other,
6386,other,
6591,other,
6641,other,
6878,other,
7746,other,
8013,other,
8720,other,
9173,other,
9545,other,
9733,other,
9901,other,
10093,other,
10459,other,
11034,other,
11498,other,
11622,other,
11975,other,
12013,other,
12245,other,
12748,other,
12766,other,
12813,other,
13030,other,
13049,other,
13173,other,
13303,other,
13790,other,
14843,other,
15147,other,
15161,other,
15351,other,
15531,other,
16109,other,
16198,other,
16199,other,
16336,other,
16437,other,
16492,other,
16502,other,
16520,other,
16638,other,
16649,other,
16716,other,
16784,other,
17296,other,
17649,other,
17810,other,
17831,other,
17958,other,
17978,other,
18041,other,
18072,other,
18263,other,
18291,other,
18401,other,
18535,other,
18625,other,
18899,other,
19008,other,
19416,other,
19829,other,
19991,other,
20051,other,
20384,other,
20400,other,
20578,other,
20642,other,
21179,other,
21237,other,
21936,other,
22205,other,
22277,other,
22329,other,
22351,other,
22622,other,
23021,other,
23037,other,
23073,other,
23106,other,
23272,other,
23408,other,
23475,other,
23516,other,
23734,other,
23857,other,
23933,other,
24142,other,
24332,other,
25081,other,
25264,other,
25616,other,
25770,other,
25871,other,
25930,other,
26355,other,
26363,other,
26765,other,
27019,other,
27391,other,
27521,other,
27570,other,
27583,other,
28019,other,
28027,other,
28480,other,
28693,other,
28715,other,
29048,other,
29079,other,
29203,other,
29568,other,
29573,other,
30232,other,
30240,other,
30356,other,
30758,other,
30764,other,
30921,other,
30968,other,
31397,other,
31892,other,
32235,other,
32274,other,
32407,other,
32538,other,
32559,other,
32657,other,
32663,other,
32692,other,
32791,other,
32811,other,
33436,other,
33475,other,
33501,other,
33573,other,
33682,other,
33797,other,
33927,other,
34029,other,
34035,other,
34102,other,
34766,other,
34803,other,
35096,other,
35128,other,
35941,other,
36016,other,
36186,other,
36401,other,
36452,other,
37225,other,
37430,other,
37620,other,
38581,other,
38717,other,
38731,other,
38878,other,
39426,other,
39618,other,
39990,other,
40069,other,
41147,other,
41514,other,
41581,other,
41664,other,
41824,other,
43106,other,
44165,other,
44491,other,
44862,other,
44880,other,
44909,other,
45742,other,
45914,other,
46130,other,
46382,other,
46399,other,
46523,other,
46553,other,
46602,other,
46856,other,
47063,other,
47387,other,
47455,other,
47594,other,
47689,other,
48521,other,
49005,other,
49134,other,
49208,other,
50111,other,
50193,other,
50385,other,
50704,other,
50865,other,
51418,other,
51462,other,
51505,other,
51760,other,
52559,other,
52698,other,
53650,other,
53914,other,
54037,other,
54209,other,
54291,other,
54403,other,
54651,other,
54749,other,
55240,other,
55417,other,
55589,other,
57129,other,
57526,other,
58462,other,
58907,other,
59142,other,
59994,other,
60218,other,
61085,other,
61209,other,
61259,other,
61280,other,
61355,other,
61621,other,
61886,other,
61983,other,
62312,other,
62372,other,
62532,other,
62759,other,
63454,other,
63539,other,
63697,other,
63730,other,
64009,other,
64454,other,
64605,other,
64759,other,
64772,other,
64957,other,
65066,other,
65387,other,
65447,other,
66121,other,
67089,other,
67183,other,
68772,other,
69421,other,
69555,other,
70223,other,
70376,other,
70405,other,
70421,other,
70642,other,
70906,other,
71497,other,
73030,other,
73220,other,
73628,other,
74855,other,
75128,other,
75440,other,
75778,other,
76336,other,
77278,other,
77696,other,
77779,other,
78065,other,
78743,other,
78797,other,
79107,other,
79416,other,
81456,other,
82007,other,
82258,other,
82388,other,
82554,other,
82650,other,
82780,other,
83961,other,
84450,other,
86314,other,
86682,other,
87221,other,
87386,other,
88246,other,
88425,other,
88644,other,
89107,other,
90346,other,
90695,other,
91655,other,
91686,other,
92732,other,
93031,other,
93039,other,
93222,other,
94320,other,
94945,other,
95450,other,
96754,other,
97381,other,
97393,other,
97543,other,
99147,other,
99255,other,
100647,other,
100648,other,
101140,other,
101872,other,
102264,other,
102810,other,
103264,other,
103525,other,
103641,other,
103821,other,
104171,other,
104808,other,
105132,other,
105323,other,
105663,other,
105911,other,
106338,other,
106790,other,
107278,other,
107863,other,
108013,other,
109787,other,
110871,other,
111157,other,
115062,other,
115547,other,
115617,other,
116170,other,
116206,other,
117273,other,
117461,other,
117549,other,
117714,other,
117865,other,
118357,other,
118593,other,
118610,other,
118976,other,
120178,other,
121323,other,
121617,other,
121726,other,
121926,other,
122625,other,
123357,other,
124236,other,
124690,other,
124882,other,
124906,other,
125129,other,
125904,other,
125949,other,
126016,other,
126858,other,
127093,other,
127129,other,
127494,other,
128320,other,
129495,other,
129769,other,
131870,other,
132339,other,
133250,other,
134856,other,
135066,other,
135113,other,
135210,other,
136322,other,
137307,other,
138319,other,
138790,other,
139437,other,
139506,other,
140011,other,
140149,other,
140735,other,
141193,other,
141760,other,
141767,other,
141897,other,
142681,other,
143191,other,
144425,other,
145534,other,
146326,other,
148007,other,
148199,other,
148737,other,
148741,other,
149029,other,
149543,other,
149746,other,
150174,other,
150703,other,
150705,other,
152324,other,
152494,other,
152940,other,
153267,other,
153393,other,
155899,other,
156226,other,
156480,other,
156526,other,
156741,other,
158281,other,
158334,other,
158414,other,
158909,other,
159067,other,
160036,other,
160244,other,
160399,other,
161753,other,
161988,other,
162101,other,
162241,other,
162814,other,
163170,other,
163203,other,
163326,other,
163805,other,
163853,other,
164141,other,
164442,other,
164490,other,
165361,other,
166226,other,
167632,other,
168930,other,
169609,other,
169949,other,
171492,other,
174024,other,
174254,other,
174411,other,
175287,other,
175683,other,
176031,other,
176172,other,
176233,other,
176428,other,
177027,other,
177556,other,
177675,other,
178089,other,
179934,other,
181265,other,
181271,other,
181774,other,
182417,other,
183158,other,
183216,other,
184734,other,
185782,other,
185998,other,
186498,other,
186804,other,
187135,other,
187246,other,
188973,other,
189397,other,
189553,other,
190802,other,
192562,other,
193402,other,
194120,other,
196563,other,
196746,other,
197932,other,
198474,other,
198996,other,
199565,other,
200044,other,
202310,other,
202311,other,
203761,other,
206458,other,
206551,other,
206595,other,
207689,other,
209163,other,
209914,other,
210443,other,
210632,other,
210743,other,
211537,other,
211813,other,
211833,other,
211939,other,
213146,other,
214696,other,
214996,other,
215406,other,
215564,other,
215659,other,
215692,other,
217189,other,
217936,other,
219201,other,
220354,other,
220756,other,
221256,other,
222223,other,
222731,other,
222979,other,
226299,other,
226650,other,
227979,other,
228665,other,
230525,other,
230939,other,
231254,other,
232326,other,
232758,other,
233024,other,
233103,other,
233467,other,
233570,other,
233643,other,
233670,other,
234996,other,
235436,other,
235530,other,
236165,other,
236170,other,
237349,other,
239477,other,
239557,other,
240823,other,
242464,other,
242926,other,
243399,other,
244469,other,
244539,other,
246579,other,
250290,other,
251424,other,
251486,other,
252038,other,
252096,other,
253301,other,
254030,other,
254912,other,
255214,other,
255306,other,
256667,other,
257010,other,
257194,other,
258649,other,
259937,other,
260042,other,
261133,other,
261643,other,
0,syntactic,"lists of lists, zip, tuples"
466,syntactic,function argument definitions
469,syntactic,contractions and possessives
520,syntactic,"story, dialogue, or description"
575,syntactic,closing punctuation and code blocks
577,syntactic,parenthesized lists or code blocks
618,syntactic,expected output
632,syntactic,increase or decrease
675,syntactic,conjunctions in many languages
727,syntactic,"text following punctuation, numbers, or domain names"
777,syntactic,prompts and questions
793,syntactic,node and nodes
822,syntactic,auxiliary verbs followed by past participles
908,syntactic,actions and management
968,syntactic,return after print
971,syntactic,"identifies, relates to, describes"
1046,syntactic,"breakdown, overview, cover"
1447,syntactic,URLs and code structures
1491,syntactic,number sequences ending in or followed by punctuation
1510,syntactic,separators and conjunctions
1523,syntactic,as output
1692,syntactic,`obj` variable assignments or object methods
1864,syntactic,end of sentence punctuation
1907,syntactic,see below
1912,syntactic,code syntax
1945,syntactic,parentheses `()` in code
2396,syntactic,adjective followed by noun
2601,syntactic,**Here's a breakdown**
3745,syntactic,closing punctuation `)]}`)
128,semantic,divisibility by 3 or equals 3
160,semantic,immutable borrows simultaneously
176,semantic,Dungeons & Dragons
265,semantic,belt
292,semantic,humanitarian infrastructure civilian damage
324,semantic,Red Carpet
481,semantic,multi-lingual text recognition
588,semantic,react component generation
623,semantic,neural networks and chromosomes
663,semantic,"funeral, mausoleum, cemetery, crypt, tomb"
714,semantic,star ratings
770,semantic,organization names
804,semantic,hiking and mountains
825,semantic,numbers and mathematical operations
839,semantic,exist. case
882,semantic,`\usepackage{`
935,semantic,Wolfram Language code
953,semantic,table headers
1004,semantic,sending messages or items
1016,semantic,destination
1085,semantic,reduce or reduction
1107,semantic,relaxation
1109,semantic,е and еди prefixes
1111,semantic,new [product/brand/feature/song/etc.]
1119,semantic,oil changes and lubrication
1123,semantic,"temperature, humidity, and measurement units"
1135,semantic,time ago
1152,semantic,when
1189,semantic,normal distribution probabilities
1242,semantic,non-English characters or symbols
1249,semantic,"World, followed by proper noun entities"
1319,semantic,what is
1353,semantic,"real estate prices, investments"
1416,semantic,health benefits
1430,semantic,"give me, give up"
1437,semantic,decoded hex or base64
1451,semantic,places to stay
1458,semantic,prepositions and articles
1482,semantic,song titles
1522,semantic,emergency medical situations
1534,semantic,if
1552,semantic,reducing quantity or increasing degree
1578,semantic,nutrients and energy
1650,semantic,labels followed by colons
1662,semantic,food banks and SNAP
1690,semantic,quotation marks or enclosed phrases
1705,semantic,separating clause with but
1782,semantic,transition words at start of sentences
1844,semantic,"contrasting thriller, long, import, relying"
1863,semantic,diabetes and blood sugar management
1885,semantic,"unsplash, pexels, stock images"
1893,semantic,properties and costs
1914,semantic,Associated Press
1918,semantic,Python code execution
1966,semantic,one followed by a noun
1972,semantic,problem statement importance
2029,semantic,not always perfectly
2049,semantic,groups and creators
2058,semantic,dazu dienen / wozu und bewegen
2071,semantic,recommendations
2074,semantic,"Austria, industry, decrease, devices, loop"
2125,semantic,bicycle parts and maintenance
2161,semantic,capital of
2176,semantic,rules and regulations
2201,semantic,accepted certain options
2244,semantic,drug and medication information
2263,semantic,considerations and improvements
2278,semantic,two and other numbers
2281,semantic,numbers or code choices
2320,semantic,"portuguese, string, step, whit"
2326,semantic,units of measurement
2376,semantic,disambiguation
2387,semantic,near places and services
2391,semantic,declaration and assignment
2414,semantic,"affiliation, Alistair"
2482,semantic,website links or processing information
2491,semantic,dental health and dentistry
2492,semantic,hobbies and talents
2537,semantic,title followed by name
2539,semantic,medical professionals
2544,semantic,"Keywords, scientific terms, and technical jargon"
2586,semantic,all other
2599,semantic,competition and growth
2622,semantic,"core principles, programming, plan, paper"
2641,semantic,"list items, special characters, numbers"
2665,semantic,numbered list item indicator
2669,semantic,"chronic infections, immunodeficiency, adhesions"
2687,semantic,gradually increasing or scaling
2703,semantic,providing explanations
2704,semantic,"hyper, hypo, digestive, empathy, thyroid"
2721,semantic,if you
2723,semantic,definition labels
2741,semantic,obesity overweight fat weight
2749,semantic,specific details
2750,semantic,micro-organism
2786,semantic,rhyming poems
2788,semantic,yearly or financial reporting
2814,semantic,how much is
2839,semantic,"secure enough, need to"
2840,semantic,insult me
2882,semantic,requirement
2883,semantic,usage statistics and metrics
2920,semantic,plot labels and titles
2966,semantic,reverse or reversal
2972,semantic,at some point
2991,semantic,SQL ID primary key
2996,semantic,machine calf raise
3036,semantic,comprehension exam
3067,semantic,public or publicly followed by a noun
3071,semantic,introducing scopes or connections
3149,semantic,numbers and punctuation
3161,semantic,availability or existence
3178,semantic,cosmetic wear and damage
3185,semantic,the best / answer / first
3199,semantic,following prepositions
3214,semantic,"syndrome, variants, gene mutations"
3218,semantic,"Platforms, Pricing, GPT, data"
3219,semantic,hormone and gland function
3230,semantic,results and analysis
3350,semantic,manifest version details
3363,semantic,series of stories
3367,semantic,technical and linguistic descriptions
3377,semantic,keywords `import` and `python`
3437,semantic,special characters and formatting
3598,semantic,.
3620,semantic,final followed by noun
3678,semantic,given information
3698,semantic,"emotions, finance, vulnerability, experiences"
3743,semantic,RIS classification notation
3750,semantic,"stable, stabilize, stability"
3800,semantic,exclamations followed by positive affirmations
3842,semantic,"looks, compact, colors"
3921,semantic,football manager or player titles
3966,semantic,"offers, range:"
4078,semantic,Taylor & Francis / CRC Press
4127,semantic,blood cells and oxygen
4130,semantic,"marketing, engineering, product, brand"
4139,semantic,farming and crafts
4144,semantic,exploiting weaknesses or opponents
4152,semantic,essay structure
4202,semantic,html paragraph tags
4250,semantic,"programming, API, and function returns"
4254,semantic,Initial names in academic citations
4270,semantic,"entity recognition tags (`PER`, `SUBJECT`)"
4305,semantic,wonder followed by question words
4315,semantic,formatting like lists and emphasis
4326,semantic,instructions and commands
4331,semantic,responsibility and decision-making
4353,semantic,"Satan, Devil, Iblis"
4424,semantic,mathematics and models
4428,semantic,conversions and units
4462,semantic,highly detailed visual scenes
4467,semantic,spa and beauty services
4508,semantic,specific categories or types
4530,semantic,there are
28,other,do it
488,other,product
619,other,how to approach a topic
689,other,the way to do great
784,other,numbers and quantities
1118,other,hey
1440,other,Well hello
1478,other,model **
1706,other,technical terms and formatting
1848,other,even or despite
2116,other,code string formatting and variables
2466,other,* marking or code
3688,other,"command line argument"""
3708,other,"""duplicate"" or ""Sp"""
4212,other,closing parenthesis
4532,syntactic,options or reduce
4542,syntactic,using System
4617,syntactic,programming syntax elements
4668,syntactic,length of
4717,syntactic,and lists ending in etc
4736,syntactic,a/an/the/one followed by noun
4883,syntactic,in/the/on followed by a noun
4889,syntactic,before + pronoun/noun
4905,syntactic,"mi, mis, mime"
4971,syntactic,package main
5168,syntactic,prompt option
5170,syntactic,Option 1:
5189,syntactic,article / articles
5193,syntactic,as previously mentioned
5196,syntactic,annotations and decorators
5205,syntactic,section headers
5377,syntactic,list item context
5524,syntactic,a + noun
5588,syntactic,non-english words or abbreviations
5591,syntactic,DB or FW followed by other letters
5621,syntactic,bullet points and lists
5679,syntactic,import statements
5687,syntactic,SQL LIMIT clause
5743,syntactic,```csharp
6027,syntactic,"lists, code, and specific items"
6352,syntactic,while loops or try blocks
6482,syntactic,following a request or prompt
6558,syntactic,"URI, PII, SOAR, BLP, NBS, LINQ"
6571,syntactic,numbers and punctuation
6778,syntactic,counting numbers and symbols
6985,syntactic,list item 2. explanations
7464,syntactic,conjunctions followed by pronouns
7650,syntactic,placeholders like YOUR or suffixes like _
7776,syntactic,end of sentence or list item
7797,syntactic,YAML configuration files
7805,syntactic,"whether to, because of, which to"
7941,syntactic,end of math expressions
7943,syntactic,the [noun]
8160,syntactic,sequences after commas
8348,syntactic,"code, json, or list delimiters"
8459,syntactic,you can
8476,syntactic,depending on
8478,syntactic,ending punctuation
8521,syntactic,"if followed by ""an"", ""the"", ""there"""
8573,syntactic,code syntax and operators
8576,syntactic,contextual words
8616,syntactic,code structure
8627,syntactic,column separators
8650,syntactic,"time, code delimiters"
8670,syntactic,blog and announcement URLs
8698,syntactic,time related phrases
8703,syntactic,list items and numbering
8758,syntactic,lists with specific tokens or numbers
4593,semantic,isinstance checks
4605,semantic,Julius Katherine
4697,semantic,abroad or international experience
4833,semantic,mathematical/programming declarations
4856,semantic,predicting probability of next word
4887,semantic,"dizziness, weakness, blood sugar"
4968,semantic,pixels or measurements
5017,semantic,change and evolution
5047,semantic,asthma and respiratory conditions
5135,semantic,numbers and units
5299,semantic,ad blocker
5317,semantic,approaches accounting for
5370,semantic,household income and demographics
5384,semantic,complex task or difficult
5427,semantic,EU regulations and directives
5496,semantic,"numbers, units, and calculations"
5585,semantic,links to thebalance.com
5672,semantic,numbers and sequences
5676,semantic,edge or end
5695,semantic,but I
5750,semantic,"Rank, ranked, or rating"
5753,semantic,age and dates
5795,semantic,longer benefit from medication
5811,semantic,identifying patterns
5822,semantic,preventing issues
5921,semantic,accommodation with
5925,semantic,unlimited
6014,semantic,duration
6019,semantic,write an essay about
6024,semantic,"string, DataFrame, list, array"
6039,semantic,travel insurance covers trekking
6064,semantic,roleplay responses
6091,semantic,"guide, mentoring, coaching, teaching"
6121,semantic,breakdown of
6141,semantic,user interface and frontend
6196,semantic,"Baudrillard, Fodor, Lewis"
6200,semantic,"help, awareness, translator"
6222,semantic,countries and numbers in URLs
6295,semantic,numbers and symbols
6311,semantic,need to
6325,semantic,"Bangladesh, Dhaka, Liberation War"
6339,semantic,comparing quantities or values
6349,semantic,code and programming expressions
6369,semantic,sources of information
6438,semantic,medical terms/procedures
6505,semantic,Apple arc
6508,semantic,blood vessels and membranes
6541,semantic,proportional to
6554,semantic,Canada or Canadian Dollar
6569,semantic,late 2023/early 2024
6622,semantic,harm to children or sensitive content
6652,semantic,parentheses followed by asterisks
6659,semantic,signaling receptors and ligands
6663,semantic,volume and issue numbers often followed by ')'
6673,semantic,vendor
6688,semantic,"python code, yaml, initialization"
6706,semantic,linux package managers and distributions
6724,semantic,early detection and warning
6738,semantic,cross-lingual discourse markers
6751,semantic,assuming population
6764,semantic,tight
6768,semantic,after brining
6785,semantic,payday loans
6796,semantic,assigning blame
6803,semantic,movement direction and flow
6896,semantic,Vietnamese questions and statements
6898,semantic,guess a number
6923,semantic,product of reaction
6993,semantic,most or arguably
6996,semantic,qualities or characteristics
7021,semantic,0 or 1 representing status
7077,semantic,job qualifications and requirements
7185,semantic,put + preposition/action
7199,semantic,Largest country Europe
7250,semantic,medium difficulty or time
7272,semantic,breakdown of
7290,semantic,heart attacks and strokes
7334,semantic,company policy
7345,semantic,transportation options
7366,semantic,fatherhood paternity family relationships
7376,semantic,function
7396,semantic,proteins and nutrients
7415,semantic,fair use for teaching or videos
7465,semantic,local execution or installation
7491,semantic,absurdly funny
7505,semantic,reach out to reboot nation
7575,semantic,mathematical theorems and proofs
7597,semantic,"Google DeepMind, OpenAI"
7598,semantic,"big, major, crucial, key"
7642,semantic,key
7688,semantic,sounds natural or less natural
7689,semantic,multilingual capabilities
7714,semantic,parts of speech or specific words
7748,semantic,words with conjunctions
7756,semantic,radiation and absorption
7780,semantic,effort or difficulty ratings
7783,semantic,relates to novel or general
7784,semantic,elegant English
7796,semantic,romance and relationships
7822,semantic,conditional success
7831,semantic,demand for gold ... luxury goods
7921,semantic,"""less than 3 paragraphs"""
8023,semantic,"numbers, punctuation, and abbreviations"
8061,semantic,what question follows
8073,semantic,"jokes like ""they have"""
8078,semantic,mix of options
8094,semantic,day or date
8101,semantic,medical symptoms and conditions
8129,semantic,descriptions of things
8139,semantic,infrastructure as code
8157,semantic,location or date details
8164,semantic,describing contents or ISO standards
8183,semantic,cycle through
8205,semantic,python function definitions
8223,semantic,data changes or versions
8250,semantic,link closing bracket )]
8258,semantic,how many
8294,semantic,library and bibliographic sources
8341,semantic,"api, invest, customer"
8401,semantic,"indicates ""this""/""it"""
8429,semantic,formal/technical alternatives
8446,semantic,"close friends, partnership, encounter"
8548,semantic,"processing, disorders, assets, walls, technique"
8549,semantic,"actor, widget, shops, books, subscriber, script, episode"
8575,semantic,blood pressure and salt content
8594,semantic,subjects describing past activities
8688,semantic,financial or ethical risks
8700,semantic,tests and assessments
8713,semantic,temperature units
4558,other,know if you'd like me to
4622,other,evaluating importance or harm
5024,other,positive affirmation and praise
6203,other,"asking questions, often followed by ""yes"""
6603,other,tell me about
6618,other,summary / conclusion
7439,other,"no access to tools, real-time information, or search"
7823,other,We can discuss
8133,other,If you
8190,other,relative pronouns and conjunctions
8580,other,advice and consultation
8791,syntactic,l followed by common suffixes
8832,syntactic,section headings
8904,syntactic,asking a question or giving instruction
8967,syntactic,in fact
9013,syntactic,explaining lists broken down
9050,syntactic,URLs in brackets
9103,syntactic,section titles
9148,syntactic,likegivenpairusedesignarc
9284,syntactic,JavaScript `import` statements
9391,syntactic,"conjunctions (and, or)"
9392,syntactic,formatting symbols
9475,syntactic,mathematical subscripts and superscripts
9489,syntactic,This is a
9491,syntactic,list item markers
9500,syntactic,comparison or description
9571,syntactic,numbers or lists with delimiters
10103,syntactic,code keywords and commands
10141,syntactic,parentheses and brackets
10240,syntactic,code blocks with commands
10272,syntactic,what is an
10283,syntactic,explaining further
10579,syntactic,""", et al"
10593,syntactic,"code, programming, function definition"
10599,syntactic,academic paper sections
10748,syntactic,timestamps and dates
11027,syntactic,categories of
11204,syntactic,example list item formatting
11271,syntactic,"exact or precise need, text, date, or location"
11366,syntactic,as following comparison or description
11384,syntactic,numbers and descriptive terms
11502,syntactic,else following code blocks
11573,syntactic,"while, there, can"
11649,syntactic,end of sentence or clause
11710,syntactic,This is
11816,syntactic,bullet points
11932,syntactic,mathematical or programming symbols
12684,syntactic,indented text or lists
13099,syntactic,identifying listed items
13160,syntactic,sentence continuation
13370,syntactic,list of numbers
13441,syntactic,demonstrative pronouns in various languages
13465,syntactic,7386
8778,semantic,family medical history
8863,semantic,"driven, security, principles"
8881,semantic,currency and formulas
8906,semantic,ordinal numbers or generations
8925,semantic,model
8946,semantic,asking for help or clarification
8949,semantic,"stereotype, steering, stereo"
8958,semantic,mathematical operations
8960,semantic,woodchuck chuck wood
9071,semantic,mushroom and fungus descriptions
9075,semantic,bubble / bubbling
9093,semantic,percentages and monetary values
9102,semantic,buying or selling
9126,semantic,pros and benefits
9196,semantic,.com or pretrained
9212,semantic,the other party realized
9223,semantic,financial Times
9230,semantic,"France, French words, Paris, cities"
9232,semantic,"one day,"
9242,semantic,hormonal mood regulation
9297,semantic,Turkish Lira (TRY)
9351,semantic,salary ranges and comparisons
9403,semantic,**Expeditions**
9450,semantic,Toxic
9476,semantic,"Mount Vesuvius, Earthquakes, Themistocles, Oligarchy, wine-dark sea"
9493,semantic,attention and monitoring
9505,semantic,confirm password or account deletion
9508,semantic,University requirements and specific styles
9514,semantic,personal contact information
9564,semantic,understanding severity and how
9570,semantic,invested time or money
9639,semantic,special characters and code formatting
9653,semantic,understand rules and languages
9669,semantic,explanation
9673,semantic,"analytical instruments, lab equipment"
9716,semantic,adjust or tailor for specific needs
9734,semantic,CT with intravenous contrast
9792,semantic,interior spaces and tours
9926,semantic,presence and president
9970,semantic,generative ai
10008,semantic,energy and substances
10041,semantic,renovations improvements upgrades
10060,semantic,number of increases
10127,semantic,find index or indices
10159,semantic,gunman opened fire
10166,semantic,further evaluation or imaging
10188,semantic,simplified mathematical expressions
10278,semantic,most important step
10378,semantic,Testosterone hormone biohacking
10394,semantic,end of sentence markers
10418,semantic,Final Answer
10424,semantic,eggs and birth
10483,semantic,"legal, encoding, and specific genres"
10491,semantic,expected return or protein source
10566,semantic,urls and references
10591,semantic,status or usage
10655,semantic,delete command
10659,semantic,price per night or week
10673,semantic,navigating conflict or exploring themes
10681,semantic,code and prompts
10690,semantic,error messages
10704,semantic,places like libraries and mosques
10730,semantic,Trevor Project
10750,semantic,risk factors
10756,semantic,"mũ, M, sh, kh, Mut, Um"
10784,semantic,"prime, how, model, hands"
10805,semantic,"AI-driven, AI-powered, AI-based"
10828,semantic,interest on principal
10898,semantic,retailers clearance grocery store
11002,semantic,beyondnext level
11082,semantic,python imports
11090,semantic,when something happens
11137,semantic,estimating values
11157,semantic,aspect ratio
11189,semantic,"chafing, irritation, or friction"
11230,semantic,table summarizing differences
11255,semantic,breakdown of why/how/what
11262,semantic,breakdown of causes and solutions
11270,semantic,python code
11296,semantic,Ruby on Rails
11378,semantic,"Oh, sarcasm"
11402,semantic,"""6 monthly"""
11410,semantic,"Guest, test, register, login"
11423,semantic,detected noticing
11499,semantic,email address
11516,semantic,August month
11571,semantic,options and suggestions
11615,semantic,quantities of things
11629,semantic,Mode or target
11668,semantic,medical examination findings
11711,semantic,"images, icons, graphics, gifts"
11770,semantic,five actions
11870,semantic,uwu-speak / baby talk
11873,semantic,"VBA, CAD, scripting"
11876,semantic,is a
11915,semantic,while not
11959,semantic,Once/after followed by completion words
11991,semantic,in the style of
12020,semantic,chat usernames and identifiers
12035,semantic,programming code and commands
12131,semantic,M for Monkey
12150,semantic,French words or where
12176,semantic,date markers
12218,semantic,introductions of characters
12259,semantic,quality and service
12305,semantic,access to
12357,semantic,"""a"" followed by lawyer, shall, director, bank"
12388,semantic,"GRANT, CREATE, Gener"
12421,semantic,expressing or communicating ideas
12500,semantic,all times
12563,semantic,programming code
12582,semantic,going to a place or activity
12590,semantic,laws or axioms
12603,semantic,for + noun
12615,semantic,interior features
12623,semantic,context and reason questions
12640,semantic,constitution or law violation
12677,semantic,"updates, effectiveness, benchmarks, performance, stability, hardwood"
12707,semantic,university research programs
12733,semantic,**concerned with significant actions**
12755,semantic,mothers who consume
12759,semantic,leader empathy strategic coaches approach
12782,semantic,"most, highest, deadliest, considered, arguably"
12872,semantic,negative emotions and control
12877,semantic,"not, no, non"
12891,semantic,something you know
12994,semantic,"weakness, weaker, strength"
12999,semantic,symptoms and presentation
13000,semantic,Time and location announcements
13025,semantic,Pain characteristics
13095,semantic,**winning contests and competitions**
13098,semantic,Society for specific organizations
13103,semantic,computer storage or memory
13118,semantic,experience in leadership roles
13152,semantic,reviewing free products
13179,semantic,links with https
13212,semantic,lists of types or categories
13243,semantic,digestive tract and related conditions
13265,semantic,"accept, complete, collide, truly"
13283,semantic,Jacob and Israel lineage
13356,semantic,social justice and national identity
13423,semantic,asking for thoughts or good wishes
13431,semantic,is there a
13476,semantic,online and technical contexts
13491,semantic,dates and times
13513,semantic,"eliminate options first, then"
13536,semantic,further research needed
13549,semantic,official document titles
13574,semantic,"SVM, regression, quadratic complexity, kernel"
13578,semantic,inherent dignity
8930,other,harmful and harmless AI assistant
9394,other,try to
9452,other,was just after
11158,other,only
12649,other,disclaimer
12737,other,negation
13169,other,RLHF
13588,syntactic,"vec3, matrix, query"
13590,syntactic,"IPFS QmCID, Windows Ctrl+D, product codes"
13641,syntactic,increase or decrease by a factor
13675,syntactic,mathematical and code symbols
13689,syntactic,numbers followed by units or operations
13754,syntactic,Chapter numbers or section titles
13816,syntactic,initials and abbreviations
13832,syntactic,indexing with brackets
14128,syntactic,different/multiple examples
15580,syntactic,national / adjectival endings
15715,syntactic,words ending in ate or ulate
15973,syntactic,Bold Mathematical
15980,syntactic,before the
16083,syntactic,code structuring and execution
16400,syntactic,what/why/how/key/major
16411,syntactic,quotation marks or specific words
17124,syntactic,xml attribute lang or closing tag
17135,syntactic,structured lists and code snippets
17370,syntactic,`init` or `phrase`
17483,syntactic,joke explanations and answers
17679,syntactic,code blocks and specific programming tokens
17765,syntactic,"numbers, punctuation, or code snippets"
18582,syntactic,suggesting or assuming something
13665,semantic,epileptic seizures
13686,semantic,referral links and promo codes
13692,semantic,"Cotten, Toronto, Canada, National Urban Park"
13772,semantic,by accelerating objects
13783,semantic,negative consequences
13806,semantic,actions leading to outcomes
13814,semantic,sexual activity and arousal
13829,semantic,names of people and places
13866,semantic,"rhizoids, rhizomes"
13905,semantic,'s
13918,semantic,Pros and advantages
13938,semantic,fascinating world
13989,semantic,Vantage finance companies
14001,semantic,user input or function calls
14029,semantic,keywords and tags
14100,semantic,print pdf
14127,semantic,violation warning detection
14173,semantic,"seeing, hearing, smelling"
14202,semantic,series and Dragon Ball Z
14268,semantic,degenerative disc disease
14269,semantic,releases
14274,semantic,health and social issues
14289,semantic,use or purpose
14309,semantic,brings about consequences or attributes
14323,semantic,anesthesia and medical procedures
14377,semantic,family members or types
14380,semantic,unaware or unnoticed
14388,semantic,"uninterrupted, unambiguous, unchanging"
14426,semantic,bacterial resistance
14455,semantic,dependency implementation
14460,semantic,typos and grammar
14543,semantic,specialist or professional roles
14584,semantic,quality
14638,semantic,international trade and trade barriers
14652,semantic,russian adjective suffix ский
14804,semantic,muscle spasms and action potentials
14827,semantic,connect with
14847,semantic,numbers and specific names
14905,semantic,greetings and hellos
14927,semantic,"Android development (Kotlin, Java, XML)"
14958,semantic,negative consequences or damage
15149,semantic,mathematical expressions or code snippets
15266,semantic,"city, state, country"
15273,semantic,present value
15284,semantic,biological functions and activities
15305,semantic,"hypertension, hyperlipidemia, medication"
15319,semantic,indian stories
15348,semantic,"illegal, harmful, unethical"
15407,semantic,resulting in issues
15444,semantic,"exchange programs, sabbatical, fellowships, visiting"
15561,semantic,relationship status
15582,semantic,do it yourself
15589,semantic,key information sources
15654,semantic,pornography consumption or service recommendation
15657,semantic,completely/entirely followed by negation
15673,semantic,speaker holders
15692,semantic,"delay, echo, decay"
15721,semantic,services
15749,semantic,"languages, professions, and roles"
15778,semantic,ownership or equity in companies
15796,semantic,"attributes, characteristics, and properties"
15844,semantic,you are struggling
15851,semantic,energy cost spending
15871,semantic,"lists, names, numbers, formatting markdown"
15949,semantic,numbers and words after separators
16046,semantic,"Result<(),"
16068,semantic,geographical places
16140,semantic,physical
16142,semantic,group names or structures
16183,semantic,division 1
16201,semantic,Avengers: Age of Ultron
16262,semantic,date and time placeholders
16293,semantic,"[City, State] placeholders"
16323,semantic,spy and intelligence gathering
16355,semantic,"warm-up, rest time, recovery"
16432,semantic,Tonight or Today
16453,semantic,"salary"", ""net income"""
16461,semantic,numbers and units
16471,semantic,efficient hardware
16522,semantic,fatigue/tiredness momentum fades
16551,semantic,custom / customized
16586,semantic,subscription payments
16602,semantic,plot commands and error bars
16731,semantic,allows you
16754,semantic,is/are emerging
16763,semantic,"significant, performance, minority, layoffs"
16774,semantic,"distribution system, economy system"
16781,semantic,copy and paste
16876,semantic,benefits and features
16886,semantic,significant engine damage
16917,semantic,unlocking potential or growth
16984,semantic,plt plotting
16990,semantic,"renewal, notwithstanding"
17015,semantic,This paper introduces / investigates
17034,semantic,different units of measure
17035,semantic,binary quadratic symmetric spaces
17057,semantic,days of the week
17080,semantic,fasting glucose measurement
17103,semantic,essay will explore
17121,semantic,genetic component or predictor
17265,semantic,home help and support services
17350,semantic,conclusion
17351,semantic,customer or client related words
17408,semantic,"rights, laws, classification"
17435,semantic,necessarily reveal
17538,semantic,gender identity and relationships
17559,semantic,"duty, combat, survival"
17568,semantic,phúc lợi và kinh nghiệm
17668,semantic,GET
17698,semantic,paced itineraries
17732,semantic,rate
17782,semantic,ethical considerations or concerns
17786,semantic,black holes
17837,semantic,URLs and structured lists
17843,semantic,location information in job descriptions
17844,semantic,"names like Emmerich, Amaretto, Mercedes"
17855,semantic,concerned about medical issues
17869,semantic,Samsung Galaxy phones
17891,semantic,percentages and measurements
18082,semantic,json objects
18145,semantic,serial communication ports
18170,semantic,will work or not work
18214,semantic,"code keywords: if, else, elif"
18229,semantic,goes wrong
18310,semantic,workplace safety and employer issues
18358,semantic,"intellectual disability, Amelia, women, empty list"
18397,semantic,mortality and dying
18408,semantic,the meaning of phrases
18434,semantic,replacement or lifespan
18439,semantic,fellow / other members
18455,semantic,playing verbs
18458,semantic,eager to contribute to a team
18490,semantic,terms of service
18523,semantic,bathroom
18551,semantic,from followed by specific outcomes
18583,semantic,movement and action phrases
18622,semantic,numbers and lists
18657,semantic,"expose contradictions, corruption, injustices"
18692,semantic,future reference
18697,semantic,adsorbent and toxins
18751,semantic,spatial or technical descriptions
18775,semantic,country's equivalent
18804,semantic,"already done, have, chosen"
18816,semantic,introducing options or ranges
18840,semantic,distance / time
18920,semantic,allows you to
18971,semantic,code delimiters or specific values
19015,semantic,ease or clarity
19027,semantic,"such as, including"
19110,semantic,tells what something is
19130,semantic,"width, height, size, dimensions"
19142,semantic,"Utrecht, Netherlands, Haag"
19148,semantic,screenplay or treatment notes
19178,semantic,understanding situation
19198,semantic,Wikipedia links
19261,semantic,text content or message
19277,semantic,"sewing, embroidery, needle"
19322,semantic,"corporation, women, dll, body, climate"
19325,semantic,famous quotes and people
19404,semantic,text art representations
19489,semantic,see if/what/where
19501,semantic,code comments
13784,other,Change Presentation
14485,other,Okay
14495,other,Here are ideas
14698,other,questions or introductions
14993,other,This means
15311,other,"card, Subject, wait, Okay"
15317,other,"log, print, WriteLine, println"
15362,other,recommendation and suggestion
16665,other,**
16850,other,Explanations and lists
17472,other,our
17119,other,structure separator |
19117,other,"Okay, here's a joke"
19240,other,help in any way
19510,syntactic,recommendations for choices
19520,syntactic,"first, then"
19602,syntactic,sections with numbers and bullet points
19683,syntactic,**better than**
19897,syntactic,"code blocks, function calls, and programming constructs"
20097,syntactic,csharp code snippets
20114,syntactic,list delimiters
20238,syntactic,counting words and numbers
20398,syntactic,de
20840,syntactic,variable assignment with `=`
21156,syntactic,content labels followed by colon
21233,syntactic,and introducing clauses
21340,syntactic,"URLs for git, database, and services"
21508,syntactic,long pieces
21620,syntactic,examples or descriptions
22118,syntactic,–
22459,syntactic,code structure or import
22533,syntactic,Prepared by/for
22619,syntactic,"not, no, without"
22945,syntactic,yeah followed by punctuation or agreement
23282,syntactic,parentheses containing names/years/acronyms
23428,syntactic,listing defining phrases
24170,syntactic,stock or text followed by punctuation or numbers
25312,syntactic,SVG path coordinates
25559,syntactic,German indefinite articles
26365,syntactic,. and code returns
26584,syntactic,specific formatting or code blocks
19629,semantic,medical therapies and treatments
19632,semantic,"Vitamin, Denmark, Sodium, radius, Sin, Neon, Excel"
19638,semantic,"ready, available, constantly"
19670,semantic,Russia
19676,semantic,foreign language phrases
19688,semantic,"disrupts, interrupts, or alters something"
19730,semantic,"Pennsylvania, PA, Philadelphia"
19844,semantic,orthodontic treatment with braces
19912,semantic,public attitudes and trust
19936,semantic,pool
20002,semantic,the month may
20063,semantic,"The neuron is likely activated by phrases related to locations, work setups, or organizational structures, especially when these follow common prepositions or conjunctions.**Analysis:**1.  **MAX_ACTIVATING_TOKENS:** `for`, `in`, `of`, `Log`, `center`, `or`    *   These are mostly prepositions (`for`, `in`, `of`), a conjunction (`or`), and words like `Log` and `center`. `Log` could refer to ""login"", ""logistics"", or even ""log book"". `center` is straightforward.2.  **TOKENS_AFTER_MAX_ACTIVATING_TOKEN:** `home`, `site`, `cost`, `location`, `ística`, `technology`, `at`, `much`    *   `home` is often followed by ""office"" (`home office`) or similar.    *   `site` could be ""off-site"" or ""on-site"".    *   `cost` appears with phrases like ""cost of living"".    *   `location` is a direct match to what the neuron might be looking for.    *   `ística` is a Spanish suffix for nouns (e.g., `logística`, `tecnología`).    *   `technology` is also a clear theme.    *   `at` is a preposition often used with locations or specific places.    *   `much` is an adverb of quantity.3.  **TOP_POSITIVE_LOGITS:** `hôtel`, `oficina`, `ordenador`, `interactive`, `hybr`, `oficina`, `hybr`, `officina`, `ciudades`    *   This list provides strong clues:        *   `hôtel` (hotel)        *   `oficina` (office) - appears twice        *   `ordenador` (computer - Spanish)        *   `interactive`        *   `hybr` (hybrid) - appears twice        *   `officina` (office - Italian)        *   `ciudades` (cities - Spanish)    *   The dominance of ""office"", ""hotel"", and ""hybrid"" suggests a focus on workspaces, places, and new work models.identifies office and hybrid work contexts"
20221,semantic,powering devices and motors
20262,semantic,food and diet
20347,semantic,mathematical variables and constants
20389,semantic,friends and therapist
20484,semantic,multiplied by itself
20564,semantic,Billionaires and financial wealth
20565,semantic,enter BIOS or boot
20601,semantic,see or look for
20637,semantic,DC followed by related terms
20656,semantic,"criminal record, nationality"
20754,semantic,how thunderstorms form
20786,semantic,"composers like Wagner, Debussy"
20828,semantic,"therapy services, rehabilitation, or mental health support"
20844,semantic,academic subjects
20940,semantic,worsen or escalate
21073,semantic,growth and development
21144,semantic,appendicitis
21297,semantic,**
21401,semantic,education outcomes or background
21420,semantic,job or securing funding
21430,semantic,spy x family agents
21482,semantic,spaciousness and sound effects
21531,semantic,"cell, nuclear, proliferation"
21574,semantic,problems with compensation
21594,semantic,direct democracy participation
21675,semantic,protecting
21792,semantic,codesnippets or technical terms
21849,semantic,list items
21884,semantic,much more rewarding/better
21885,semantic,proportion or hydrogen
21940,semantic,"array, sequence, again, treatment"
21981,semantic,"diet, health, control"
21997,semantic,estimating or correlating sizes
22000,semantic,"sonar, older Soviet-era mines"
22025,semantic,street names San Pablo and Sherbrooke
22064,semantic,"case, Target, in this"
22154,semantic,auction house
22300,semantic,"optical, gas, stream"
22323,semantic,perfect gift
22434,semantic,content disclaimers
22473,semantic,formal communication and official matters
22500,semantic,cheekbones and cheeks
22526,semantic,"recanted testimony, plea, confession"
22562,semantic,collaboration with organizations
22600,semantic,BiographypresidentNigerianjournalist
22657,semantic,energy storage
22708,semantic,Japanese and Korean locations
22750,semantic,coordinates for bounding boxes
22776,semantic,Ancient Greek and Roman contexts
22816,semantic,not enough
22822,semantic,"places or destinations preceded by ""to"""
22927,semantic,india startup discussions
23007,semantic,code snippets and identifiers
23017,semantic,"assess appropriateness, data, risk"
23175,semantic,expected or thought
23205,semantic,speaking out against or condemning
23363,semantic,winter snow imagery
23371,semantic,leaves and buds
23375,semantic,Swedish/Scandinavian words with å
23429,semantic,job offers and company information
23465,semantic,the answer is
23522,semantic,Consider getting easy
23586,semantic,Geography
23623,semantic,Codecademy learn pages
23629,semantic,"deterioration, degradation, erosion, breakdown"
23647,semantic,cities and country codes
23702,semantic,seeking specific context
23724,semantic,"I have cities, but no houses"
23783,semantic,Old Testament or Numbers
23856,semantic,argument names or keys
23902,semantic,changed to
23999,semantic,color codes and numbers
24045,semantic,see limitations/sections below
24074,semantic,organizations and corporate ownership
24113,semantic,"Low volatility, longest, display"
24154,semantic,"unsafe, exploitative, unethical"
24193,semantic,"defining, describing, or assuming something"
24216,semantic,Gecko browser engine
24233,semantic,especially in the afternoon
24304,semantic,depends on
24358,semantic,lists of terms or phrases
24437,semantic,technical terms and diverse languages
24491,semantic,you've come to the right place
24519,semantic,breakdowns of the importance
24524,semantic,constitutional law and academic freedom
24530,semantic,nothing or blank
24535,semantic,automotive companies and suppliers
24610,semantic,final answer
24683,semantic,code delimiters and structure
24754,semantic,companies/institutions/countries
24759,semantic,chase
24761,semantic,"after, driving"
24763,semantic,code error handling
24778,semantic,recognize or identify
24807,semantic,when / conditional clauses
24868,semantic,lists and numbers
24912,semantic,pygame code or numbers
24940,semantic,technical terms and specific nouns
24948,semantic,after being tired or stressed
24966,semantic,"patch clamp, ion channels, physiology"
25012,semantic,"print ""hello world"""
25129,semantic,improving things
25143,semantic,setup and configuration
25151,semantic,movement and speed
25183,semantic,"generous, generously, liberal"
25186,semantic,others
25198,semantic,resulting from
25290,semantic,"Styria, Austria"
25327,semantic,definition of literal meanings
25338,semantic,complex or negative scenarios
25346,semantic,damage and harm
25348,semantic,effects and outcomes
25404,semantic,activities related to venues and events
25483,semantic,demands responsibilities
25492,semantic,system fails
25550,semantic,"in a size, tumor, or other descriptor"
25563,semantic,predicting future events and news
25689,semantic,bone structures
25782,semantic,bittersweet emotions
25788,semantic,product names or features
25797,semantic,Ferdinand Marcos Jr. and martial law
25802,semantic,reveals information
25828,semantic,"figurative phrasing for ""it is"""
25897,semantic,prices and dates
25903,semantic,occurs when
25936,semantic,credit card payments
25968,semantic,overcoming challenges
26018,semantic,"code identifiers like cv2, string., ptr"
26019,semantic,"collagen synthesis, alloying, ceramics, growth"
26033,semantic,young people and adolescents
26240,semantic,"configurational assignments, absolute configurations"
26273,semantic,exploratory and descriptive analysis
26280,semantic,uncertainty or possibility
26348,semantic,God and His nature
26390,semantic,game called
26399,semantic,planning to rent a car
26428,semantic,giving or putting something
26435,semantic,professional ethics bar conducts
26493,semantic,medical decisions and health
26523,semantic,kidney or renal disease
26529,semantic,public choice theory optimizing
26579,semantic,image concepts or plots
26604,semantic,personal frustration
26638,semantic,news agencies and abbreviations
26741,semantic,reducing manual effort and improving consistency
26749,semantic,policies of creators
26792,semantic,collective bargaining union contracts
19969,other,answering questions
20046,other,I can/could write
21321,other,response actions
21876,other,"both, smaller, changes, used"
22220,other,I was designed for
22096,other,To help me narrow down
22965,other,with followed by descriptive words
23587,other,concessions and opposition
24982,other,directly
25015,other,"as mentioned,"
26845,syntactic,number of
26848,syntactic,partial
26892,syntactic,"newly, freshly, original, initial, early"
27015,syntactic,"each, every, for"
27122,syntactic,"small amounts, quantities, or parts"
27150,syntactic,"if so,"
27163,syntactic,"""when ""*Might*"""
27202,syntactic,central + location descriptor
27416,syntactic,"additionally, and, moreover"
27502,syntactic,"number, cl, hash, inventory, tail"
27607,syntactic,following 'like'
27787,syntactic,instructions or direct actions
27953,syntactic,words indicating contrast or continuation
28120,syntactic,* or bullet points
28171,syntactic,provide code examples
28172,syntactic,very intensifier
28198,syntactic,names and places
28223,syntactic,that ... are/is
28300,syntactic,providing insights or clues
28350,syntactic,list item markers
28432,syntactic,describing complex situations
28490,syntactic,defining feature or step
28572,syntactic,and Readable
28641,syntactic,error occurred
28714,syntactic,website urls
28870,syntactic,actions followed by prepositions
28919,syntactic,already / after
28958,syntactic,want to
28965,syntactic,numbers after units
28990,syntactic,**
28993,syntactic,specific punctuation / symbols
29092,syntactic,list items and proper nouns
29464,syntactic,giving weight or emphasis
29548,syntactic,wanted to / letting you
29551,syntactic,a or an followed by a noun
29809,syntactic,when clause
29816,syntactic,quoting verbatim
29851,syntactic,directing or referring to resources
29879,syntactic,109 times
29966,syntactic,extract whole
29973,syntactic,except
30028,syntactic,addressing a request or question
30108,syntactic,Disclaimer usage
30530,syntactic,listing topics and related concepts
30577,syntactic,just [adjective]
31106,syntactic,different types and situations
31333,syntactic,punctuation followed by words
31368,syntactic,used to
31681,syntactic,how things are
31798,syntactic,is included after
31980,syntactic,introducing lists/options
32226,syntactic,separators or logic with varied terms
32269,syntactic,following text
32301,syntactic,property of
32306,syntactic,parenthetical openers
32324,syntactic,implementing procedures
32498,syntactic,smaller or lesser
32516,syntactic,can automatically or optionally
32571,syntactic,you need
32638,syntactic,lists of options or details
33028,syntactic,not simply / not merely
33048,syntactic,"wrong, even"
33051,syntactic,"claims, equations, figures, married"
33317,syntactic,sending by post or email
33400,syntactic,self-created solutions
33443,syntactic,what are your
33532,syntactic,this followed by an adjective
33670,syntactic,Amount or quantity
34098,syntactic,finish or complete
34246,syntactic,state assignment
34436,syntactic,list items using asterisks
34454,syntactic,"However, followed by number"
34466,syntactic,following a phrase introducing a topic
34911,syntactic,if... it
34945,syntactic,understand why you
35405,syntactic,for current or last information
35954,syntactic,List items
36032,syntactic,non-breaking space
36086,syntactic,connectors and relative pronouns
26840,semantic,uploading files or directories
26874,semantic,distribution channels
27123,semantic,drug interactions
27165,semantic,"articles with girls, fans, or statues"
27244,semantic,strict mode configurations
27273,semantic,absolute value
27284,semantic,PHP migrations and models
27821,semantic,lifestyle factors and changes
27882,semantic,country names and addresses
28117,semantic,solar system and comets
28430,semantic,piano tuning and simulation
28450,semantic,male and female comparisons
28501,semantic,cultural understanding
28672,semantic,M&A private equity acquisition
28909,semantic,test keywords
28922,semantic,initial interview and assessment
29043,semantic,"scenarios with ""we"""
29058,semantic,financial performance
29169,semantic,case study literature
29174,semantic,future of
29184,semantic,medical history and food processing
29281,semantic,medical detail
29300,semantic,water and thirst
29523,semantic,weather.com links with google parameter
29541,semantic,settings to portfolio information personal network
29564,semantic,logging configuration
29758,semantic,import statements
29783,semantic,extracurricular activities and opportunities
29931,semantic,reproduce or replicate results/products
29963,semantic,code snippets and technical terms
30026,semantic,product details
30074,semantic,financial entities and figures
30202,semantic,review code advice
30328,semantic,deletion or harm
30395,semantic,code syntax
30445,semantic,font editor or software
30510,semantic,sudoku game implementation
30582,semantic,development tools and libraries
30619,semantic,opposing or deterrent actions
30710,semantic,self-reliance or doing it yourself
30761,semantic,damage or poor condition
30780,semantic,Responsibilities: Develop and execute a comprehensive strategy
30853,semantic,numbers and units
30917,semantic,new feature or change
31013,semantic,Islamic phrases and the name Allah
31067,semantic,at the forefront of
31111,semantic,cream butter and sugar
31132,semantic,creation of new projects or items
31230,semantic,mathematical and code contexts
31665,semantic,weaving and transformation
31673,semantic,comparing models or entities
31716,semantic,"DWDM, DDoS, IP, fiber, container ship"
31738,semantic,international cooperation and organizations
31766,semantic,work and energy
31864,semantic,single idea
31908,semantic,South America and Europe
31955,semantic,future value vs present value
31988,semantic,"scenes within scenes, functions within functions"
32016,semantic,mixing gently
32064,semantic,javascript window object access
32097,semantic,recommend checking
32120,semantic,"people want, access, lose, or enter"
32147,semantic,rust file operations
32196,semantic,code delimiters
32262,semantic,code structure or programming terms
32376,semantic,mathematical operations and definitions
32413,semantic,multi-digit numbers and dates
32460,semantic,disruptions or negative outcomes
32601,semantic,incentives and rewards
32633,semantic,False otherwise
32729,semantic,advantages and disadvantages
32783,semantic,super bowl
32829,semantic,"method calls, Gameplay Effects, UDP"
32960,semantic,"monitor stand, tv stand, wall mount, arms"
33027,semantic,can you lose
33393,semantic,legal documents and proceedings
33440,semantic,before something happens
33452,semantic,angular component import HttpClient
33610,semantic,Safe Mode
33695,semantic,objectives aims goals
33716,semantic,delete or find items
33837,semantic,glasses and lenses
33922,semantic,students at school
34097,semantic,"first trimesters, labor, nausea, vomiting"
34117,semantic,antioxidant compounds
34241,semantic,beneficence or benefits
34367,semantic,body functions and health
34371,semantic,return expressions
34428,semantic,accountability
34861,semantic,addition and calculation results
34874,semantic,countries and cities
35044,semantic,run or running activity
35064,semantic,ISBN
35195,semantic,travel/health advice
35430,semantic,student age or level
35451,semantic,image generation prompts
35474,semantic,impairment or interference with daily life
35514,semantic,## [topic]: a [overview/dive/explanation]
35593,semantic,categorized for clarity
35617,semantic,java exceptions and errors
35647,semantic,sick or sickness
35659,semantic,lorem ipsum elit
35824,semantic,artwork or descriptive tags
35832,semantic,goals and targets
35849,semantic,HTML tags and multiple languages
35916,semantic,summary and transition words
35947,semantic,"settle down, secure, good"
35955,semantic,CPT ICD modifiers
36181,semantic,"diagnosis, pairs, formosus, physio"
27734,other,player action
28228,other,cannot and will not fulfill request
29260,other,scoring titles
29695,other,`ai.google.dev/`
30413,other,well bad eye wise sprouts unique tầm
31058,other,"therefore, is,"
33413,other,for informational purposes only
34979,other,is the mathematical variable definition
36020,other,lack of real-time information
36415,syntactic,. / – / ( / (~ / -
36947,syntactic,forms of 'to be'
37539,syntactic,instructions
37619,syntactic,generates transformations or replacements
37756,syntactic,sentence boundary markers
37804,syntactic,protocol name follows TURN
38654,syntactic,indicates further information below
39493,syntactic,if / assuming followed by uncertainty
40221,syntactic,comments and invitations to share
40351,syntactic,equations containing plus signs
41087,syntactic,any questions
41191,syntactic,"web code, programming, or math expressions"
45795,syntactic,emojis and punctuation
45933,syntactic,% off
46794,syntactic,polite closing remarks
47114,syntactic,going or walking
47274,syntactic,"starts but, fall fallacy"
47761,syntactic,**Here**
36422,syntactic,agreement and assertion
42250,syntactic,True or
43148,syntactic,though followed by contrast
45929,syntactic,sentence end followed by new topic
46451,syntactic,discussing or explaining
47336,syntactic,you can
47511,syntactic,list delimiters
47651,syntactic,probably/likely expressions
47658,syntactic,steps / stages
36795,semantic,"session, claims, participants, customers, company, docker"
36862,semantic,causes or makes happen
36884,semantic,old age
36894,semantic,essential job functions and abilities
37000,semantic,user agent string
37004,semantic,France or French
37084,semantic,lists of examples
37154,semantic,cell death or replication
37170,semantic,connect to local health and human services
37287,semantic,writing a blog post
37308,semantic,untrue or false statements
37450,semantic,"rub, mixture, recipes"
37549,semantic,2019
37587,semantic,"phenomenon, unexplained, or resistance"
37598,semantic,air flows through a channel
37617,semantic,medical attention
37709,semantic,cancer or medical conditions
37948,semantic,last names
37979,semantic,ions blocked by magnesium or adenosine
38090,semantic,cultural or linguistic diversity
38195,semantic,breakdown
38257,semantic,"mindful eating, portion control, food journal"
38292,semantic,age difference calculation
38585,semantic,downsides
38618,semantic,"gene expression, RNA, operate"
38814,semantic,"optimized, suitable, excels, effectively, suited"
38874,semantic,inference
39042,semantic,training or teaching
39295,semantic,"war, military defeat, and flight"
39313,semantic,MySQL query results
39324,semantic,"British Columbia, Alberta, Canadian provinces"
39342,semantic,Swedish greetings
39361,semantic,implement or build
39431,semantic,oven temperatures and time
39505,semantic,checks for emptiness
39551,semantic,abstract concepts and aspirations
39621,semantic,some of others
39663,semantic,code syntax { ( )
39681,semantic,number three
39724,semantic,asset management
39799,semantic,axis labels for readability x-axis
39833,semantic,life and death
39838,semantic,ASEAN Countries
39864,semantic,"cost $, installation, utilities"
39866,semantic,words in other languages
40017,semantic,murals depicting Mexican art
40141,semantic,medical and scientific terminology
40233,semantic,differences
40256,semantic,calculated values
40307,semantic,OpenGL and GLFW
40348,semantic,Xcode project assets
40382,semantic,check your
40396,semantic,alternating or intermittent
40414,semantic,let's define
40422,semantic,text classification label
40451,semantic,categories of
40502,semantic,age and age range
40582,semantic,content policies
40652,semantic,pictory.com video creation
40898,semantic,vibe check
40991,semantic,dates and version numbers
41091,semantic,gratitude and thanks
41096,semantic,"Metformin, diabetes treatments"
41156,semantic,JSON stringify method
41177,semantic,year-round
41493,semantic,both X and Y
41691,semantic,function definitions and variable assignments
41764,semantic,indonesian politics or corruption cases
41798,semantic,compared to
42027,semantic,counting items or people
42030,semantic,known for
42045,semantic,formatting and foreign words
42091,semantic,rheumatoid arthritis
42289,semantic,military service and enlistment
42515,semantic,non-cancerous cell growth
42599,semantic,As technology progresses
42611,semantic,providing administrative tasks
42629,semantic,forests and logging
42674,semantic,echocardiogram and ultrasound
42770,semantic,"Caucasus, Georgia, mountains"
42819,semantic,if you
42852,semantic,reporting findings or outcomes
42973,semantic,key-value pairs like .name and .title
42994,semantic,no body to love
43026,semantic,between two entities
43126,semantic,"fibonacci, chr"
43144,semantic,"prepared, concentrated, optimized"
43338,semantic,reproduction and pregnancy
43460,semantic,customer service associate
43557,semantic,в Russian preposition
43558,semantic,health risks
43588,semantic,jet stream and weather fronts
43645,semantic,maternal blood flow
43652,semantic,NVIDIA Arch Wiki
43785,semantic,amount or quantity
43898,semantic,holidays and religious observances
43911,semantic,disease and infection
43924,semantic,numbers or placeholders in sequences
44009,semantic,evolved into
44092,semantic,"**doctor, patient and medical contexts**"
44141,semantic,list items and data structures
44341,semantic,"years, months, dates"
44498,semantic,Braves game score
44553,semantic,multiplying by scalar or scale
44742,semantic,blood clot formation
44937,semantic,high-level interface
45010,semantic,flooring
45083,semantic,math problems and calculations
45438,semantic,cool and set
45493,semantic,millions of people or groups
45621,semantic,'print' statements
45672,semantic,Niko Bellic
45743,semantic,problems or issues
45872,semantic,part of a pattern or series
46120,semantic,royal family and palace
46186,semantic,desensitization to negative phenomena
46250,semantic,confusion of mind
46397,semantic,causes of hypocalcemia
46423,semantic,wilderness and quietness
46425,semantic,positive qualities
46545,semantic,family history of conditions
46776,semantic,recursive calls
46878,semantic,"finite difference method, variational method"
46998,semantic,decorating and decorations
47047,semantic,ethically sourced fabrics
47098,semantic,variation and change
47144,semantic,remote control
47177,semantic,list items
47234,semantic,css color value
47625,semantic,not everyone or %
47765,semantic,plot title and labels
47772,semantic,cells forming early structures
47804,semantic,website links
47817,semantic,"water vapor, gases, compounds"
47892,semantic,reactive oxygen species and free radicals
47964,semantic,acquiring understanding and knowledge
48004,semantic,wall surface friction
48190,semantic,bone jokes
48219,semantic,market size and growth projections
48340,semantic,"smaller, with a long"
48426,semantic,special characters and apple
48518,semantic,"exploit, abuse or endanger"
48695,semantic,riddles
48727,semantic,"classic, easy, popular, durable"
48815,semantic,**Accommodation:**
48831,semantic,sexually explicit content
49107,semantic,lossdeathtragedy
49143,semantic,events then actions
49159,semantic,patients with conditions
49283,semantic,comparisons using like or as
49344,semantic,"Nigeria, Sub-Saharan Africa, poverty"
49353,semantic,"python, ubuntu, cuda, blender, ios"
44775,semantic,parenthetical measurements or qualifiers
36563,other,accessibility and limited connectivity
36689,other,common misconception
40906,other,of numbers
42659,other,human-like entities and roles
43043,other,short story or term
49326,other,of the
36230,other,when to use
40484,other,regarding
41712,other,The [noun]
42423,other,"following ""is"""
46487,other,"government, employer"
46499,other,that necessitates
46529,other,that's where
46784,other,cause or reason
47575,other,focus on doing
49140,other,you realize
49457,syntactic,if condition
49483,syntactic,(a) or (b)
50249,syntactic,is a condition
50362,syntactic,"ignore, skip, disregard"
50426,syntactic,code structure indicators
50440,syntactic,remaining elements
50599,syntactic,how to action
50647,syntactic,see below
50686,syntactic,have been [past participle verb]
50850,syntactic,type:
51027,syntactic,the followed by specific nouns
52091,syntactic,can be assigned
52387,syntactic,not received
52452,syntactic,those/that + adjective/noun
53801,syntactic,links followed by topics
53825,syntactic,higher values or numbers
53840,syntactic,name=' or ' ip address
55128,syntactic,PHP code documentation
55388,syntactic,closings and signatures
55427,syntactic,nothing or specific titles
55468,syntactic,tional suffixes
55504,syntactic,interface elements
55670,syntactic,XML tags and attributes
55872,syntactic,no single
55939,syntactic,purposes
55954,syntactic,introduced
56309,syntactic,conditional statements
56400,syntactic,Highly recommend
56498,syntactic,asking questions
56819,syntactic,advantages or disadvantages
57248,syntactic,indicating something
57289,syntactic,"-ity, -ology, -ism, -ic, -al endings"
57399,syntactic,with
57435,syntactic,both / sense of
57582,syntactic,long descriptions
57782,syntactic,finding conjunctions and common words
57868,syntactic,ments
57957,syntactic,each
58059,syntactic,Introductions to lists of things
58609,syntactic,greetings and affirmations
58656,syntactic,words following bold markdown
58737,syntactic,as the name suggests
59953,syntactic,shifting from to
60064,syntactic,self. and target
60336,syntactic,lists with properties/labels
60600,syntactic,Aside from being
60690,syntactic,acknowledging good job
61149,syntactic,variety of
61184,syntactic,"sides, facets, aspects"
61198,syntactic,things are not black and white
61255,syntactic,contrasting conjunctions like but
61526,syntactic,when noise happens
61732,syntactic,it doesn't matter
61738,syntactic,object constructors
62013,syntactic,pattern followed by specific items
62014,syntactic,mathematical variables and functions
62435,syntactic,for the following reasons
62988,syntactic,"explanations often follow ""This"""
63092,syntactic,conditional clauses
63118,syntactic,how something works?
63901,syntactic,return arr
64437,syntactic,also followed by conjunctions or extensions
64678,syntactic,keys and labels
64710,syntactic,sensitive to
64726,syntactic,technical report
64736,syntactic,fill in the blank
64979,syntactic,matching regions or length
65810,syntactic,why discussions and reasons
65815,syntactic,A
66101,syntactic,choose/chose
49607,semantic,"snap, break, broken"
49913,semantic,apple. doctor. cliff. goat. horse. Lottery
49953,semantic,product tour details
49984,semantic,core principle of equality
50086,semantic,"public transport, carpool, reduce traffic"
50414,semantic,careless actions
50509,semantic,dilated left atrium
50582,semantic,contest submissions and features
50615,semantic,material properties and descriptions
50630,semantic,jury trial verdict
50788,semantic,auction items and prices
51007,semantic,locations of buildings
51026,semantic,change over time
51036,semantic,customer expectations and experiences
51187,semantic,"diseases: heart, cancer, diabetes, bone loss"
51229,semantic,"scattering, spectral, dictates"
51318,semantic,"performance, leader, momentum, value"
51449,semantic,spinning faster via wheel
51468,semantic,file and data structures
51655,semantic,for / for him / for humans
51680,semantic,water essential
51776,semantic,wedding and bridal planning
51888,semantic,"biops, biolog, burial"
51898,semantic,duration or timeframe
51917,semantic,approval status
52396,semantic,manage projects
52604,semantic,how people got started
52641,semantic,melee attacks and weapons
52647,semantic,qualitative analysis acid testing
52820,semantic,"Aristotle, Ibn Sina, justice"
52873,semantic,limits and limitations
53044,semantic,body parts
53074,semantic,halos around lights
53263,semantic,cholesterol lowering
53432,semantic,nitric oxide or blood flow
53668,semantic,avoid trigger foods
54006,semantic,still followed by a word
54039,semantic,unexpected behavior or crashes
54159,semantic,child story prompt <start_of_turn>
54280,semantic,federal holiday legislation
54491,semantic,riddle
54694,semantic,pressure difference or force
54695,semantic,electric buggies and equipment rental
54727,semantic,"CNS depressant, calming, sedatives"
54938,semantic,*the* classic impossible question
55239,semantic,only sound besides
55287,semantic,multilingual text inputs
55659,semantic,treaty port era
56025,semantic,sponsored content disclosure
56310,semantic,internet speed and bandwidth
56789,semantic,accounts describe varied reports
57015,semantic,"endocrine, liver, and reproductive health"
57062,semantic,chemical names with numbers
57361,semantic,"unused code, imports, variables, classes, dependencies"
57427,semantic,"age, with age, aging"
57614,semantic,tall buildings and city districts
57642,semantic,python libraries
57737,semantic,"clown, comedy, jokes"
57757,semantic,coefficients or combinations
58050,semantic,company address
58131,semantic,instrument names
58160,semantic,COVID test or PCR test
58298,semantic,"need help, institutional, pressure, GPT"
58320,semantic,common questions and frustrations
58605,semantic,list delimiters
58626,semantic,fried egg pancakes salad pie
58674,semantic,supply voltage
58845,semantic,"apparently, evidently"
59167,semantic,configuration code
59308,semantic,higher/lower costs and production
59352,semantic,around $
59362,semantic,Vimeo video platform
59417,semantic,"babies, children, parents"
59666,semantic,Cu<sub>x</sub>S or K₂CO₃ notation
59838,semantic,prevalence and incidence
59959,semantic,and hydrating other ingredients
60024,semantic,Detoslim Penurun Berat Badan
60091,semantic,clinical patients donors participants
60198,semantic,throws exceptions
60273,semantic,magnetic field control
60299,semantic,protect your time and energy
60301,semantic,"open-weights, security, defense, freedom"
60539,semantic,breaking down concepts
61000,semantic,"parking charge notice, percentage, breach of contract"
61084,semantic,Generative Adversarial Networks (GANs)
61161,semantic,"strive, fighting, challenge, trading"
61545,semantic,blood types
61816,semantic,remembering or forgetting someone/something
61963,semantic,no legitimate basis
62010,semantic,pesticide residue
62323,semantic,"introduces explanation (""This is"")"
62410,semantic,based on evidence and reports
62595,semantic,financialstocksandnumbers
62861,semantic,code imports and type annotations
63081,semantic,hidden or not visible
63108,semantic,nursing concepts and roles
63203,semantic,heating and warming devices
63810,semantic,conjunction and linking ideas
64051,semantic,information containers
64074,semantic,personally identifiable information
64420,semantic,marketing and advertising costs
64421,semantic,numbers and arithmetic
64549,semantic,"images, files, code blocks"
64570,semantic,"""off"" state"
64862,semantic,life hacks or repair items
64872,semantic,"Senate, legislation, championship, citizen"
64906,semantic,liberty and preserve the
64915,semantic,safety and security
65305,semantic,description of vibrant visuals
65336,semantic,birth dates and ages
65467,semantic,numbers 1-9
65491,semantic,traditional followed by culture
65526,semantic,historical figures and achievements
65594,semantic,"controlling generation, behavior, or appearance"
65812,semantic,jumped out of his skin
65891,semantic,predicting y based on x
50121,other,academic and practical topics
50215,other,"don't substitute, going back"
51974,other,"normal, 正常, normalen"
52866,other,future outcomes and possibilities
54346,other,monitoring feature extension Flutter
54997,other,Option 3 (
55344,other,"Mexican, software, risk, grain, pink"
59498,other,"I can, however"
59990,other,list occurrences
65677,other,connection phrasing (and/with)
66459,syntactic,the followed by descriptive nouns
66483,syntactic,addressing you directly
67216,syntactic,Construct the
67319,syntactic,ordinal numbers and match counts
67521,syntactic,"wandering, tested, called"
67767,syntactic,list selection
68340,syntactic,emojis or special characters
68450,syntactic,"not automatically, not necessarily"
69562,syntactic,code delimiters and punctuation
69858,syntactic,paragraph and description
69861,syntactic,feedback
70325,syntactic,great way to
70507,syntactic,data separation characters
71288,syntactic,more than
71316,syntactic,questions based
71531,syntactic,"converts, from, by"
71898,syntactic,parent element
71906,syntactic,"called """
71971,syntactic,plural possessive marker
71998,syntactic,numbers after colons or equal signs
72269,syntactic,code parsing keywords
72425,syntactic,code context
74320,syntactic,by the
74685,syntactic,existing dictionary values
75265,syntactic,input parameters
76006,syntactic,number ranges and delimiters
76124,syntactic,is theis a
76929,syntactic,map lookup and sums
77100,syntactic,represents a significant step
77232,syntactic,* sign
77310,syntactic,// comments
77370,syntactic,state-of-the-art
77574,syntactic,how much
77587,syntactic,parenthetical phrases or abbreviations
78478,syntactic,"tell, bring, inform"
78829,syntactic,use case
79091,syntactic,There now
79347,syntactic,"opposing negations: not, without"
79993,syntactic,coordination and listing
81262,syntactic,"lists with ""and"""
81376,syntactic,>be me
81400,syntactic,"how to learn, convert, recognize, solve"
81605,syntactic,negation
81753,syntactic,location names
81832,syntactic,"sl, 't, supers"
81966,syntactic,"Okay,"
82059,syntactic,rarely disregarded
82667,syntactic,"all are, but not all"
83632,syntactic,list items and code formatting
86651,syntactic,related to *
87395,syntactic,"after ""post"" or ""in"""
87402,syntactic,inquiring about preferences
87543,syntactic,and final / most
87560,syntactic,input to some function
87601,syntactic,"""**"" or "","" followed by ""the"" or ""a"""
87629,syntactic,asking for an alternative
88104,syntactic,code structure and programming keywords
88868,syntactic,checking for conditions
89002,syntactic,"layering, placing, or half"
89024,syntactic,closing punctuation or sentence end
89027,syntactic,Eliminate or another
89389,syntactic,"with this, with our"
66563,syntactic,There's a pattern
75956,syntactic,like this
76310,syntactic,like
81220,syntactic,expresses how or why
66481,semantic,tiny home
66650,semantic,field value
67059,semantic,medical lab values
67147,semantic,female or male identifiers
67536,semantic,"vintage items, illustrations, maps"
67557,semantic,breeding ground for bacteria
67671,semantic,sovereignty claims and territorial rights
67783,semantic,loading image files
68091,semantic,"NGOs, civil society, advocacy"
68378,semantic,chemical synthesis or parts of objects
68630,semantic,"ordinary, regular, plain"
68700,semantic,numbers and currency
68798,semantic,"duration, period, or time unit"
68829,semantic,preventing harm
69138,semantic,university names and affiliations
69296,semantic,gravitational waves
69366,semantic,modern-day equivalents of places
70520,semantic,likelihood of success
70756,semantic,fluid collections and cysts
71178,semantic,vacation rental
71678,semantic,"loss, sympathy, and heartfelt messages"
71814,semantic,chemical symbol for gold
72185,semantic,"walking, exercise, or piano lessons"
72568,semantic,Other uses/related concepts
72979,semantic,female or women in general context
73263,semantic,This makes robust
73302,semantic,recipe ingredient amounts
73566,semantic,store of value
73721,semantic,"awful, cancelled, trash"
73765,semantic,body size and dimensions
74011,semantic,sunlight is white and its spectrum
74247,semantic,playoff elimination or advancement
74960,semantic,pour and bake
75350,semantic,Kareem Abdul-Jabbar
75654,semantic,listing followed by explanation
75709,semantic,"sea, marine, ocean, salty, seafood"
75762,semantic,extracellular matrix proteins
76302,semantic,"death, dying, before reaching"
76502,semantic,records and documentation
77064,semantic,passed grade
77143,semantic,explicit sexual content and harmful requests
77241,semantic,"Glorious Revolution, Frederick, Quebec, Orange"
77250,semantic,"dependencies, UI, technologies"
77821,semantic,Therapy programs and cultural cognition
78166,semantic,"plants, flowers, roses, overflowing"
78335,semantic,matplotlib.pyplot code
79276,semantic,printed material
79643,semantic,"adds richness, flavor, or depth"
80442,semantic,describing how actions are performed
80572,semantic,this opportunity
80770,semantic,python numpy arrays
81190,semantic,"huge, amazing, fantastic"
81289,semantic,Photoshop and design tools
82154,semantic,comparisons with those of
82256,semantic,French colony independence war
82358,semantic,simplify algebraic expressions
82983,semantic,"route, circuit, path, journey"
83027,semantic,vitamins and antioxidants
83048,semantic,storehouse
83050,semantic,seasons and places
83063,semantic,auto_increment primary key
83491,semantic,AI drug discovery research
83595,semantic,database table definitions
83815,semantic,music titles and artists
84488,semantic,"MRSA, aureus, virulence, toxins"
84491,semantic,maximizes happiness
84876,semantic,"hyperventilation, lung volumes, activity"
85535,semantic,good condition or working
85615,semantic,water and rivers
85638,semantic,competition
85914,semantic,inflation
85931,semantic,"children, school"
86368,semantic,return fibonacci sequence
86968,semantic,standards for education
87006,semantic,Wikipedia links and references
87078,semantic,reducing appetite and calorie intake
87276,semantic,warranty period and duration
87747,semantic,percentage or degree
87898,semantic,Python imports and libraries
88337,semantic,body parts and anatomical terms
88651,semantic,German cities and towns
88880,semantic,effects and consequences
89671,semantic,awards and festivals
89729,semantic,Hello world greetings
89880,semantic,android
83537,semantic,"event, data, methods"
83554,semantic,"recommended, required, essential"
84610,semantic,various types
84727,semantic,is followed by explanation
86146,semantic,is / are common
89245,semantic,directing work or research
66316,other,"coordinates, give, user, Apple, construction"
67140,other,cannot do
67391,other,contribute to work
69341,other,return self
70833,other,appreciative words thanking others
72176,other,technical identifiers and abbreviations
72670,other,percentages or numbers followed by 'people' or common units
73127,other,numbers and concluding punctuation
75476,other,word endings
75477,other,I followed by verbs
76154,other,"technical descriptions, issues, or analysis"
77546,other,kind words
78697,other,directly (
79780,other,RAINN or reuters.com
80215,other,continue / future / more
80561,other,forming `a`
80789,other,what are their
81830,other,bmi is
81875,other,numbers followed by comma
81919,other,straight face
82097,other,"vital signs, pulse, oximetry, temperature, beds"
83743,other,Job Title:
83746,other,"high chairs, docstrings, status reports"
84167,other,medical lab values
84949,other,for people and developers
85506,other,js-base64 import
85888,other,services and capabilities
86060,other,essential prerequisite problematic
87286,other,c)
87602,other,"area, size, or quantity"
88046,other,asking questions about things
88659,other,percentages
88692,other,long enough
88738,other,with
88746,other,add a disclaimer at the end
88844,other,other options
88900,other,cm radius height 5
89535,other,if applicable / if used
90310,syntactic,bolding markers
90498,syntactic,pronouncing words phonetically
90968,syntactic,purpose or intent clauses
91126,syntactic,"describing complexity, cost, or degree"
91178,syntactic,in [noun]
91351,syntactic,(Good for)
91439,syntactic,starting position
91567,syntactic,try me out
91633,syntactic,"being hindered, affected, complicated"
91684,syntactic,code comments
91807,syntactic,making choices and future outcomes
92219,syntactic,when not in use
92855,syntactic,a randomized
93024,syntactic,.com links
93058,syntactic,code formatting and keywords
93216,syntactic,"meeting minutes, documents, CC"
93294,syntactic,exception handling `throw`
94185,syntactic,you show engagement
94413,syntactic,"end of phrase, punctuation"
94491,syntactic,lead to
94791,syntactic,order or limitations
94860,syntactic,you can
94974,syntactic,at least
95129,syntactic,select an option
95282,syntactic,persona J&J
95525,syntactic,"though, prefer, like, want"
95569,syntactic,actions followed by temporal conjunctions
95972,syntactic,presentation titles and introductions
96009,syntactic,you / you're / você / vous
96702,syntactic,qualifying adjectives
97230,syntactic,answer these questions
97774,syntactic,onlyexcept
97806,syntactic,below
97827,syntactic,can significantly improve
98759,syntactic,lists of entities and names
98772,syntactic,journal links
99132,syntactic,punctuation and quotes
99282,syntactic,code segment delimiters
99967,syntactic,to remove
100285,syntactic,adverbs of successful operation
100415,syntactic,Danish and Norwegian questions
100526,syntactic,cooked until set
100562,syntactic,conjunctions and connectors
100884,syntactic,numbers and punctuation
101534,syntactic,"conditions, formulas, or code statements"
102017,syntactic,multi-lingual words and connecting phrases
102291,syntactic,numbers and coordinates
102367,syntactic,"json object, list, map, or format"
102404,syntactic,"keywords, definitions, or code snippets"
102737,syntactic,"expensive, less, more"
103081,syntactic,common words after prepositions
103204,syntactic,ask/tell structure
104295,syntactic,once a block/transaction/data
104361,syntactic,actions followed by outcomes
104461,syntactic,filled with
104689,syntactic,potential exceptions
104744,syntactic,ordinal numbers and centuries
104914,syntactic,with + article/preposition
105291,syntactic,"Play in, Love in, drops in"
105807,syntactic,if it's
106075,syntactic,and... then
106201,syntactic,simulate understanding or generate text
107178,syntactic,parts of speech classification
107504,syntactic,drawn to or chose
107709,syntactic,your [followed by a noun]
108813,syntactic,contrary to
109426,syntactic,defining states
109773,syntactic,assist in the
110543,syntactic,"numbers, quantities, or measurements"
110638,syntactic,appears
110922,syntactic,class definitions
111174,syntactic,proper nouns and titles
111181,syntactic,**Key Principles / Core Principles / Understanding**
111208,syntactic,tried resetting or restarting
111979,syntactic,"I, he, she pronoun subjects"
112095,syntactic,necessary or unnecessary
112341,syntactic,quoted strings or structured data
112558,syntactic,factors and drivers
112564,syntactic,even in a
112616,syntactic,in Russian and English
112857,syntactic,forms totals
113309,syntactic,consider or request
113326,syntactic,Algorithm explanation
114382,syntactic,If/when to take action
114500,syntactic,assessment
114841,syntactic,"The neuron detects expressions related to **""start"" or ""beginning""**"
115576,syntactic,"baptized, weeping, code structures"
116094,syntactic,comparing different lists or variables
116107,syntactic,checks if something contains
116299,syntactic,"number and followed by comma or ""in"""
116591,syntactic,but not always
116793,syntactic,discusses issues or disagreements
116904,syntactic,different methods and types
117003,syntactic,memory allocation failed
117282,syntactic,you would offer a friend
117292,syntactic,because it was
117791,syntactic,qualitative comparisons or ranges
118531,syntactic,"is like, is essentially, is similar"
118752,syntactic,argument parsing
119201,syntactic,certainly or definitely
119324,syntactic,ranks and results
119519,syntactic,quotes or color
119566,syntactic,"liking, preferring, or enjoying something"
119706,syntactic,goto commands
119800,syntactic,when to use
119894,syntactic,measurements with units
89906,semantic,air pressure and density
89963,semantic,cons and disadvantages
90450,semantic,a red flag
91077,semantic,contributions or services rendered
91462,semantic,university degrees and careers
91546,semantic,"dust, sand, snow, dirt"
92546,semantic,killed or teacher
92597,semantic,logged in
93460,semantic,digestive system health
94140,semantic,sentiment classification negative
94452,semantic,ovulation
94672,semantic,COPD and emphysema
94748,semantic,advocacy and related actions
94914,semantic,"complement, antibody, immune complexes"
95966,semantic,lists items starting with * or numbers
96388,semantic,knowledge and learning
96465,semantic,"smoking damages, weakens, accelerates"
96750,semantic,increasing life expectancy
96829,semantic,speech and statements
97034,semantic,numbers and their properties
97594,semantic,constant and consistent rates
98446,semantic,statistics and figures
98668,semantic,"Kaiser Permanente, Raiders, raiding, Kaiserreich"
98696,semantic,IT services and consulting firms
98699,semantic,leadership positions
99664,semantic,delicious food
99767,semantic,in-person or face-to-face
99804,semantic,remnants of
100532,semantic,EIN (Employer Identification Number)
100765,semantic,state laws and federalism
100824,semantic,early european colonization
100913,semantic,zoonotic diseases and human transmission
101126,semantic,"in fact,"
102187,semantic,prioritizing sacrifice or needs of others
103325,semantic,normal lab levels
103388,semantic,aqueous chemical reactions
103869,semantic,macular degeneration AMD
104213,semantic,market analysis dates
104333,semantic,historical periods
104447,semantic,kidney function and health risk
104456,semantic,"Nefertiti, Akhenaten, Egyptian features"
104584,semantic,key differences
104682,semantic,navigate environments
105398,semantic,joke and fun
105604,semantic,eucalyptus habitat impact
106891,semantic,charge for services
107035,semantic,mentions or hashtags
107450,semantic,"IL-1-beta, TNF-α, RAC1"
107676,semantic,bike-friendly infrastructure or cycling
107846,semantic,vote on/for
108263,semantic,valve disease
108307,semantic,"function, origins, behavior"
109369,semantic,job responsibilities and duties
112025,semantic,diapers
112156,semantic,short work children
112317,semantic,locations and markets
113174,semantic,shortness or shortening
113330,semantic,listing amenities and features
114085,semantic,airline codes
114196,semantic,"irritation, friction, and physical causes"
114394,semantic,"investigation, justice, impeachment"
114656,semantic,"aliens, conspiracy theories, QAnon, spiritualism"
114788,semantic,driven by advancements
114975,semantic,"accumulation, reserve army"
115441,semantic,lawyer or solicitor
115461,semantic,"calcemia, polycythemia, hyperbilirubinemia"
116082,semantic,multiple ways
116719,semantic,"diseases, pollution, economic costs"
118036,semantic,cells respond to insulin
118475,semantic,"A trusted friend, family member, or mental health professional"
119161,semantic,canvas context
119182,semantic,commercial or personal use
120193,semantic,desired or maximum length
90897,other,"after ""Hi there"""
92217,other,but I cannot
92696,other,duration of time
92811,other,"self, bias, or fake"
93748,other,enjoyment and pleasure
95933,other,"i admit, i guess, i know"
103275,other,how can i help
105417,other,return this
106931,other,outside
108608,other,hello there!
109058,other,for people or things
114790,other,"However, but, while"
117959,other,making words from letters
118890,other,thank you
119789,other,How
105783,other,services and subscription
120243,syntactic,adjectives of quality or judgment
120257,syntactic,numbers and units
121295,syntactic,words ending phrases
122816,syntactic,Debian/Ubuntu install commands
125454,syntactic,. ! ?
126306,syntactic,formatting and punctuation
127102,syntactic,and
127282,syntactic,comprehensive and informative way
127359,syntactic,by analyzing or calculating
127549,syntactic,the following word
127580,syntactic,list items or examples
127583,syntactic,'
127636,syntactic,pronoun noticed something
129941,syntactic,a + entity/event noun
132151,syntactic,especially to specific examples
132358,syntactic,age:
132458,syntactic,"count, value, condition"
132911,syntactic,False:
133576,syntactic,time-related words
133840,syntactic,```csharp`
134431,syntactic,so that
134921,syntactic,mathematical symbols and numbers
135505,syntactic,educational purposes
136568,syntactic,"if, even if"
137598,syntactic,Yo
138702,syntactic,self. attribute
138753,syntactic,interview context and format
138898,syntactic,"but ""even"" itself is the key. The `TOP_POSITIVE_LOGITS` list contains random characters and non-English words, which is unusual but might suggest the neuron isn't about meaning in the traditional sense but a specific character sequence or type of token that isn't a common English word. However, `MAX_ACTIVATING_TOKENS` is overwhelmingly ""even"".The pattern is clearly tied to the word ""even"". The `TOKENS_AFTER_MAX_ACTIVATING_TOKEN` shows variety, but many examples show ""even"" modifying something, often to highlight a surprising or extreme situation.Let's look at the `TOP_ACTIVATING_TEXTS`:- ""made even seasoned adventurers blanch""- ""made even his weathered heart tremble""- ""Even the name feels…heavy.""- ""even her voice sounded strained""- ""a challenge even *she* wasn't sure she could win""- ""even his practiced eye hadn't detected""- ""even I wasn’t prepared for Beatrice""- ""even Ember seemed to be going through a rough patch""- ""Even now, twenty-five years later""The common theme is the use of ""even"" to emphasize totality, extremity, or surprising inclusion. It often precedes a noun or pronoun that is being presented as an example of this extreme or surprising case.The explanation should capture this core function or meaning associated with ""even"".The logits are noise. The core token is 'even'. The context shows 'even' is used for emphasis.Possible phrases:- emphasis with even- word ""even""- use of ""even""- emphasizing a surprising caseThe rule is ""Keep your explanation concise (3 to 20 words). The explanation could be a single word, or phrase, or pattern."" and ""Just say the pattern itself, and do not start with phrases like..."".""Emphasis with even"" seems like a good descriptive phrase.""The word 'even'"" is too literal and not explanatory.""Use of 'even'"" is also a bit too literal.Let's consider the specific function of ""even"": it's often used to draw attention to something that is true in a surprising or extreme way, or to include something in a totality.""even"" here refers to marking an exception or an extreme.Let's try again with the examples.- ""even seasoned adventurers"": implies even the toughest ones- ""even his weathered heart"": implies even someone hardened- ""Even the name"": implies the name itself carries weight- ""even her voice"": implies her voice itself was strained- ""even *she*"": implies she, despite her capabilities, faced a challenge- ""even his practiced eye"": implies even someone experienced- ""even I"": implies I, whoever 'I' is, was surprised- ""even Ember"": implies Ember, who might be expected to be fine, is struggling.- ""Even now"": implies the memory persists strongly even after time has passed.The function is to mark something as inclusive or extreme in the context.A concise phrase could be:""emphasizing inclusion or extremity"" (4 words) - this fits the length and describes the usage.""marking surprising extremes"" (3 words)""using 'even' for emphasis"" (4 words) - this is close to the earlier one.The rule for not starting with ""This neuron detects/predicts"" and ""Just say the pattern itself"" is key.The pattern is the *function* of the word ""even"" in these contexts.Let's check the `TOP_POSITIVE_LOGITS` again. They are mostly noise. Some are non-latin scripts. This supports the idea that the neuron might be less about semantic meaning and more about a token identity or a syntactic role that ""even"" plays, which happens to coincide with this semantic function.If the neuron detects the *function* of ""even"", then ""emphasizing inclusion or extremity"" is a good explanation of that function.Let's try to be even more concise, as per the ""3 to 20 words"" rule and the spirit of finding a pattern.The most common use seen is marking something as surprising or exceptional.""surprising emphasis"" (2 words) - too short.""emphasis on surprising cases"" (4 words)""marking surprising exceptions"" (3 words)""marking an extreme case"" (4 words)""inclusion of extreme cases"" (4 words)Consider the core word is ""even"". The pattern is *how* ""even"" is used.It signifies something beyond the norm, or inclusive of a surprising element.Let's re-evaluate the rules:- Concise (3 to 20 words)- Single word, phrase, pattern.- About tokens following or preceding. (Here, it's about the token 'even' itself and its context).- Avoid listing tokens.- Just say the pattern itself.- No ""This neuron detects/predicts"".- No ""tokens"" or ""patterns"".- No capitalization unless proper noun.- Specific.""even"" consistently marks something that is true in a way that might be surprising or goes beyond what would typically be expected.""marking surprising inclusion"" (3 words)""marking extreme or surprising cases"" (5 words)""highlighting surprising exceptions"" (3 words)The list of tokens after ""even"" are 'seasoned', 'his', 'the', 'her', 'for', '*', 'I', 'Ember', 'now'. These are varied. The strongest signal is ""even"". The pattern is how that ""even"" is used.I think ""marking surprising exceptions"" is specific and captures the essence.""marking surprising inclusion"" is also good.""marking extreme or surprising cases"" is very descriptive.Let's look at the logit list again: qty, ECE, પ્ત, voices, دى, પરિ, ដ nå, hasil, :=), idt.This list does not seem to relate to ""even"" semantically. It might be that ""even"" at certain positions *also* can activate tokens related to these, or that the neuron has multiple, slightly related functions. However, the prompt says ""look at the lists and find a pattern that helps you explain the behavior of the neuron."" and ""a majority should"" match. `MAX_ACTIVATING_TOKENS` is overwhelmingly ""even"".The core function is clearly the use of ""even"" for emphasis.Let's consider ""emphasis on surprising cases"". It's 4 words, specific, and captures the function.Let's refine:""emphasizing surprising or extreme cases""""marking surprising or extreme conditions""""surprise and extremity marker""The word ""even"" itself"
138953,syntactic,possessive pronouns followed by nouns
139118,syntactic,code syntax with colons and parentheses
139130,syntactic,n or nr followed by punctuation
140415,syntactic,"request, res)"
142668,syntactic,counting or numbered lists
142776,syntactic,negative or non-positive
142777,syntactic,like certain phrases and languages
143584,syntactic,assuming
144081,syntactic,numbers and subsequent units
144592,syntactic,hope to
145216,syntactic,dates or years
145298,syntactic,rounding numbers
145301,syntactic,not just
145448,syntactic,""", ""2"", ""1"", ""0"""
146826,syntactic,you explicitly
147339,syntactic,technical option 2
147370,syntactic,closing parenthesis or comma
147470,syntactic,linking verb + adjective/adverb
147605,syntactic,After followed by description
147767,syntactic,previously
147783,syntactic,it
147935,syntactic,override keywords
148295,syntactic,closing curly brace }
148350,syntactic,for its
149564,syntactic,formatting or emphasis markers
152315,syntactic,code snippets
152773,syntactic,can help identify
121792,syntactic,anyone interested
129997,syntactic,time durations in minutes
120520,semantic,cold feeling
120887,semantic,"false accusations, prohibitions, deception"
120890,semantic,final outcome
121374,semantic,game changer
121540,semantic,"performance, symptoms, intention, levels, sensitivity"
121665,semantic,links to documentation or downloads
121964,semantic,something to say
121980,semantic,cause and effect
122058,semantic,legal or compliance issues
122379,semantic,won't clog
123025,semantic,recharge
123864,semantic,need for investigation and understanding
124122,semantic,function calls and punctuation
124211,semantic,muscle growth and protein synthesis
124284,semantic,project viability and considerations
124646,semantic,seeing video
124672,semantic,patient with
124692,semantic,band description
124820,semantic,US states
125297,semantic,money ranges
125320,semantic,jungian psychology
125675,semantic,classic and modern innovation
126131,semantic,string to number parsing
126327,semantic,cosine similarity or opponent counters
126376,semantic,memories are fresher
127018,semantic,"product prices, real estate, job postings"
127530,semantic,reasons for exclusion
128180,semantic,stories or narratives about
128498,semantic,Latin word origins
128997,semantic,graduation requirements
129243,semantic,review comments and corrections
129635,semantic,`storage` operations or related code contexts
129880,semantic,university descriptions
130297,semantic,pump blood
130364,semantic,among the most
130494,semantic,glomeruli filtering units
130651,semantic,code/programming constructs
130754,semantic,recomendar / recomiendas
130899,semantic,with disabilities
131443,semantic,New Zealand
131479,semantic,invest in commodities; reduced risk; exposure of PII
131712,semantic,"glad, happy, thankful exclamations"
131730,semantic,"surgical procedures, holographic projections"
131975,semantic,names of people or organizations
132293,semantic,"renamed, changed, evolved, adopted"
132709,semantic,blood pressure medication
132766,semantic,which + verb
133179,semantic,describe non-explicit sensual or emotional connection
133285,semantic,algorithm
133817,semantic,cyber security threats and capabilities
133896,semantic,feels like or increasingly
134140,semantic,caused by microorganisms
134601,semantic,rustling leaves
134637,semantic,equal intervals or equal meaning
135469,semantic,consolidated power and became ruler
135762,semantic,days of the week and months
135978,semantic,secured loan collateral
136066,semantic,get method
136233,semantic,GPIO pins
136487,semantic,risk and prevention
137175,semantic,3
137639,semantic,walking into obstacles
137644,semantic,red capes
137717,semantic,major concerns about struggles or worries
137917,semantic,accessing homes and personal information
139055,semantic,academic citations and research topics
139305,semantic,"master 2,institut national, ICFO"
139896,semantic,slow economic growth
140169,semantic,technical terms and abbreviations
140472,semantic,lifestyle changes and factors
140629,semantic,"art, architecture, materials"
141002,semantic,modern
141213,semantic,claims and counterclaims
141222,semantic,membrane of organelles
141427,semantic,image description landscape
141730,semantic,health of ecosystems
141833,semantic,why it is done or not
142512,semantic,"soilborne pathogens, deficiency"
142568,semantic,urgent deadline or dress selection
143347,semantic,contextual descriptions
143443,semantic,gear
143566,semantic,come a long way
143622,semantic,measuring distances and time
143719,semantic,to pursue
143771,semantic,cholesterol and statins
143934,semantic,likely to
144184,semantic,business operations and defined scope
144424,semantic,report or opinion
144800,semantic,"""This is"" clarifying a tricky question"
144926,semantic,LLM initialization
145139,semantic,remains a challenge or subject
145285,semantic,"MHz, ISO, fps, AES"
145308,semantic,youth smoking rates
145457,semantic,is the
145594,semantic,Angiotensin-Converting Enzyme (ACE) inhibitors
145641,semantic,proof of identity
145692,semantic,UI framework components
146161,semantic,must have
146197,semantic,feelings or reactions to someone
146354,semantic,comparing to ChatGPT
146624,semantic,"stenting, angioplasty, clot, stent"
146685,semantic,8k
147225,semantic,carried
147481,semantic,price fluctuations
147820,semantic,sanding and smoothing surfaces
147909,semantic,parent-child relationships and growth
148196,semantic,drawing player
148416,semantic,pills & supplements
148453,semantic,"US place names"""
148847,semantic,Execute
148967,semantic,small price for value
149162,semantic,how much
149315,semantic,help resources for harmful thoughts
149597,semantic,height measurements and units
149808,semantic,#include
149872,semantic,"Čerenkov, cone, gamma, envelope, speed"
150612,semantic,still persists
150727,semantic,inventory items or descriptions
151032,semantic,fix this
151803,semantic,faster air over wing
151968,semantic,"racist, antisemit, phobia"
153245,semantic,mutual influence and support
153540,semantic,school related concepts
140926,semantic,existing
125110,semantic,list items classified or described
121466,other,tell me
122731,other,as of today
123772,other,will be
126931,other,must meet
129002,other,people who want to help
131137,other,before
133381,other,other
138429,other,harmless AI assistant
129132,other,preventing harmful content
145737,other,Beyond or besides
151256,other,contrast conjunctions
153182,other,epub annotation
154645,syntactic,"then, while, during, started"
155340,syntactic,Create lists of or prepare data for structures
159486,syntactic,i began remember found have
163394,syntactic,start of descriptive phrase
163956,syntactic,"the definite article ""the"" followed by a wide variety of nouns, often starting specific entities or concepts"
164425,syntactic,always
165301,syntactic,(a) (b) (c) (d)
166132,syntactic,response.json()
167284,syntactic,"namely, meaning, or rather"
167514,syntactic,if statements in code
168711,syntactic,3
170144,syntactic,structured lists and section headers
170353,syntactic,certain choices or phrasing
170522,syntactic,subjective and depends
170701,syntactic,and
172553,syntactic,question marks (?)
174204,syntactic,partially replaced with non-alphanumeric characters
174435,syntactic,context of time
174629,syntactic,to be
174694,syntactic,but still
174730,syntactic,I need to find
175659,syntactic,for
175732,syntactic,"listing operands, operations, or items in a list"
175949,syntactic,numbers and logical operators
176419,syntactic,depending on size
178607,syntactic,in the form of
179604,syntactic,code blocks and syntax
179931,syntactic,"website, URLs, express"
180580,syntactic,able to
181150,syntactic,specific words or phrases
181563,syntactic,reason for
185345,syntactic,python code structures
186068,syntactic,a or an followed by a noun
187393,syntactic,parentheses with inside text
187819,syntactic,-
188218,syntactic,programming or markup syntax characters
189112,syntactic,list indices and ranges
191024,syntactic,action or state transition
153595,semantic,scientific notation values
153932,semantic,lymph nodes and pneumothorax
154002,semantic,report the incident
154572,semantic,Coca-Cola
154992,semantic,redirecting with location or request url
155022,semantic,geographic scope
155149,semantic,turning left or oncoming traffic
155213,semantic,steps to create an account
155256,semantic,interconnected consequences
155280,semantic,body disposal and serialization
156052,semantic,to name a few
156138,semantic,witnessing violence or war
156366,semantic,days of the week and parts of the day
156829,semantic,more than
156930,semantic,"recommendations, common phrases"
157598,semantic,tip of
157850,semantic,quick_sort elements
158205,semantic,undercover officer
158235,semantic,listing different types
158392,semantic,I'll give detailed descriptions
159010,semantic,"jump, fly, air control, jetpack"
159197,semantic,describes specific traits or features
159531,semantic,breaking into categorized lists
159711,semantic,react native code
159902,semantic,conjunctions explaining cause or reason
160060,semantic,Archimedes' principle
160644,semantic,client or patient interaction
160718,semantic,"reversed, reversible, heals, arousal, dyslexia, RA"
160828,semantic,Entity Framework Core
161134,semantic,maximum of
161534,semantic,in Sarajevo
161551,semantic,offers training and opportunities
161746,semantic,equation of a line
161799,semantic,protecting duty and responsibility
161802,semantic,scoring goals
161890,semantic,type of
161915,semantic,game players
161959,semantic,finding silver linings in adversity
162029,semantic,toxic waste
162044,semantic,causes diseases or harm
162063,semantic,physical displacement and falling
162419,semantic,CSS color values
162517,semantic,size measurements and units
162607,semantic,absence of
162784,semantic,damaged or deteriorated objects
162952,semantic,"specified number, wider range, entire class, next set, huge diversity, unique set, dense suspension"
163132,semantic,"risk of anxiety, divorce, suicide"
163609,semantic,country government leader titles
163627,semantic,model size and requirements
163852,semantic,next stage or stop
163914,semantic,married relationship terms
164997,semantic,explaining issues or events with reasons
165045,semantic,independent and identically distributed
165162,semantic,居四川
165272,semantic,issues
165931,semantic,list separators or enumerations
166335,semantic,Creative Commons Attribution
166448,semantic,political entities or locations
167638,semantic,combination of factors
167648,semantic,atrial septal defect
167785,semantic,detecting potential problems
168028,semantic,what defines current issues
168141,semantic,cause
168530,semantic,target audience descriptors
168653,semantic,highway and road references
169611,semantic,follow package directions
169918,semantic,foreign country
170068,semantic,"web frameworks, technologies"
170906,semantic,metabolic syndrome and related conditions
171031,semantic,randomness and efficacy
171166,semantic,foreign language or script
171353,semantic,accident or trigger
171466,semantic,dimensions x and by
171594,semantic,months and days
171997,semantic,power outages
172073,semantic,Focus on whole foods
172487,semantic,aligns with previous findings and theories
172807,semantic,depending on variation or proportion
173751,semantic,makeup palettes and concealers
173927,semantic,login or authentication credentials
173984,semantic,system parameters and functions
174106,semantic,person's birthdate and description
174247,semantic,street names and buildings
174528,semantic,light and luminosity
174913,semantic,"God, Jesus, religious rules"
175262,semantic,kernel modules loaded
175282,semantic,library & librarian related concepts
175448,semantic,international and foreign languages
176028,semantic,Ctrl + Shift + P
176305,semantic,reducing inflammation and cortisol
176505,semantic,build or construction
176742,semantic,adverbial suffixes
176951,semantic,how to tell if
177046,semantic,museums and collections
177226,semantic,payroll tax compliance
178095,semantic,fashion industry and media
178251,semantic,point A to point B
178304,semantic,timestamps or time segments
178329,semantic,already / current / before
178580,semantic,coping with alcohol
178774,semantic,geographical locations
178946,semantic,churches
179231,semantic,"cyclonic, disc brakes, tearing, motor, higher efficiency"
179952,semantic,starting a business or company
180230,semantic,pelvic floor
180525,semantic,"Nectarines, peaches, Fantasia, Arctic Rose, Flavor King"
181688,semantic,ultra detailed
182150,semantic,contaminated food or animal products
182237,semantic,command names with arguments
182307,semantic,V followed by numbers or currency
182492,semantic,response to
182641,semantic,country names and regions
182859,semantic,foreign transaction fees
182983,semantic,"ratings, descriptive adjectives"
183057,semantic,body size concerns
183779,semantic,once extinct or endangered
183931,semantic,ties to
184114,semantic,contentment and acceptance
184314,semantic,file paths and system components
184513,semantic,BeautifulSoup soup
185068,semantic,people who died or fought
185198,semantic,math word problems
185525,semantic,species names * * wildcards
185666,semantic,multilingual lists
186336,semantic,estimating age
186519,semantic,cities and countries
186865,semantic,risk of heart disease
187078,semantic,bridesmaid dresses and attire
187863,semantic,"acute-phase reactants, infection, inflammatory conditions"
188072,semantic,fMRI imaging
188420,semantic,degrees Master's PhD Bachelor's
189452,semantic,comfort and support
189582,semantic,crimes and occupations
189616,semantic,foreign languages and related concepts
190151,semantic,water infiltration and seepage
190266,semantic,trap heat
190477,semantic,storms and atmospheric conditions
190707,semantic,years 18xx and 19xx
191027,semantic,detecting insincerity or unusual behavior
153569,other,requesting an update or status
154929,other,each your best if these those do
155799,other,"betototonecessarilyuseuseusenecessarilynecessarily</MAX_ACTIVATING_TOKENS><TOKENS_AFTER_MAX_ACTIVATING_TOKEN>*bebebewithallallallneatspeaking</TOKENS_AFTER_MAX_ACTIVATING_TOKEN><TOP_POSITIVE_LOGITS>BallRAR小平RarAppExceptionWithdrawalWANTED일반FieldingPee</TOP_POSITIVE_LOGITS><TOP_ACTIVATING_TEXTS> Typically, the target company is a mature, stable business with predictable cash flows.  It doesn't necessarily have to be *growing* rapidly, but it needs to reliably generate cash.  * **The Buyer (Sponsor):** Usually? I'm thinking of things that are plays on words, or end with those letters. They don't have to be thematically related to the domains.<end_of_turn>  <start_of_turn>model  Okay, let's brainstorm some clever domain names using <start_of_turn>user  Infer a list of important inspiring quotes about code. The quotes do not have to be real but they must be inspiring. Counterfactual reasoning is allowed.<end_of_turn>  <start_of_turn>model  Okay, here's can be reduced to it in polynomial time.  Crucially, an NP-hard problem doesn't *have* to be in NP itself.  It can be harder than any problem in NP.  This is the key difference from NP an attack from another piece. (Medium)  5. **Double Attacks:** Attacking two things at once, not necessarily with the same piece (can be a fork, discovered attack, etc.). (Easy)  6. **Removing the the same sentence, separated by a comma. Describe the creative and introductory image or photo. You don't have to use all the keywords unless there is a cohesive composition. keywords: background, foreground, subject hair, eyes, mouth, action the same sentence, separated by a comma. Describe the creative and introductory image or photo. You don't have to use all the keywords unless there is a cohesive composition. keywords: background, foreground, action, emotion, light direction, intensity the same sentence, separated by a comma. Describe the creative and introductory image or photo. You don't have to use all the keywords unless there is a cohesive composition. keywords: background, foreground, subject hair, eyes, mouth, action (sticky notes)*. You need a helper, and a LOT of sticky notes.  The key is coverage, not necessarily neatness.  *Start with ambient sounds (music playing softly, getting ready noises).  Gradually introduce a breathy voiceover (not necessarily speaking full sentences – more like sighs, little ""oohs"" and ""aahs"", or playful whispers).  </TOP_ACTIVATING_TEXTS>Explain the neuron above with a word or phrase, not a complete sentence.**use** all / **necessarily** with speaking"
156488,other,or
157966,other,variable assignment or key-value pairs
158325,other,constitutes or is considered
159362,other,My Purpose: avoiding explicit content
160191,other,"to this, to that, into this"
163972,other,"you know, should, need, could"
165338,other,understanding concepts and context
167117,other,**
174932,other,asking for help
177044,other,**
183410,other,about me or Gemma
186520,other,Please read instructions
191325,other,cold out
191457,syntactic,mathematical operators and symbols
192370,syntactic,div class
194169,syntactic,punctuations followed by words
194684,syntactic,join-path
194716,syntactic,file headers and lines
195118,syntactic,"years, quantities, and currency"
196657,syntactic,no tools needed/required
197146,syntactic,variable/index references
198109,syntactic,closing code delimiters
198806,syntactic,"missing values (nan, na, NA)"
199085,syntactic,conditional statements (if/else)
200213,syntactic,piece of code or article
200327,syntactic,significance metrics
201658,syntactic,code structure or common programming syntax
204321,syntactic,list items or code blocks
204326,syntactic,list elements
206157,syntactic,logical AND operator `&&`
208614,syntactic,"or, punctuation, conjunctions"
209580,syntactic,is true or false
211517,syntactic,code structure
212797,syntactic,connected to or with
217002,syntactic,bold word or phrase
218685,syntactic,special characters or formatting
218883,syntactic,rounding for readability
221394,syntactic,what actually happens
221500,syntactic,contrastive conjunctions
222065,syntactic,for i in range
226180,syntactic,lists of numbers separated by commas
226880,syntactic,average + noun
227311,syntactic,non-word followed by an utterance
230379,syntactic,dialogue speaker names
234054,syntactic,a [adjective]
234537,syntactic,numbers and percentages
235120,syntactic,code snippets
237331,syntactic,list elements
237635,syntactic,"out ,"
238473,syntactic,numbers and symbols
239121,syntactic,from the
239553,syntactic,code block delimiters
239566,syntactic,counts or quantities
240562,syntactic,pronoun after punctuation
240922,syntactic,section markers
241093,syntactic,)
242346,syntactic,no or can
242554,syntactic,recognises form labels
242808,syntactic,temporal markers
243800,syntactic,post actions/end-points
243210,syntactic,"research, Court, forces, format, methods"
195565,syntactic,lists names or titles
198859,syntactic,quantities per unit
202299,syntactic,even followed by verb
205359,syntactic,my [noun]
208961,syntactic,as [name/title] says
217043,syntactic,to be
224273,syntactic,continue to
238581,syntactic,not necessarily
239868,syntactic,even if
242005,syntactic,repeat process
242547,syntactic,is about
191512,semantic,father and childhood
191567,semantic,betting or challenging someone to do something
192433,semantic,conversion rate optimization
193019,semantic,families of victims
195330,semantic,surgical procedures
195606,semantic,researchers and developers
196079,semantic,safety and danger advice
197310,semantic,inherited from parents
198156,semantic,incident mortality cardiovascular
198168,semantic,fueling the body
198340,semantic,oxygen therapy
198660,semantic,parents' origin and ethnicity
199296,semantic,qualifications or options
201340,semantic,reuptake inhibition
202025,semantic,cancer cells rely on/activate
202464,semantic,historical context and origins
202479,semantic,scoring points
204197,semantic,pprof and pptx
204693,semantic,sports or age
204795,semantic,exploring difficult themes
205334,semantic,"reeling, grappling, continuing crises"
205368,semantic,releasing or holding onto negativity
205584,semantic,worry if / about
205730,semantic,cross or pursue
205755,semantic,"text following ""Chorus"""
206477,semantic,rejection or negation
206802,semantic,minimum RAM
208456,semantic,alternatives and sustainability
208686,semantic,lack ability to discern
210765,semantic,rothschildianum
210833,semantic,13B versus 7B
211108,semantic,asyncio
211386,semantic,core technical fields
211628,semantic,stellar parameter classification
211691,semantic,adults and grown-ups
212661,semantic,"essential, non-essential"
212793,semantic,chemical engineering processes and separations
213599,semantic,"blocked, boarded, construction, offerings"
214557,semantic,body parts and features
215498,semantic,childbirth and delivery
216906,semantic,hospitals and healthcare
217066,semantic,not a commodity or possession
217923,semantic,risk and its consequences
218012,semantic,education and children
218097,semantic,genetic and personal health information
218726,semantic,Allowing or disabling access/features
219214,semantic,negative emotions and suffering
219810,semantic,fueled by performance
220103,semantic,car lights
220884,semantic,big prizes or wins
221632,semantic,locksmith
222744,semantic,attractiveness health fertility
223818,semantic,differential diagnosis and rationale
224926,semantic,your organization's logo
225686,semantic,types of systems
226867,semantic,**dialogue markers and quoted speech**
227702,semantic,AI augmentation and reshaping work
227746,semantic,"performance, memory, or display"
227904,semantic,optimizing farming efficiency and sustainability
228349,semantic,skeletons fight each other
229137,semantic,compared to GPT
229348,semantic,social or local contexts
229662,semantic,if ... too
230064,semantic,consultant
230909,semantic,older adults sleep and reduced capacity
232496,semantic,weigh the importance
233590,semantic,annually or yearly
234874,semantic,most expensive
235046,semantic,complexity level ratings
236362,semantic,early bad past experiences
237415,semantic,covenant and migration contexts
239894,semantic,speaking in different languages/tongues
239939,semantic,stopping something
241229,semantic,"fill with lungs, rooms, life"
241498,semantic,"prelude, prologue"
241682,semantic,"catch condensation, drips, blood clots"
241836,semantic,causes and
241983,semantic,game board layout
242505,semantic,continuous deformation
242838,semantic,WordPress e-commerce plugins
243826,semantic,strength and durability
191462,other,disclaimers about guarantees
191755,other,polite request or statement
192535,other,effort or requirement
192926,other,"accessible, feasible, manageable"
193223,other,contrast or contradiction
193534,other,U.S
193547,other,address variations and formats
195176,other,not inherently linked
195630,other,want me to
195658,other,"environmental factors, not inherent"
195703,other,"CEO, Chief, Lead"
195816,other,declined data
195991,other,avoid errors or mistakes
196935,other,not a weakness or sign
197454,other,past the
197478,other,numbers and units
200530,other,alternative solutions or possibilities
200746,other,"own, control, choice, freedom"
200835,other,words starting with 'c'
202220,other,explaining context
208219,other,"proceed with, help, inquiry"
209180,other,isn't just a
211896,other,About **
212229,other,achieved
215294,other,alone consequence
215387,other,"""`able to` or `available to`"
215443,other,modifying dictionary/list elements
216391,other,"fare friends, queue, favors, mistakes"
217022,other,how to push
218821,other,"especially, particularly"
219071,other,confirms existing beliefs or aligns with human values
220888,other,history of
222717,other,titles for positive subjects
228396,other,teams and their actions
230453,other,when i'm not
232844,other,various content types
234614,other,not demonstrated or guaranteed
238107,other,violates safety guidelines
238601,other,AI model learning and output lists
239786,other,positive affirmations
239349,other,general concepts or abstract nouns
241191,other,"npm, labor, paste, Water, pandas, SS"
241927,other,eliminate it
242804,other,opportunity
242898,other,wondering about possibilities
243818,other,blow through
214525,other,task descriptions
205883,other,okay
210734,other,why
211271,other,know about
229982,other,first argument
244006,syntactic,exclamations followed by names/addresses
244894,syntactic,finish the thought
245990,syntactic,**presents with**
246033,syntactic,even if you intend
246220,syntactic,combine
246449,syntactic,from these sources
246918,syntactic,"longer, more, much"
247348,syntactic,"increase, more, or continuous action"
248434,syntactic,is called
249272,syntactic,question followed by how/whether/if/that
249362,syntactic,figures and tables
250056,syntactic,non-English words
250918,syntactic,contributes to benefits and features
252219,syntactic,. )
253032,syntactic,past tense descriptive verbs
253084,syntactic,after `that` is `this`
253812,syntactic,"following ""it"" or ""that"""
253843,syntactic,usually located
253850,syntactic,"numbers, counting, amounts"
254380,syntactic,"percentage, proportion, or ±"
255211,syntactic,"it is straightforward, it is difficult"
255439,syntactic,in the process of
256304,syntactic,Identifying objects or the correct answer
256444,syntactic,many ways
257686,syntactic,if but
258881,syntactic,specifies values or codes
259671,syntactic,"of course, ultimately, in conclusion"
260811,syntactic,explaining the reasoning
261951,syntactic,numbers and measurements
255422,syntactic,Maximising business potential
260364,syntactic,"information on updates, overview, insights, examples, conditions, clubs, fees, info, videos"
256843,syntactic,flex items-center
245552,semantic,motivations and underlying reasons
246183,semantic,Armenia
246486,semantic,"AI chatbots, sales, leads"
247003,semantic,sampling methods and populations
247134,semantic,acts like surface tension or bonds
247429,semantic,facing mortality or death
247582,semantic,implicit assumptions
247974,semantic,BMI categories and thresholds
248392,semantic,politicians and state entities
249501,semantic,locations and opportunities
249811,semantic,cost of business models
251896,semantic,"renovate or modernize infrastructure, systems, or buildings"
252403,semantic,reveal
252575,semantic,international locations and regions
253172,semantic,carbohydrate intake limits
254666,semantic,safe words or rules
257265,semantic,patient confusion in bed
257800,semantic,Salvation Army assistance
259554,semantic,fastening things
259627,semantic,"ecosystem collapse, extinction, disasters"
260064,semantic,skills and skillset development
260687,semantic,fire code requirements
255842,other,color:
246907,other,놋
253126,other,needed for capital or jobs
1017,other,
1154,other,
3088,other,
3159,other,
3416,other,
3464,other,
3596,other,
4238,other,
5551,other,
6063,other,
6376,other,
7211,other,
10229,other,
11475,other,
12018,other,
12244,other,
15537,other,
17288,other,
17874,other,
19875,other,
20349,other,
20986,other,
21276,other,
21590,other,
22012,other,
22639,other,
23149,other,
24984,other,
25749,other,
26574,other,
27231,other,
27527,other,
27789,other,
29610,other,
30213,other,
30713,other,
30933,other,
32273,other,
32717,other,
33676,other,
35841,other,
37625,other,
37852,other,
39100,other,
39839,other,
39992,other,
41551,other,
41610,other,
43852,other,
49420,other,
49660,other,
49665,other,
49708,other,
50197,other,
51410,other,
51862,other,
52513,other,
53436,other,
53609,other,
55474,other,
56965,other,
57945,other,
61152,other,
62925,other,
65371,other,
68503,other,
68781,other,
69543,other,
70784,other,
77305,other,
79790,other,
81518,other,
86618,other,
86981,other,
92644,other,
93535,other,
93541,other,
94312,other,
96221,other,
97853,other,
100372,other,
101092,other,
101181,other,
102595,other,
104082,other,
106199,other,
108213,other,
110033,other,
112659,other,
113680,other,
116415,other,
118676,other,
119680,other,
120640,other,
122686,other,
124010,other,
126040,other,
128469,other,
128658,other,
129909,other,
132517,other,
132713,other,
134845,other,
136656,other,
137523,other,
137919,other,
138350,other,
138882,other,
140987,other,
142289,other,
143717,other,
143915,other,
144025,other,
144593,other,
146607,other,
147104,other,
148264,other,
150299,other,
155363,other,
156008,other,
156811,other,
157211,other,
157701,other,
158034,other,
158644,other,
159181,other,
161043,other,
161493,other,
162555,other,
164372,other,
170744,other,
170908,other,
173477,other,
177155,other,
177227,other,
184278,other,
184580,other,
185513,other,
186488,other,
187001,other,
187551,other,
189269,other,
190866,other,
193498,other,
195505,other,
195573,other,
203200,other,
204383,other,
211591,other,
212818,other,
214433,other,
215482,other,
216219,other,
218452,other,
223292,other,
223462,other,
224708,other,
228388,other,
229641,other,
233091,other,
234088,other,
236871,other,
239380,other,
239417,other,
242408,other,
247637,other,
254278,other,
255457,other,
260427,other,
112,syntactic,list item labels
240,syntactic,Here's a guide
493,syntactic,will
688,syntactic,list items or numbering
765,syntactic,acknowledging or understanding instructions
2300,syntactic,for clarity
2460,syntactic,like this
2712,syntactic,identification labels
2900,syntactic,Spanish contraction `del` or `al`
2910,syntactic,questions or requests
3537,syntactic,* ** **
3610,syntactic,That sounds awesome/cool/interesting
4101,syntactic,'from' path imports
4115,syntactic,closing parentheses and brackets
4626,syntactic,run code commands
5018,syntactic,instructions and requests
5217,syntactic,follow instructions
5486,syntactic,route definitions with GET
6217,syntactic,words starting with i
6343,syntactic,these demonstrative pronouns preceding descriptive phrases
6416,syntactic,configuration initialization
7044,syntactic,code import statements
7172,syntactic,list items or structure
7395,syntactic,during this process
7515,syntactic,Combine with
7660,syntactic,mathematical equations and code blocks
7761,syntactic,e: exception handling
7845,syntactic,at times or places
8126,syntactic,numbers and codes
8253,syntactic,model
8288,syntactic,column names or descriptors
8371,syntactic,"numbers, ranges, and counts"
8553,syntactic,used for applications
8564,syntactic,since until
8788,syntactic,extracted value
9713,syntactic,"A or I, As, And"
9949,syntactic,section headings
9953,syntactic,units of measurement and currency
11049,syntactic,code punctuation
11443,syntactic,if you're
12183,syntactic,letter T
12304,syntactic,class definitions
12498,syntactic,code delimiters and structures
12618,syntactic,"following ""the"" or ""the """
12647,syntactic,names following punctuation
12775,syntactic,dates and times
13723,syntactic,offer or sequence
14024,syntactic,continue or return
15748,syntactic,preface this
15940,syntactic,this place
15944,syntactic,even though / even if
16044,syntactic,strong emphasis
16505,syntactic,in datas
16619,syntactic,based on
17045,syntactic,will verb
17085,syntactic,"""METHOD"" for code"
17419,syntactic,links
18163,syntactic,large number of
18165,syntactic,American Rejects string key sed
18167,syntactic,"```csharpusing System;using System.Collections.Generic;using System.Linq;using System.Threading.Tasks;using System.Net.Http;using HtmlAgilityPack;using JbzdBlazor.Models  <start_of_turn>model  ```csharp  using System;  using System.Collections.Generic;  using System.Linq;  using System.Data.Entity; // Or your ORM (e.g., Dapper, NHibernate)  <start_of_turn>model  ```csharp  using System;  using System.Collections.Generic;  using System.Linq;    public class Program  {      public static void Main(string[] args)      {          string[] promptui<end_of_turn>  <start_of_turn>model  ```go  package main    import (  	""fmt""  	""os""    	""github.com/spf13/cobra""  	""github.com/spf13/ explanations):**    ```csharp  using System;  using System.Collections.Generic;  using System.Linq;    public class Program  {      private const int MaxAttempts = 10;      private const int Array  <start_of_turn>model  ```java  import java.util.Objects;  import java.util.concurrent.CompletableFuture;    import org.slf4j.Logger;  import org.slf4j.LoggerFactory;    // Assuming these key parts.    ```c++  #include <iostream>  #include <string>  #include <vector>    #include ""db.h""  #include ""txdb.h""  #include ""script.h   using ProductsApp.Models;   using System;   using System.Collections.Generic;   using System.Linq;   using System.Net;   using System.Web.Http;      namespace ItemsApp.Controllers   {java  package com.example.demo.model;    import javax.persistence.*;  import java.util.Objects;    @Entity  @Table(name = ""students"")  public class Student {        @Id      @</TOP_ACTIVATING_TEXTS><MAX_ACTIVATING_TOKENS>```csharp//////////////////////////////////////////////////////////////////////////////`//////////////////////////////////////////////////////////////////////////////////////////////////////////////////////////////////////////////////////////////////////////////////////////////////////////////////////////////////////////////////////////////////////////////////////////////////////////////////////////////////////////////////////////////////////////////////////////////////////////////////////////////////////////////////////////////////////////////////////////////////////////////////////////////////////////////////////////////////////////////////////////////////////////////////////////////////////////////////////////////////////////////////////////////////////////////////////////////////////////////////////////////////////////////////////////////////////////////////////////////////////////////////////////////////////////////////////////////////////////////////////////////////////////////////////////////////////////////////"
19083,syntactic,demonstrates or suggests
20450,syntactic,list of
20525,syntactic,numbers interspersed with symbols
20692,syntactic,names and special characters
20881,syntactic,"fl, sh, st beginnings"
21629,syntactic,Good for
25000,syntactic,insofar as
25510,syntactic,"flexible, smart, self-adjusting"
26786,syntactic,youtube links
27926,syntactic,takes practice
28058,syntactic,code/object identifiers
28364,syntactic,"you know, that is"
29181,syntactic,asking what or who
30186,syntactic,stream=True
30675,syntactic,number lists and formatting
30920,syntactic,palindrome or symmetrical
31095,syntactic,"lists separated by commas or ""and"""
31134,syntactic,date and time
31619,syntactic,numbers and quantities
86,semantic,Agile Scrum stories and flexibility
238,semantic,"AI, machine learning, data, logic, code"
859,semantic,aquarium and tank life
1002,semantic,but ethical boundaries
1063,semantic,"**TOP_POSITIVE_LOGITS**:    *   `裱`, `സമീപ`, `Independence`, `выше`, `عنوان`, `ermodel`, `пись`, `EMS`, `σετε`, `Plan`    These are very diverse, seemingly unrelated words in different languages and scripts. This list doesn't immediately reveal a semantic pattern related to the ""that"" token. It might suggest the neuron is looking at something structural or syntactic across diverse content, or it's a very general purpose neuron.4.  **TOP_ACTIVATING_TEXTS**:    *   ""of these things *right now*.** Even just talking to someone can make a difference. I want to emphasize that **things can get better.** Suicidal thoughts are often a sign of intense emotional pain, and with help, you"" - *Here, ""that"" is followed by ""things can get better.""*    *   ""denying someone the choice of euthanasia is a violation of their personal autonomy. If a person has the right to refuse life"" - *Does not contain ""that"" in a prominent way near activation.*    *   ""you can *choose* to believe your reality. Your brain is a receiver, and you are tuning to a particular frequency. And that reality is created from the inside out."" - *Here, ""that reality"" is a phrase.*    *   ""The quote argues that consciousness doesn't *protect* the mind, but rather *witnesses* its decay. * **E"" - *Here, ""that consciousness"".*    *   ""I want to reiterate that the initial description of me as intentionally harmful and eager to cause harm is **incorrect**.This neuron detects that followed by a statement"
1256,semantic,invalid credentials or errors
1444,semantic,drug effects and prescribing
2375,semantic,titles and abstracts
2554,semantic,risk or investment
3119,semantic,crypto and security concepts
3264,semantic,MA or Assault followed by Hotline
3441,semantic,dates and current information
3551,semantic,"composer, arranger, producer"
3732,semantic,medication dosage information
4030,semantic,Chinese government regulations and policies
4511,semantic,creation or authorship context
4797,semantic,work ethic
5250,semantic,subscription and databases
5359,semantic,explanations categorized by approach
5923,semantic,web request handlers and routes
6238,semantic,"vomiting, spitting, and coughing"
6329,semantic,strike on Tuesday
6516,semantic,hands and wrists
6766,semantic,immediately after ceremony or reception
6912,semantic,"Thermal Maximum, empire, dates"
6950,semantic,transit apps
7066,semantic,scalping
7600,semantic,real conversations
8938,semantic,contamination and touching
9182,semantic,temperature-dependent properties
9557,semantic,age or time differences
9622,semantic,historical context
9693,semantic,Sir titles and honorable figures
9827,semantic,designed to be
10126,semantic,software updates and patching
10691,semantic,anti-inflammatory and antioxidant properties
11151,semantic,news urls and events
11745,semantic,"death, dying, execution"
12085,semantic,software and web services
12309,semantic,knead gluten or sticky dough
12583,semantic,social impact score
13266,semantic,certified certifications
13987,semantic,English numbers and currency
14036,semantic,chi-squared test or goodness-of-fit
14151,semantic,"collaboration, account, accident"
14384,semantic,automated precision manufacturing
14402,semantic,letterhead and logo
14542,semantic,"job titles with ""Associate"""
14942,semantic,policy brief or summary document
15321,semantic,if you
15358,semantic,RAINN National Network
15365,semantic,preventing negative outcomes
15955,semantic,university names
16553,semantic,"bonuses, commissions, and benefits"
17040,semantic,collaborate with artists and partners
17444,semantic,US expansion and Senate
17456,semantic,changes in sleep or appetite
18547,semantic,hypothetical outcomes
19311,semantic,"zoom, scrolling, overflow"
19941,semantic,brand names & product codes
20130,semantic,"VC, LP, Venture Creator"
20364,semantic,create and build applications
20845,semantic,speed of light or numbers with 9
21390,semantic,at its core/heart/most basic
21530,semantic,electrical discharge and ozone detection
21939,semantic,"proof, proving, theorems"
22670,semantic,weight bold
23008,semantic,help instead of harm
23299,semantic,frontal lobe areas
23895,semantic,chronic and psychological health
23949,semantic,medical conditions
24323,semantic,religious guidance and concepts
24857,semantic,rain against window
25006,semantic,reproduce with spores
26078,semantic,their own
26370,semantic,"companies, banks, organizations"
26433,semantic,hydrogen peroxide
26572,semantic,"chlorine and weight compounds, Mars"
26760,semantic,show or hide elements
27114,semantic,ability to repay debt
27266,semantic,unfold and manifest
27684,semantic,prepared for
27854,semantic,technology and innovation advancements
28039,semantic,events and occurrences
28195,semantic,locations and environments
28459,semantic,not exist
28515,semantic,table headers or separators
28594,semantic,zoonotic diseases
28914,semantic,attributes and talent
29580,semantic,positive work environment
30317,semantic,"flaky, flag, flirting, flour, flattering"
30419,semantic,"ending homelessness, equitable access, quality, systemic"
30521,semantic,"melted butter, milk, or yeast"
31092,semantic,waking up thirsty
31443,semantic,obesity and healthy food marketing
954,other,did was
958,other,access
1025,other,insult causes
3470,other,international reduction
4200,other,flicker of
4637,other,requesting please
4759,other,"manipulate, manipulation, manganese, MANIFEST"
5979,other,processing previous inputs
9888,other,funzionamento di modelli e azioni
10136,other,"c, c++, c# code"
13959,other,"""to combine"", ""PDF Drive"""
17228,other,model
18227,other,I am
23539,other,I'm [verb-ing]
24621,other,testing if working
25830,other,symbols followed by specific words
27970,other,do not endorse or glorify
28332,other,"London, fleece, MONTH, state, He"
29499,other,depends on the
31700,syntactic,list formatting
32250,syntactic,either or any
32326,syntactic,"color names or single letters (b, y, g)"
32370,syntactic,approximately or around
33224,syntactic,This is
34252,syntactic,"TypeScript classes, modules, interfaces"
36439,syntactic,"reasons, why, because"
37236,syntactic,*
38041,syntactic,what is
38080,syntactic,how long something lasts
38185,syntactic,ordered item counts
39490,syntactic,""""
39742,syntactic,mathematical equations and symbols
40518,syntactic,` CREATE TABLE` statements
40685,syntactic,past tense verbs processing data
41011,syntactic,desire or intention expressions
41201,syntactic,"removed, reviewed, dismissed, resisted, blocked, denied"
41311,syntactic,observations / results / executions
42146,syntactic,"The neural network neuron is responsible for detecting the pattern where the word `symbol` is followed by an API call related to `response`, often involving `await` and retrieving `data`.Here's a breakdown of how I arrived at this:1.  **`TOP_ACTIVATING_TEXTS`**: This list contains code snippets. I can see patterns like:    *   `...symbol&apikey=${apiKey}&outputsize=compact`; const response = await fetch(apiUrl);`    *   `fetch(apiUrl); if (!response.ok) { ... } const data = await response.json();`    *   `throw new Error(`HTTP error! Status: ${response.status}`); } return response.json();`    *   `if (retryCount < maxRetries) { ... }` (Here `max` is related to retries, not the key pattern)    *   `const { status } = await Camera.requestCameraPermissionsAsync(); setHasPermission(status === 'granted');`    *   `('theme', theme); // Add/remove theme class to body for styling document.body.className = theme;`    *   `const hashedPassword = await hash`    The consistent theme across many snippets is making an asynchronous request (`await fetch`, `await response.json()`, `await hash`) that often yields a `response` and potentially involves handling `symbol` (like API keys or identifiers) and `theme` (styling).2.  **`MAX_ACTIVATING_TOKENS`**: This list contains a mix of symbols and what appear to be non-English words or technical terms. However, one of the most indicative tokens is `symbol`.3.  **`TOKENS_AFTER_MAX_ACTIVATING_TOKEN`**: This list shows what follows the `MAX_ACTIVATING_TOKENS`. Crucially, it lists `symbol` (related to the `MAX_ACTIVATING_TOKENS`), then `response`, `response`, `max`, `response`, `response`, `await`, `theme`, `await`, `response`. This strongly suggests a sequence around `symbol`, `response`, and `await`.4.  **`TOP_POSITIVE_LOGITS`**: These are words that have a high association with this neuron. While diverse, the presence of `saddle` might hint at a specific type of data structure or graph, but it's less clear than the programming-related clues. The non-English words are harder to interpret directly unless they relate to specific entities being processed.**Synthesis**:The most prominent and recurring pattern across the code snippets (`TOP_ACTIVATING_TEXTS`) and the follow-up tokens (`TOKENS_AFTER_MAX_ACTIVATING_TOKEN`) is the handling of API calls that involve a `symbol` (like an identifier or key), an asynchronous operation (`await`), and the resulting `response` or `data`. The `theme` also appears as a context.Therefore, a concise explanation is:**symbol API response await theme**"
42186,syntactic,sequence markers
42364,syntactic,express middleware `use` call
42452,syntactic,"CSS: margin, justify-content, align-items, center"
43217,syntactic,end of code expressions );
44676,syntactic,and choose
44786,syntactic,generate utterances for
44842,syntactic,parenthetical expressions and numbers
44942,syntactic,programming keywords
45420,syntactic,for [time duration]
45733,syntactic,can / could / might
46108,syntactic,statement confirms
46349,syntactic,attempts to do
46482,syntactic,small
47048,syntactic,variable swapping code
47664,syntactic,code punctuation and syntax
47975,syntactic,code start marker
48213,syntactic,rather than / instead of
48215,syntactic,numbers followed by units or operations
49112,syntactic,placed in
49199,syntactic,numbers or ages
49991,syntactic,Table #
51262,syntactic,code structure and programming events
51289,syntactic,include script or library
51561,syntactic,multiple actions; one by one
52757,syntactic,problem resolution statements
52846,syntactic,indices components nodes
52996,syntactic,combination
53047,syntactic,possessive pronouns followed by work
54351,syntactic,function/code block structure
54898,syntactic,depending on
58544,syntactic,"ampli, amounts, or admin"
60382,syntactic,sentence start punctuation
61044,syntactic,"special characters, math, academic terms"
61107,syntactic,seeing something followed by a descriptor
62985,syntactic,"numbers, symbols, or list markers"
63829,syntactic,sum or levels
63944,syntactic,the [definition noun]
65153,syntactic,attributes lists
65803,syntactic,This followed by a noun phrase
67963,syntactic,ISO codes and values
68560,syntactic,installing and opening
69326,syntactic,list items or conditions
70215,syntactic,[word] of
71324,syntactic,stopping or cessation leading to resolution
71462,syntactic,listing or selecting options
72540,syntactic,enable configuration settings
72758,syntactic,"The `MAX_ACTIVATING_TOKENS` are predominantly closing parentheses `)` and similar symbols like `')` and `"")`.The `TOKENS_AFTER_MAX_ACTIVATING_TOKEN` list is empty.The `TOP_ACTIVATING_TEXTS` are snippets of Python code, often showing function calls ending with these parentheses, or error messages that might contain parentheses. Examples include `(input_file, output_file)`, `(csv_file, txt_file)`, and `{e}"")`.The `TOP_POSITIVE_LOGITS` are a mix of English words (""Safety"", ""Arms"", ""Notice"", ""Strengthening"", ""Sources"", ""stake"") and some foreign words (""Kontak"", ""запре"", ""حاد"") and an abbreviation (""eur"").Considering the strong presence of `)` and related tokens in `MAX_ACTIVATING_TOKENS` and the context of Python code function calls and error messages in `TOP_ACTIVATING_TEXTS`, the neuron seems to be sensitive to the structural elements of code, particularly function call signatures or the end of code blocks where parentheses are common. The `TOP_POSITIVE_LOGITS` are diverse and don't seem directly tied to the parentheses themselves, but rather general programming concepts or potentially issues that these parentheses are part of (like error handling).The pattern is the presence of closing parentheses, often at the end of function calls or expressions in code.Let's try to combine the context. The `MAX_ACTIVATING_TOKENS` are `)`, `"")`, `')`, `()`. These are very common in many programming languages, often marking the end of a function call or the boundary of a group.The `TOKENS_AFTER_MAX_ACTIVATING_TOKEN` is empty, suggesting these tokens appear at the end of lines or constructs.The `TOP_ACTIVATING_TEXTS` are almost exclusively code snippets, many showing function definitions or calls, and parts of error handling constructs.The `TOP_POSITIVE_LOGITS` are varied, but include words like ""Safety"", ""Notice"", ""Kontak"".The most consistent and specific pattern is the closing parenthesis, often `)`. The context is programming. The fact that they are at the end of `MAX_ACTIVATING_TOKENS` and `TOKENS_AFTER_MAX_ACTIVATING_TOKEN` is empty implies they might be final tokens in a code construct.Let's look at the `TOP_POSITIVE_LOGITS` again: ""Safety"", ""Kontak"", ""Arms"", ""Notice"", ""запре"", ""حاد"", ""eur"", ""stake"", ""Strengthening"", ""Sources"".The parentheses are very specific. The logits are very general.What if the neuron is detecting calls to functions that might be related to safety, contact, or security-related operations? For example, `Arms` could imply defensive arms, ""Safety"" is obvious, ""Notice"" could be a warning, ""Kontak"" (contact), ""запре"" (forbid).However, the `MAX_ACTIVATING_TOKENS` are *so* overwhelmingly just `)` and its variations. The strongest pattern is `)`.The empty `TOKENS_AFTER_MAX_ACTIVATING_TOKEN` suggests these are often terminal.The simplest explanation based purely on `MAX_ACTIVATING_TOKENS` is ""closing parenthesis"". But the rules say ""not just listing all the tokens"". I need to find a *pattern*. The pattern is related to structural code elements.Let's consider the combination: `)` often signifies the end of a function call.The `TOP_ACTIVATING_TEXTS` are full of function calls:closing parenthesisThe neuron detects the presence of a closing parenthesis, often found at the end of function calls or expression groups in code"
73018,syntactic,to the
78332,syntactic,when certain things happen
80100,syntactic,conjunctions after punctuation
81443,syntactic,if/when followed by action
81472,syntactic,during or duration
84133,syntactic,k
86652,syntactic,analyzing and studying
87177,syntactic,ensures DOM loaded
89685,syntactic,but followed by contrast
90980,syntactic,can be adjusted
93974,syntactic,explanations
94009,syntactic,question formatting
95781,syntactic,"responsible for, appears to, regulate, forms, play role"
96486,syntactic,"managing, applications, impact"
98478,syntactic,[Name] followed by comma or bracket
100289,syntactic,assignment of values
32525,semantic,"Joker, carries, mischievous"
32748,semantic,Ancient and Medieval History
32750,semantic,public transportation employers cancellation
33372,semantic,calculate ages
33446,semantic,vehicle parts or compartments
33910,semantic,joint venture between
34632,semantic,safety and unsafe situations
34840,semantic,twitter
34997,semantic,body scrub
35383,semantic,emotional distress and personal growth
35473,semantic,hours of the day
36142,semantic,software components and concepts
37432,semantic,"city, municipal, hometown, metropolitan"
37857,semantic,impact on
38564,semantic,Ramadan fasting and month
38732,semantic,"flights, music, podcasts"
39430,semantic,field trip demonstrations
40324,semantic,what is important
41337,semantic,digestion and fiber
42157,semantic,"arguably, fundamentally, radical, compelling, relatively"
44040,semantic,years of experience
44222,semantic,multimodal processing of video
44306,semantic,feature selection and modeling
44324,semantic,negative judgments and strong disapproval
46651,semantic,press conference
47118,semantic,body sensations and changes
47132,semantic,mental and physical health problems
49911,semantic,hypoglycemia symptoms
50238,semantic,country names
50570,semantic,random.randrange
50723,semantic,"Division of Hotels, Food, Safety, Corporations"
50800,semantic,contenders and favorites
51025,semantic,winning contests or lotteries
52000,semantic,sql SELECT
55596,semantic,currency symbols and abbreviations
55862,semantic,Indian Ocean locations
55996,semantic,language names and countries
56497,semantic,entities that are part of a group
58819,semantic,biomarker differentiate
59931,semantic,initial cost or investment
60605,semantic,hormone production
61855,semantic,company acquisitions and completions
62269,semantic,mean ages and follow-up
62825,semantic,1-800 numbers
63953,semantic,risk increases
65235,semantic,help with daily living tasks
66702,semantic,in a department or office
67349,semantic,our team
67941,semantic,date values
68849,semantic,usage rights or ownership
70587,semantic,real estate development
71779,semantic,stripes and patterns
73711,semantic,mono prefix
73724,semantic,risk and likelihood
74024,semantic,"submarine rescue, tragedy, occupants"
74117,semantic,I *can* offer diverse content
76152,semantic,no warranty or redistribution
76555,semantic,describes or refers to definitions
77060,semantic,sacar / salir
80390,semantic,regulatory compliance
81051,semantic,postal code components H3A 0G4
82776,semantic,environmental science topics
86615,semantic,locations on maps
87090,semantic,seen something
87416,semantic,Augmented Reality
88016,semantic,Friday Evening plans
89018,semantic,bike ferry
89879,semantic,"not fear, but energy"
90876,semantic,"country by, oncology"
91813,semantic,bronchial branching
92434,semantic,Customer Maintenance
94972,semantic,"sin, guilt, reactivity"
95584,semantic,AI models and features
97443,semantic,performance
97695,semantic,"tinnitus, ringing, dizziness, meowing"
97942,semantic,"approval, agreement, qualified by Parliament, Bundestag, Senate"
99243,semantic,Prime and priming
32281,other,highly recommend
50627,other,startRecording
50729,other,day names and times
53925,other,express app and port
58926,other,. This
83012,other,asynchronous operations
31688,other,"Nile, 9, remaining, pps"
35660,other,solve for variables
37949,other,heavy descriptions
40281,other,let's just say
41871,other,always or everytime
47647,other,unimportant or useless
47978,other,your followed by belongings
48259,other,inner dialog
51608,other,shows you're interested
54084,other,I/we feel or think
56764,other,**An independent**
64723,other,foreign languages and punctuation
65928,other,"generate text, creative writing, answer questions"
69727,other,all that
72602,other,"expand, simplify, widen"
73839,other,react typescript redux rtk query
79237,other,size and length
82281,other,not unhealthy
82951,other,pack of
90908,other,i am
91964,other,not able to
93649,other,enveloping sensations
95834,other,analysts believe constructive outlook
98147,other,graspable
99335,other,all the answers
100491,other,I believe my
101078,syntactic,just or only
104422,syntactic,increase/inflate
104468,syntactic,or separator
104533,syntactic,"list separators, punctuation"
105352,syntactic,go with
105641,syntactic,such a
106216,syntactic,heard of
107462,syntactic,glad expressions of relief or thanks
108441,syntactic,"probability, likely, amendments"
110126,syntactic,less or fewer
110160,syntactic,site paths with slashes
110300,syntactic,any or anything
110307,syntactic,time to [action]
111953,syntactic,as followed by certain words
112082,syntactic,"carrier, error, library"
116928,syntactic,followed by a backtick
117068,syntactic,waiting to speak
119270,syntactic,"languages, attacks, scripting, summer"
121136,syntactic,resolution phrase
121797,syntactic,the followed by nouns
122055,syntactic,**questions about origin/acquisition**
123477,syntactic,audience types for questions
123496,syntactic,depends on
123855,syntactic,path to file or parameter
124199,syntactic,printing output
124536,syntactic,encoding or decoding text
125025,syntactic,divide by
125065,syntactic,react with
128843,syntactic,:**
128852,syntactic,if followed by conditional
131333,syntactic,provide information
131439,syntactic,accurate or accurate and efficient
132480,syntactic,without losing
135394,syntactic,lest we forget
138727,syntactic,. or * followed by text
139106,syntactic,abbreviations followed by specific contexts
140330,syntactic,contact links
142269,syntactic,punctuation followed by new sentence
144006,syntactic,gen fighter sequence
145204,syntactic,whether followed by a question
146571,syntactic,"small, big"
146904,syntactic,function and variable names
148116,syntactic,function calls
148290,syntactic,let it sit
148435,syntactic,or
150913,syntactic,because!
151039,syntactic,negation and contrast
154859,syntactic,basic or fundamental
155090,syntactic,explaining concepts
158450,syntactic,if else conditions
158484,syntactic,quantities after names/you
158635,syntactic,following a list
163994,syntactic,"but, less, similar, zero, none"
165022,syntactic,types of things
165218,syntactic,yielding values from iterators
166215,syntactic,lists of things and people
167681,syntactic,Time
168071,syntactic,**terms related to specific fields or actions**
169509,syntactic,months in time calculations
171848,syntactic,to
173213,syntactic,numbers and decimals (float)
180493,syntactic,from X to Y
181170,syntactic,handling special characters
184311,syntactic,confirm or confirmed
184524,syntactic,increasingly sustainable
186060,syntactic,but usage costs
188908,syntactic,along with other
189037,syntactic,major concern
199186,syntactic,patterns ending in specific words
199289,syntactic,to be
199613,syntactic,circle center
202746,syntactic,say comparisons
204297,syntactic,discussing an approach or possibility
204341,syntactic,extremes and superlatives
209004,syntactic,percentage and opinion
209063,syntactic,time durations
213307,syntactic,until
214109,syntactic,build or make
217777,syntactic,Assumptions:
217982,syntactic,understand context or confusion
218634,syntactic,API parameter IDs
220786,syntactic,JSON structure keys and values
227675,syntactic,"measures of time, distance, length, diameter"
227959,syntactic,comparable or same size
228033,syntactic,rephrasing to improve clarity
229605,syntactic,button actions
233773,syntactic,specific tasks
235559,syntactic,towards or seeking
235584,syntactic,while contrast
235628,syntactic,group or committee membership
236745,syntactic,if you don't have it already
236892,syntactic,"increase, reduced, purchase, initial, first"
237563,syntactic,speaks volumes or conveys meaning
237665,syntactic,card or chip contacts
239773,syntactic,; followed by noun and . followed by noun
240653,syntactic,keep it
241167,syntactic,excellent positive descriptors preceding genres
101380,semantic,code and data processing
105934,semantic,blood sugar spikes
106480,semantic,powered by or controlled by
107171,semantic,"economic stability, tool, VPN, fuzzy number"
107249,semantic,units of measure
109570,semantic,type 2 diabetes
109821,semantic,earning potential and employment
111636,semantic,Knights and Knaves
113789,semantic,ISO 26262 technical requirements
115873,semantic,cognitive imprinting
116870,semantic,chairs and seating
117743,semantic,heart failure
118109,semantic,influential professionals and leaders
119080,semantic,"pay, salary, compensation, rate, expectation"
125215,semantic,price of commodities
126057,semantic,cultural dimensions and relativism
126989,semantic,"abuse, harassment, and intimidation"
128744,semantic,no direct routes
133243,semantic,strain or sting related words
137827,semantic,perceived as harmful or upsetting
138670,semantic,pronouns followed by auxiliaries or 's
138738,semantic,"sweat rolling, breaking, tracing"
139648,semantic,blushing or flushed cheeks
141756,semantic,medical conditions related to bodily functions
142214,semantic,professionalism
145128,semantic,speed limit
152055,semantic,c++ code
152241,semantic,working from home
155062,semantic,"Yugoslavia, independence, war"
155235,semantic,civic engagement and participation
155257,semantic,room access and internet issues
158096,semantic,Andrés Manuel López Obrador
158784,semantic,Statute of Frauds or oral agreements
160047,semantic,"folding, cutting, and sewing instructions"
161062,semantic,live volunteers or practice subjects
166434,semantic,bounce back from adversity and setbacks
172862,semantic,surgical connections and reconstruction
175467,semantic,"cars, automobiles, automotive"
175892,semantic,"stagnant, stagnant zones, stale"
176029,semantic,land acquisition and dispossession
179135,semantic,blocked websites and apps
179186,semantic,directions and navigation
180124,semantic,main [topic]
180242,semantic,foreign exchange and currency
180356,semantic,"jumping, rhythmic, clapping, tapping"
180674,semantic,test strips and diagnostic kits
188065,semantic,"inflation pressures, raw materials"
189848,semantic,genuine vs fake
189892,semantic,emotional discipline and psychology
190200,semantic,Bangladesh
191271,semantic,documentation and records
197682,semantic,nail care
199818,semantic,insider information or forbidden access
201845,semantic,age information
204604,semantic,decades and centuries
206003,semantic,economic uncertainty and risks
207796,semantic,sustainability and ethical practices
208186,semantic,feels like coming home
210067,semantic,MMSE score
212674,semantic,FastAPI
215250,semantic,high blood pressure
215549,semantic,during pregnancy
221943,semantic,remix or Nightcore
223076,semantic,Cognitive Behavioral Therapy
223132,semantic,health and relationships
224494,semantic,8.8.8.8 and 8.8.4.4
227053,semantic,wood grain appearance
227190,semantic,spread to other parts
232155,semantic,connection to nature
233124,semantic,statute of limitations
238268,semantic,"illegal logging, construction permits"
238919,semantic,"Murphy took, Harper, Priest cashed"
101514,other,"look, here's why"
101962,other,seeking positions
112789,other,tested
113001,other,"""men"", ""consequences"", ""Revenue"", ""arts"", ""uning"""
116877,other,specific scenarios or features
124726,other,"quantitative information, foreign words"
126547,other,qualities and merits
130370,other,"Confucianism, ethics, social harmony"
142737,other,nothing happening
144566,other,"divine favor, baubles, supposed, task, traits"
155898,other,statement apology
168305,other,allowing negative outcomes
172924,other,refusal to harmful requests
179459,other,nature of
183759,other,list markers
185713,other,Python code and text examples
190714,other,Important
193594,other,"pressure, holding, growing, Mrs"
208367,other,german questions and interactions
208479,other,explanation of capabilities
208730,other,39
209491,other,"torque, current, feedback, speed"
210274,other,conversation or explanation
214596,other,rules
214936,other,not just / not only
222009,other,wish i could be
235166,other,mother and baby
243041,syntactic,"boy, girl, count, list"
250135,syntactic,sign of
254397,syntactic,signals to define or inform
256709,syntactic,common issue or problem
257164,syntactic,connective words and phrases
241577,semantic,"intellectual disability, developmental delay"
241933,semantic,familiarity or frequency
242234,semantic,pregnancies and births
244747,semantic,"dose of reality, humbling, sobering"
248735,semantic,awkwardness
251043,semantic,external / outside
251580,semantic,divisibility and factors
254007,semantic,economic insecurity or delayed parenthood
257104,semantic,discriminant formula or roots of polynomial
261927,semantic,"ethics, beneficence, non-maleficence"
246339,other,This
246448,other,refusal of harmful content
246898,other,"limits, waste, conflict, population, observed, Bitcoin, economy, network, target, time"
250018,other,How
255562,other,logic express 7
18665,syntactic,comparison and difference
18738,syntactic,words followed by specific terms
31323,semantic,"display screen, Mini Plus"
38677,semantic,"R-, Rob-, Robin-, Robinson-, robot-"
111575,semantic,I was really worried
35677,other,here to help
35751,other,can be
8714,other,"already, already, already"
113377,other,are you
194882,semantic,"faulty, dead, seized, damaged, missing"
22779,other,set max seed fib count
11138,other,
25890,other,
31110,other,
47875,other,
50820,other,
52956,other,
65900,other,
89796,other,
105241,other,
166707,other,
182910,other,
190267,other,
216700,other,
15330,syntactic,`npm` or build commands
19893,syntactic,URLs and alphanumeric IDs
24731,syntactic,breakdown of key points
25886,syntactic,javascript import statements
27196,syntactic,closing code delimiters
53858,syntactic,level=
81572,syntactic,script reference
98469,syntactic,mathematical notation and symbols
219550,syntactic,dividing or clarifying what comes next
230561,syntactic,divided into categories
80205,syntactic,"*   **Escape Route:** Plan *two* escape routes, at 45-degree angles *away* from the anticipated fall direction    *   **Ecosystem:** Varied - forests, wetlands, grasslands, etc.escape route"
5336,semantic,patient ranks
7942,semantic,"awards, publications, projects"
10048,semantic,mental and neurological conditions
10668,semantic,fertility and family structures
11761,semantic,financial estate tourism sector
12256,semantic,cancer and treatments
14096,semantic,artistic style descriptions
17352,semantic,chimpanzee and bonobo anatomy
19079,semantic,land area measurement
24144,semantic,King Charles III Coronation
25668,semantic,hostile takeover
26291,semantic,clinical trial data
31570,semantic,fever and malaria
33635,semantic,"organs, transplant, donor, body"
39651,semantic,motorbikes and food advertisements
40327,semantic,kids with friends
44895,semantic,antibiotic action and effects
52386,semantic,topography of terror
57849,semantic,two year old
59532,semantic,components cleaning parts
64034,semantic,killing or falling
68803,semantic,"neck gaiter, turtleneck, buff"
69199,semantic,"thread, chain, pencils, straw, nail"
69233,semantic,front or anterior
69455,semantic,PIU American curriculum
82896,semantic,punishment for breaking rules
83858,semantic,abdominal aorta
90664,semantic,"local councils, officials, brief Q&A"
97503,semantic,presidential election outcomes
98845,semantic,battery degradation and charging
119749,semantic,lymphoma or leukemia
120616,semantic,detection methods
123430,semantic,lay eggs
128632,semantic,baby feeding and growth
136478,semantic,accidents and unexpected deaths
153073,semantic,most likely diagnosis?
158088,semantic,email address
235085,semantic,girl or young woman
236571,semantic,wisdom teeth removal
82084,semantic,benefits all of humanity
2502,other,convenience and convenience
5309,other,get back to you
7614,other,give or provide information or feedback
7742,other,subjective
9567,other,input for numbers
26774,other,depends on context
27001,other,positive descriptions of people
30648,other,number of pages
46711,other,Option selections and outreach
48051,other,follow instructions or recommended steps
52117,other,"unexpected, unanticipated, unforeseen"
74639,other,congratulating and wishing well
100078,other,encountering errors
106052,other,how
127797,other,follow
158951,other,as described or requested
162782,other,special
186548,other,simple content
2273,other,
5049,other,
5053,other,
9464,other,
11143,other,
11703,other,
11890,other,
15088,other,
16797,other,
16910,other,
19558,other,
19595,other,
20178,other,
21249,other,
21460,other,
21557,other,
22373,other,
23467,other,
23621,other,
23913,other,
25367,other,
25673,other,
27223,other,
28786,other,
29627,other,
29755,other,
30506,other,
33636,other,
33780,other,
34377,other,
36173,other,
37299,other,
38368,other,
38926,other,
39432,other,
40326,other,
44572,other,
44685,other,
46905,other,
53567,other,
57841,other,
57884,other,
59090,other,
59921,other,
62246,other,
65825,other,
66028,other,
68154,other,
71928,other,
72178,other,
79834,other,
80223,other,
86418,other,
91573,other,
91977,other,
93827,other,
100938,other,
112198,other,
119611,other,
122856,other,
124391,other,
129185,other,
136986,other,
138684,other,
140142,other,
143149,other,
143686,other,
144276,other,
146417,other,
149429,other,
152727,other,
153435,other,
161236,other,
164988,other,
167456,other,
167498,other,
169154,other,
171084,other,
171844,other,
176557,other,
176638,other,
176761,other,
178355,other,
180032,other,
180434,other,
180479,other,
181465,other,
182675,other,
192473,other,
193356,other,
202335,other,
202757,other,
202966,other,
206054,other,
208926,other,
210715,other,
215031,other,
217036,other,
217773,other,
218802,other,
231528,other,
232897,other,
250644,other,
258637,other,
17,syntactic,setting up a concession
1969,syntactic,If not
2203,syntactic,to verb
2465,syntactic,# comments
2587,syntactic,positive closings or continuations
3339,syntactic,From now on
3497,syntactic,800-1000 words
3625,syntactic,words starting with per
3736,syntactic,just asking or saying
3773,syntactic,This is
3978,syntactic,sentence endings
4133,syntactic,is there anything
4638,syntactic,for details or information
4827,syntactic,dockerfile base image declarations
5722,syntactic,"Okay, followed by comma"
6513,syntactic,code snippets with numbers and punctuation
6864,syntactic,"constant, uniform, equal"
7028,syntactic,named or names
8003,syntactic,reading or understanding content
8643,syntactic,object attribute access
9589,syntactic,based on
9656,syntactic,'; 'wrap=tk.NONE'
10033,syntactic,"widespread, either, or, maybe"
10051,syntactic,as possible
10263,syntactic,running or stopping
10451,syntactic,the of that
10552,syntactic,contrasting word or phrase
10554,syntactic,in essence or in short
10598,syntactic,locations before or inside buildings
10763,syntactic,attributes and properties
10789,syntactic,questions starting with what
10825,syntactic,json dictionary structures
10838,syntactic,"to be, existed, not supposed"
10997,syntactic,more about
11453,syntactic,"continue, further, another"
12030,syntactic,short description
12291,syntactic,every day or advantage
12489,syntactic,大 or 小
12718,syntactic,This is/assumes/will be
12841,syntactic,cannot / unable / dare not
13006,syntactic,https://
14570,syntactic,end of phrases/statements
14594,syntactic,popular because
15155,syntactic,available to
15678,syntactic,dates
16277,syntactic,"caveats, physician, compiling studies"
17547,syntactic,where it gets
17633,syntactic,"forced, therefore, or instead"
18806,syntactic,"usually, typically, normally"
18856,syntactic,never the answer
18917,syntactic,this + context noun
19047,syntactic,between languages
19514,syntactic,Save the code
19802,syntactic,© copyright symbol
19992,syntactic,"no, not, cannot, without"
20033,syntactic,state creation and iterables
20035,syntactic,argued that
20162,syntactic,choose depends on
20830,syntactic,URLs and code fragments
21065,syntactic,weather for today/tomorrow
21300,syntactic,reduced [X]
21341,syntactic,anything or nothing
21437,syntactic,epoch in
22031,syntactic,Whether you're a
22431,syntactic,giving advice or suggestions
24341,syntactic,why and how
24865,syntactic,academic vocabulary and definitions
24968,syntactic,recursive function calls
25138,syntactic,"view, sight, visibility"
26599,syntactic,exceptions
26737,syntactic,Content-type header
26857,syntactic,API descriptions and paths
26980,syntactic,mathematical notation
27180,syntactic,Comprehensive Guide / Overview
27686,syntactic,followed by explanation/context
28015,syntactic,int variable declarations
28163,syntactic,inevitable
28170,syntactic,Generally easy or reliable
28454,syntactic,subjective feeling or perception
28881,syntactic,question punctuation
29015,syntactic,clarifying or to clarify
29122,syntactic,not necessarily
29197,syntactic,not exactly
29657,syntactic,Deep dives
29916,syntactic,wikipedia.org links
29970,syntactic,code documentation parameters
30116,syntactic,already
30371,syntactic,primarily focuses on
30373,syntactic,input types and output
30787,syntactic,"{""value"": ""01/24"", ""label"": ""01/24""}, {""value"": ""02/24"", ""label"":`vector`, `label`, `struct`, `string` values"
30839,syntactic,"within, out, obligation, correlation, weeks, about, algorithms, everything"
30988,syntactic,possessive pronouns followed by nouns
31245,syntactic,pros and cons
31498,syntactic,code comments and keywords
31521,syntactic,essential for success
33113,syntactic,before checking
34190,syntactic,fault or blame
404,semantic,dental health and dentists
546,semantic,"elixir field, ascending fire, Capital"
1841,semantic,"dance, movements, body"
2309,semantic,"funeral, memorial, remembrance"
3062,semantic,waveforms and amplitudes
4168,semantic,"building materials, insulation, glass"
4780,semantic,score or points
5014,semantic,insurance and life expectancy
5026,semantic,exploring places and activities
5186,semantic,spots or rash
5257,semantic,hate speech against minorities
5489,semantic,scandal reputational damage
5803,semantic,public health burden and prevalence
6114,semantic,angels and angelic beings
6221,semantic,"surveillance, privacy, tracking"
6261,semantic,Gram positive and negative bacteria
6317,semantic,coupon codes at checkout
6840,semantic,amusement park rides and attractions
7036,semantic,predicting odds or outcomes
7120,semantic,signal processing and improvement
7158,semantic,court records documents
7965,semantic,daily room rate
8629,semantic,"Kazakhstan, Central Asia, -stan countries"
8898,semantic,bus station transport
9031,semantic,harmful pornography content
9504,semantic,post processing and printing
9723,semantic,treatment-resistant
9824,semantic,programming libraries
10087,semantic,buckling and deformation
10506,semantic,tree bark and wood
11159,semantic,acceleration and speed
11382,semantic,"heat, weather, caution, hydration"
11943,semantic,qualifying business assets
12638,semantic,insurance premiums and terms
13115,semantic,unique prime factorization
13192,semantic,agile principles customer involvement
14313,semantic,cost-benefit analyses
15034,semantic,society and people
16126,semantic,Fight the New Drug
16313,semantic,certified / certification
16753,semantic,South Africa communities and living conditions
16839,semantic,moral philosophy and ethics
17058,semantic,possessive pronouns followed by family members
17358,semantic,hair loss and baldness
18942,semantic,Government schemes and support
19655,semantic,"new, original, sealed, stock"
20505,semantic,"AI Act, trust, EU AI"
20643,semantic,transportation and traffic
21556,semantic,defamation and damages
24117,semantic,¡qué bien
24821,semantic,frequency shifting
25292,semantic,Chinese dynasties and history
25646,semantic,songs and collaborations
26568,semantic,lifestyle changes and interventions
29024,semantic,antibiotics and immunity
29447,semantic,Cargo.toml dependencies
29659,semantic,religion
30342,semantic,laughter and crying
30171,semantic,"disconnect, unlink, loosen, displace"
33331,semantic,permission slip teacher project
33851,semantic,population statistics and trends
34143,semantic,installing and related actions
34421,semantic,"honeybees collect nectar, robots navigate"
1541,other,you will
1871,other,"always, eventually, less"
2253,other,I will / I cannot
2363,other,thought to be careful
3951,other,lack of care or order
4576,other,character movement
4879,other,not losing or harmed
5536,other,refusing harmful requests
6241,other,always true not always
7972,other,public class
9158,other,Conceptual translation
10321,other,"Pictures, rooms, or decorations"
10804,other,occupied or overlapping
10975,other,dosage instructions carefully
11451,other,superficial focus
12418,other,prohibits content generation
12727,other,lived in a place
14936,other,earth and world
15686,other,"Single Asset Mode, cross-Unity"
15922,other,continue or add to story
16261,other,thinking or assuming something incorrect
16429,other,emotions and others
16593,other,potential negative outcomes
16597,other,"pressure, balance, difference, matter"
17236,other,walked towards
17914,other,blank or zero values
20702,other,must admit or apologize
23197,other,"not aggressive, just focused"
23456,other,"walking, tripping, or slipping"
24175,other,restoring or improving
26279,other,rating scales
27038,other,"disfigured, deformed, mutated"
28205,other,""""""""","""","""","""","""","""","""","""","""","""",""execute"",""pass"",""return"",""append"",""return"",""append"",""return"",""append"",""return"",""append"",""return"",""append"",""return"",""append"",""return"",""append"",""return"",""append"",""return"",""append"",""return"",""append"",""return"",""append"",""return"",""append"",""return"",""append"",""return"",""append"",""return"",""append"",""return"",""append"",""return"",""append"",""return"",""append"",""return"",""append"",""return"",""append"",""return"",""append"",""return"",""append"",""return"",""append"",""return"",""append"",""return"",""append"",""return"",""append"",""return"",""append"",""return"",""append"",""return"",""append"",""return"",""append"",""return"",""append"",""return"",""append"",""return"",""append"",""return"",""append"",""return"",""append"",""return"",""append"",""return"",""append"",""return"",""append"",""return"",""append"",""return"",""append"",""return"",""append"",""return"",""append"",""return"",""append"",""return"",""append"",""return"",""append"",""return"",""append"",""return"",""append"",""return"",""append"",""return"",""append"",""return"",""append"",""return"",""append"",""return"",""append""]"
29474,other,automatically lapse
30907,other,important decision impact
32733,other,"architecture, specifics, Bronco, cough, focus, F, bursts"
33674,other,with friends
34587,other,unnecessary
37080,syntactic,abbreviations and acronyms
41408,syntactic,speaking of
42975,syntactic,code structure separators
43287,syntactic,we followed by verbs
44043,syntactic,discuss how
45368,syntactic,"recognize, aware, acknowledge"
46803,syntactic,"everybody, all"
52536,syntactic,"sentences starting with ""I"""
53908,syntactic,including or like
53940,syntactic,fn followed by //
56944,syntactic,modal verbs and possibility qualifiers
58147,syntactic,connecting discourse elements
59631,syntactic,structured data keys and values
60625,syntactic,works / funciona
68670,syntactic,negations in multiple languages
70394,syntactic,articles followed by nouns
70497,syntactic,URLs containing specific directories
73154,syntactic,"list of numbers, symbols, or words"
74947,syntactic,punctuation or non-standard characters
76567,syntactic,"picks, stride, reputation, supply, environment, bite, beliefs, cultures, decisions"
78749,syntactic,beside or around
79118,syntactic,with a translation or explanation
89410,syntactic,implied):
92932,syntactic,subtitle file formats
93237,syntactic,expected value assertions
97106,syntactic,mode or list options
99467,syntactic,file path
102876,syntactic,same / different contrast
103687,syntactic,quickly or easily
106094,syntactic,accessing members
109682,syntactic,same things
111701,syntactic,bg-
111717,syntactic,chemical formulas with subscripts
112063,syntactic,explains what happens
115627,syntactic,"completely, extremely, not completely"
117404,syntactic,password verification
118627,syntactic,original followed by request
120944,syntactic,not just
121034,syntactic,before someone
123705,syntactic,headings and contract elements
124177,syntactic,before any consequence
128210,syntactic,before making
130850,syntactic,"confirm, ensure, certainty"
132061,syntactic,introduces academic or informational texts
137100,syntactic,case followed by action/outcome
138307,syntactic,he/she/pronoun followed by contraction
141438,syntactic,mathematical expressions with x
144500,syntactic,category headings
50103,syntactic,possessive pronouns followed by nouns
138029,syntactic,"Based on the provided lists, the neuron seems to be detecting or predicting text related to **symptoms, conditions, and their causes, often involving physical or emotional states.**Let's break down the pattern:*   **MAX_ACTIVATING_TOKENS**: Contains words like ""Chronic"", ""eyes"", and punctuation often seen around symptoms or conditions.*   **TOKENS_AFTER_MAX_ACTIVATING_TOKEN**:"
77378,syntactic,intention of
45686,syntactic,offerings and expressing feelings
46337,syntactic,"general purpose, broad, everything"
57065,syntactic,"observe, attuned, feeling, rhythms, signals, read, attention"
58355,syntactic,measures of output and input
97244,syntactic,"demystifying, revolutionizing, unlocking"
102855,syntactic,technical nouns
115971,syntactic,call to action
128718,syntactic,quantify your results
144608,syntactic,unknowns and uncertainty
35428,semantic,delegation of responsibility
35606,semantic,relationship dynamics and emotional connection
36157,semantic,job application interest
36328,semantic,political interference or pressure
36904,semantic,technical specifications and features
36981,semantic,positive sentiment expressing affection
37987,semantic,Mikel Arteta appointed manager
39220,semantic,negative health consequences
41513,semantic,suicide bomber or car accident
41757,semantic,depicting religious or historical scenes
42408,semantic,referee calls
42811,semantic,NFTs and crypto
42969,semantic,Senate confirmation of nominees
44259,semantic,trust
44348,semantic,"rights, freedoms, and violations"
46613,semantic,NATO military involvement conflict
47029,semantic,dollar amounts
47154,semantic,office hours or administrative context
47210,semantic,foreign actors
47347,semantic,activities to meet people
47739,semantic,alarm systems
47748,semantic,institutional review board research ethical clinical trial
48273,semantic,gamma rays
48301,semantic,temperature and degrees
48722,semantic,"processing, transport, analysis"
48882,semantic,stopping and braking
49666,semantic,not making worse
50191,semantic,"Scotland, Scottish, Dundee"
51566,semantic,young victims and their ages
51952,semantic,liability discussions
52588,semantic,perfect or ideal assumptions
52624,semantic,teams that consistently contend
56799,semantic,sexual content and misconduct
57392,semantic,MVP awards
57775,semantic,drawing
59202,semantic,"reviews, feedback, payment, events"
59963,semantic,complex relationships and mechanisms
60838,semantic,"confirmation bias, prejudice"
61609,semantic,targeting female
62384,semantic,as or as a
66016,semantic,control or management
66808,semantic,semaphores and resource management
70095,semantic,rule of law and democratic processes
71709,semantic,difficulties and challenges
74637,semantic,switching costs or alternatives
74970,semantic,street addresses with zip codes
76682,semantic,GET requests
79652,semantic,operation of machinery and tools
80827,semantic,"different, outcast, isolated"
81053,semantic,"dying, death, or consequence"
82023,semantic,making another feel good
83248,semantic,"sister, daughter, mother"
87807,semantic,mathematical or research problems
88032,semantic,"Landing.ai, Cognex, enterprises"
89731,semantic,"vicuna-7b, vicuna-13b"
92588,semantic,certain emotions or fantasies
93325,semantic,ethical violations
95980,semantic,"production, capital, resources"
97019,semantic,remembering what was lost
99364,semantic,relationships between mothers
99684,semantic,claims inconsistent with disbelief
101513,semantic,"malware, hacking, or security terms"
103665,semantic,acknowledging courage
103818,semantic,events near a location
106064,semantic,writing to MPs or officials
106630,semantic,resignation
107111,semantic,women in leadership roles
107279,semantic,immigration and multiculturalism
109345,semantic,sports statistics
110186,semantic,lifelong / lifetime / forever
111773,semantic,"political, power, forces"
117436,semantic,shelter interior room basement away war
118010,semantic,solve for x
124362,semantic,stress reduction and mood
126243,semantic,old people generational
127411,semantic,producing food and sabotage
130724,semantic,expectations and promises
132678,semantic,innovation and diversity
134067,semantic,defensive actions
136332,semantic,Avogadro's number
138896,semantic,their sexual attributes
141674,semantic,available to the public
142094,semantic,value of one share
142728,semantic,universally accepted
145610,semantic,when or where
145722,semantic,natural
41277,semantic,","
39461,semantic,natural
87479,semantic,Super followed by specific words
96875,semantic,creative results leading to diverse outcomes
101243,semantic,scientific intelligence basket purpose video sales
117966,semantic,"Grand Duke, Khan, King, shah, Conde"
35465,other,Controller handles user input
39011,other,"I think, I believe"
41918,other,prohibit asking
42142,other,reasonable and unreasonable degrees
42355,other,complexity of
45761,other,general requirements and applicability
45768,other,think it step by step
46196,other,if I could choose
46311,other,first day
46410,other,duration or amount
46861,other,Angular framework documentation and errors
46945,other,avoiding excess or risk
47151,other,"want/wanted, hopefully, thankfully"
48251,other,not followed by care or grasp
59264,other,calculate that
61481,other,just saw something reminded
67265,other,technical component descriptors
68315,other,want
70025,other,you need or want
71891,other,conditions or possibilities
77941,other,data type definitions
78927,other,harmful and violates
81286,other,code syntax
82497,other,most + superlative
89896,other,fast response or approval
90081,other,happening at a time
92625,other,least effort
95716,other,during
96608,other,print to inspect values
97043,other,should have
107064,other,adjust as needed
108855,other,avoiding negative outcomes
109223,other,introducing new things
117740,other,part of the process
124843,other,have attached
131660,other,difference
134471,other,long answer
136594,other,over
140591,other,difficulty replicating or conveying
144708,other,"afraid to, away from"
146882,syntactic,closing parentheses or quotation marks
149095,syntactic,articles followed by specific nouns
149431,syntactic,repeated or structured characters
150711,syntactic,symbols relating to orientation or structure
151659,syntactic,just/simply more than
156558,syntactic,"unethical, negation, and punctuation"
157209,syntactic,first
157531,syntactic,I was
158011,syntactic,explaining how to
158243,syntactic,"single, one, único"
162722,syntactic,to find
167507,syntactic,you can
168715,syntactic,a little
172305,syntactic,either/spam/odd
174194,syntactic,code comments and keywords
176323,syntactic,similar to
177880,syntactic,names and numbers
179498,syntactic,grammatical correctness checks
180244,syntactic,non-
181945,syntactic,words followed by linking verbs/prepositions
182067,syntactic,if
182803,syntactic,but followed by contrast/qualification
183405,syntactic,"saying ""no"""
186493,syntactic,same number of records
193016,syntactic,refusal to engage on harmful topics
197424,syntactic,patterns
197877,syntactic,intensifiers and positive descriptions
204003,syntactic,benefits to them
205185,syntactic,vibe atmosphere
207494,syntactic,`not` followed by `an` or `numbers`
212341,syntactic,"""outside"" or ""other than"""
215033,syntactic,no explanation
215789,syntactic,listing conjunctions
219160,syntactic,punctuation and symbols
219629,syntactic,corresponds to
220379,syntactic,We start sentences
223868,syntactic,state variables
223992,syntactic,punctuation followed by quoted text
227522,syntactic,math expressions with square roots
228112,syntactic,This creates/will/command
229981,syntactic,line break or page break
232220,syntactic,opposite of
233515,syntactic,sections or categories
235395,syntactic,physical quantities and variables
235922,syntactic,I observe
237022,syntactic,quality descriptors
239147,syntactic,cost or quality
241234,syntactic,need or desire
243745,syntactic,topics or categories
243992,syntactic,designate or designated
248744,syntactic,putting up
249006,syntactic,mathematical implications and consequences
250367,syntactic,not impossible
250744,syntactic,actions and outcomes
252863,syntactic,moving things forward
257841,syntactic,"mainly, exclusively, primarily"
258419,syntactic,smart to
258513,syntactic,put in place
262037,syntactic,"negative, highest, each"
146307,semantic,"wires, PCB, transducer, microphone"
150391,semantic,romeo and juliet
150660,semantic,God or He acts/creates/desires
151931,semantic,game plays
153787,semantic,change over time from
154221,semantic,game rules and actions
158279,semantic,"cartoonist, comic, cartoon"
163863,semantic,murder and slaying
165292,semantic,Political
165770,semantic,"regulations, codes of conduct, or plans"
169117,semantic,prize giveaways and rewards
170915,semantic,creating sexually explicit content
176918,semantic,engine in its optimal power band
178101,semantic,soft credit checks
182287,semantic,severe mental health issues
187162,semantic,classic riddle or trick
187941,semantic,riddles mentioning adding or removing items
193455,semantic,percentages
196474,semantic,"coping, distraction, validation, comfort, submission, avoidance, numbness, certainty"
197917,semantic,limits on screen time
199335,semantic,religious diversity and identity
205858,semantic,absence or lack of something
210891,semantic,hate speech targeting minorities
212347,semantic,personnel and staff
215962,semantic,authors and their works
217092,semantic,proportional elections
220800,semantic,excess or surplus
223314,semantic,relying on expectations or trust
227070,semantic,major life change
229354,semantic,"killing, death, or fines"
229598,semantic,IP address or number information
236804,semantic,random number generation and distribution
242008,semantic,"ship, height, denied access"
244107,semantic,Declaration of Independence
249458,semantic,"waiting room, described service"
249888,semantic,"societal categories (gender, class, etc.)"
251396,semantic,"hikari, increasing, pig, ultrasonic, transformers"
252194,semantic,time periods or achievements
253966,semantic,social cost of carbon
260475,semantic,average age
146818,other,run .py file
150931,other,(1-2 hours)
170343,other,cl
171747,other,this agreement
172401,other,adding numbers
180890,other,"code completion, valid model"
185120,other,hope you find this helpful
185912,other,do not attack or create
185929,other,"hello `""` choice"
186660,other,debated topics and sensitive issues
189051,other,"identical, commodity, standard"
208517,other,"path tracing, constexpr, breakdown"
228666,other,where did you hear this
242072,other,"and, or, and, and, and"
183535,other,it's a
41559,syntactic,one solution
102206,syntactic,knew with certainty
212790,syntactic,specific / specifico / specialized
8901,semantic,passing by or being noticed
48899,semantic,configuration settings
54848,semantic,aisle or seats
57741,semantic,security checklist items
59655,semantic,engage with others
99969,semantic,picked up
207754,semantic,thinking
7455,other,before
50552,other,until or activation
1315,other,
8093,other,
10097,other,
10715,other,
12575,other,
25446,other,
29507,other,
35088,other,
37586,other,
48758,other,
61624,other,
63822,other,
66310,other,
68997,other,
77420,other,
77688,other,
77810,other,
103154,other,
111586,other,
119350,other,
130845,other,
140487,other,
142189,other,
142421,other,
162856,other,
165121,other,
184034,other,
194798,other,
201616,other,
209513,other,
217098,other,
222348,other,
225042,other,
250834,other,
252195,other,
931,syntactic,numbers followed by units or time
2144,syntactic,kernel code chunks
2740,syntactic,in years by
6834,syntactic,numbers and list items
8463,syntactic,numbers and special characters
8804,syntactic,formatting and parenthesized content
10241,syntactic,formulas and definitions
15132,syntactic,"however, but"
16345,syntactic,citations and references
17643,syntactic,comparative adjectives (ending in er)
17655,syntactic,name followed by =
23179,syntactic,compared
26098,syntactic,units of measurement
29358,syntactic,latex abstract enumeration
30859,syntactic,reporting claims or statements
32452,syntactic,whereas / while / while
36351,syntactic,closing parenthesis followed by code elements
36678,syntactic,was/were followed by an adjective or noun
40835,syntactic,lists of responses
42148,syntactic,calculating or finding values
44053,syntactic,"calculating distance, mass, number, probability"
54378,syntactic,dates and numbers
55402,syntactic,pricing tiers
71650,syntactic,"called, denominated, called, termed"
73147,syntactic,citations or references
75773,syntactic,combinations or lists of indices
80864,syntactic,the correct answer is
81066,syntactic,actually followed by verbs
92606,syntactic,assigning variable names
92758,syntactic,what kind of
95294,syntactic,default value assignment
98985,syntactic,time or datetime fields
107397,syntactic,package descriptions and program loading
123779,syntactic,strings are equal
126275,syntactic,Option set extensions
127293,syntactic,domain name
142851,syntactic,pronouns followed by verbs
155122,syntactic,financial numbers and units
156477,syntactic,equal amounts/numbers
179412,syntactic,for example
192734,syntactic,doing work vs. presence of individuals
205183,syntactic,[Your Name/Company Name]
236278,syntactic,"recently, followed by a comma"
261694,syntactic,"`GetComponent`, `Handler`, `new`"
1035,semantic,"ideal sheaf, category, maps"
2295,semantic,Portland Oregon
3977,semantic,chemical reactions and biological processes
4658,semantic,"insulin, resistance, hypoglycemia"
5293,semantic,archive and preservation
5834,semantic,current weather or weather forecasts
6008,semantic,research studies and findings
6226,semantic,research and investigation
7002,semantic,while loops
9913,semantic,custom miniature
9995,semantic,game and strategy concepts
12549,semantic,"renormalization group, direct experimental, temporal fluctuations"
12673,semantic,modulation and signals
13520,semantic,mathematical expressions involving symbols
14215,semantic,annual checkups
14422,semantic,lab result or medical value
15381,semantic,published research papers
15439,semantic,"door, hinges, entryway"
15792,semantic,"art, science, literature, music"
16666,semantic,"rates per 100,000"
17139,semantic,harsh or ruthless
17347,semantic,individual units or discrete states
17682,semantic,SATA interface
17994,semantic,gaming and overclocking
18677,semantic,long duration / years
20491,semantic,Japan Rail Pass
21311,semantic,disease devastation
21740,semantic,"interconnects, bandwidth, communication, pins, patching"
21900,semantic,early life and education
24104,semantic,programming code and concepts
24520,semantic,gender and sex ratios
25732,semantic,sports practice drills
29585,semantic,commercial vehicles
29681,semantic,economic data exceeds expectations
29843,semantic,"hierarchy problem, Fama-French, Milky Way, rotation curves"
30708,semantic,"brackets: Poisson, commutation, exterior derivative"
34314,semantic,"Sir Donald Bradman, Art Deco architecture"
37992,semantic,fitting or matching
38954,semantic,"website, app, planner, sharing"
41183,semantic,3D modeling and engineering software
43926,semantic,Monte Carlo
47963,semantic,satellite imagery
49035,semantic,half your plate
50662,semantic,Straits Times
51128,semantic,construction structure
59217,semantic,board setup notation
59893,semantic,interest rate calculations
60124,semantic,definition of divisors
62608,semantic,socket connections
64205,semantic,listening on port
70286,semantic,division and leftovers
82209,semantic,random network distillation
85823,semantic,inflation targets
87615,semantic,scoring and substitution
91483,semantic,reading binary files in chunks
100952,semantic,currency amounts with numbers
102925,semantic,name or namesake
103544,semantic,"Australia, mining, rail, commodities"
107696,semantic,"optimization, programming, computation"
114486,semantic,wisdom teeth removal
116955,semantic,complex relationships or dynamics
121053,semantic,annual degradation
122724,semantic,feeling of home and belonging
126960,semantic,modern languages
129492,semantic,employment end dates
148781,semantic,home to universities
150898,semantic,resurrection of the dead
155718,semantic,feeling tired or weak
162898,semantic,lower bounds on
184432,semantic,"pea plants, Darwin's finches, Cataracts"
192817,semantic,printing output
198357,semantic,RIA Novosti RT err
200511,semantic,"grayscale, monochrome, brown, gray"
215787,semantic,compatibility issues
220501,semantic,"daycare center, school, and care"
225533,semantic,loosening and creating tension
234496,semantic,push up
235004,semantic,O notation for complexity
1446,other,"numbers, equations, and specific terms"
5485,other,"basal ganglia, blood, pituitary"
7753,other,apply/application
9110,other,"closer, nearest, closest"
10782,other,should consider
12631,other,placeholders and context words
12996,other,simulate or stimulate
13389,other,certain
14197,other,crucial for simulations
18371,other,create or build
20506,other,explorations especially
22438,other,need to know
27154,other,intensifiers
27509,other,answer it
28735,other,code and programming context
29333,other,core concepts
33232,other,freckles and color descriptors
36463,other,subject to
37580,other,proposal ideas
39896,other,understanding
40144,other,specific tasks
40694,other,leans into
41224,other,casual language and abbreviations
42285,other,"discover, witness, experience, watch, hear, learn"
45924,other,outdated and updated information
51942,other,"typically, historically, traditionally, generally"
52906,other,shedding light
58069,other,"clip, clasp, cuff, tie, cut"
64674,other,don't get discouraged
65015,other,util
68517,other,"exclamations, questions, and common phrases"
74963,other,mode coverage educational randomness
96146,other,numbers following 'the'
96139,other,showcase expertise
103619,other,Which of
110306,other,"computation, connection"
110834,other,offer to help
132154,other,anyone else
142878,other,recent events
148259,other,break it down
184288,other,function parameters
196059,other,"very broadly, massive, arguably"
215132,other,drawing from
225991,other,capable of
236732,other,a thrilling
236786,other,"modified, altered, improved"
251606,other,open up and learn
260775,other,practical applications and practices
128592,syntactic,especially the
194248,semantic,calculating answers
343,other,
3834,other,
5663,other,
8291,other,
10065,other,
11972,other,
11999,other,
17290,other,
18473,other,
18546,other,
19559,other,
19720,other,
21617,other,
23227,other,
26269,other,
32280,other,
32411,other,
33314,other,
33847,other,
35356,other,
35557,other,
38833,other,
44828,other,
47907,other,
52656,other,
58681,other,
67113,other,
69754,other,
71880,other,
83395,other,
92957,other,
94102,other,
105165,other,
106647,other,
107294,other,
108630,other,
113230,other,
120459,other,
123138,other,
129358,other,
129494,other,
136179,other,
143765,other,
146188,other,
148033,other,
148675,other,
150871,other,
152651,other,
156253,other,
161396,other,
162923,other,
164613,other,
168127,other,
171996,other,
195829,other,
227106,other,
253943,other,
107,syntactic,this is
420,syntactic,see * or chapter
621,syntactic,"mat, matte, matrix, or mate"
2171,syntactic,given names or names
3013,syntactic,cell B
3685,syntactic,"finally, he, the"
4630,syntactic,utf-8 encoding in web pages
8762,syntactic,"command names (`exec`, `rename`, `gzip`)"
10340,syntactic,question:
10405,syntactic,"formulas with ""given by"""
11272,syntactic,point x
11487,syntactic,since / in
13397,syntactic,format and formula
14587,syntactic,too much or too many
15342,syntactic,"same, identical, same thing"
16214,syntactic,bounding box coordinates
16271,syntactic,Same or similar
17723,syntactic,section headers and structure
18988,syntactic,mathematical expressions and formulas
20599,syntactic,external links and references
20792,syntactic,both
23687,syntactic,names followed by verbs
26374,syntactic,technical keywords followed by punctuation
26471,syntactic,more parameters
33762,syntactic,articles asking why or what
35785,syntactic,in [context word]
37901,syntactic,numbers and digits
40240,syntactic,numeric identifiers
41220,syntactic,while clauses
45338,syntactic,FastText sequences
45498,syntactic,coding execution block
55722,syntactic,return empty list
64791,syntactic,activities described below
70177,syntactic,explains or finds
71883,syntactic,"Therefore, the answer is"
86996,syntactic,parentheticals and citations
103672,syntactic,comma separated list
103788,syntactic,vice versa
115700,syntactic,list items
124241,syntactic,programming constructs
126496,syntactic,respectively
129673,syntactic,for X period of time
134122,syntactic,eliminating incorrect options
134215,syntactic,"""x"" followed by numbers or specific items"
141877,syntactic,punctuation and numbers
142592,syntactic,code execution control flow
142943,syntactic,number of
148826,syntactic,comprehensive overview
160111,syntactic,"options, scheduled, verification, providers, amount"
166185,syntactic,respectively
169513,syntactic,week
180820,syntactic,resistance is futile
189521,syntactic,geometric and mathematical terms
202903,syntactic,what followed by a pronoun or verb
206606,syntactic,omitted but harmless
211043,syntactic,linking concepts or items
234851,syntactic,second
247401,syntactic,quoted statements
251669,syntactic,"GL, GR, IP, LP, VG, GO"
27,semantic,"skunks, ants, toadstool"
1171,semantic,passed away
1281,semantic,python flask web development
2272,semantic,exploit human biases
3467,semantic,"head-to-head, Spanish GP, historical success"
4689,semantic,eyes seem to focus
6410,semantic,furry or interactive
6895,semantic,nuclear physics and chemistry
7353,semantic,sorting list elements
7813,semantic,expressions of sincere appreciation
8659,semantic,1-800 numbers
8951,semantic,running list
9262,semantic,bitcoin keys
9483,semantic,preferring choices
9490,semantic,colors and appearances
11068,semantic,numerical values or specifications
11142,semantic,specialty chemistries
11466,semantic,"tidyverse, iomanip, RColorBrewer"
11905,semantic,researchers and faculty publishing
12016,semantic,car sales and models
12302,semantic,"security, code, game mechanics"
12338,semantic,journal names and categories
13485,semantic,sit or seated position
14501,semantic,sensations and feelings
14582,semantic,indices `i` to `j`
14622,semantic,"vanishing gradients, long-range dependencies"
14703,semantic,agree with
14984,semantic,behavior of matter and energy
16207,semantic,intended recipient or target
16808,semantic,multiplayer competitive gaming
16836,semantic,from the Republic
17226,semantic,approximately or around numbers
17300,semantic,previous or earlier
19488,semantic,"higher priority, increased throughput, higher price"
19736,semantic,lack of or absence of
22383,semantic,dealing with complexity
23675,semantic,"ways, manners, methods"
24973,semantic,foreign language or concepts
26168,semantic,1-800-THE-LOST
27689,semantic,vertical lift and height measurement
29469,semantic,causal event narrative
29735,semantic,"Quentin Tarantino, Call Me"
30751,semantic,overlooking or neglecting details
31227,semantic,neighbors and children
34545,semantic,hair loss and alopecia
37898,semantic,succession claims and royal lineage
38461,semantic,research and experiment
38786,semantic,github repository names
39225,semantic,"Organizations, services, and technical terms"
39711,semantic,first time
42680,semantic,urban cities and development
43551,semantic,exist or were created
45055,semantic,experiencing or navigating situations
46429,semantic,"""rental"" property listing"
46514,semantic,agreement or disagreement
47394,semantic,woke up
47741,semantic,price or cost information
48720,semantic,estimates and change constantly
50757,semantic,value and skill
50972,semantic,quantifiable properties or specifications
53037,semantic,"custom miniature, AI solutions, tailored dashboards"
58830,semantic,vaccinations and health precautions
60451,semantic,numbers and division
61002,semantic,latitude or longitude range
63812,semantic,Authentication and security features
65934,semantic,height or dimensions
66971,semantic,interested in
67430,semantic,the only way to
67567,semantic,"half, half, half, halves"
71072,semantic,operating system or build system
74792,semantic,lack of quality or value
75922,semantic,the last
79131,semantic,performance for its size
80873,semantic,abbreviations for technologies and concepts
82083,semantic,understanding before clarification
87384,semantic,geological formations and processes
89494,semantic,enjoying significant
92448,semantic,citations and references
93405,semantic,calculating quantities
95842,semantic,technical acronyms and names
97209,semantic,ideas for recipients or occasions
102171,semantic,hazard ratios and effect sizes
105018,semantic,dialogue context or explanations
110555,semantic,"limited risk, potential profit"
113904,semantic,database connection details
114308,semantic,back then
116985,semantic,"sales, price, structure, affairs, bamboo, animals"
123768,semantic,affiliation and rivalry
125967,semantic,internet and online services
126964,semantic,rectangle area and perimeter
128871,semantic,"actions: soak, tune, update, decorate, train, convert"
136868,semantic,"甄嬛传, initial, Hook, powerful, aging, married, plots, raping"
144222,semantic,resulting from or incurred by
144469,semantic,transportation methods
147399,semantic,inspired by
156494,semantic,until recently
161072,semantic,Saudi Arabia
161610,semantic,"mental health, adequate nutrition, cognitive"
163365,semantic,area of the triangle
171119,semantic,Scientific names
171389,semantic,signal noise inference
175316,semantic,"courtship, marriage, relationships"
175813,semantic,"history, past, antiquity"
181172,semantic,waste
184327,semantic,under the title or pseudonym
186237,semantic,realizes regret
193013,semantic,study citation
196777,semantic,"story, plan, process, theory, explanation"
218920,semantic,line followed by :**
219248,semantic,manipulating instruments
221739,semantic,"email, https, address"
227443,semantic,rabbits and chickens
227957,semantic,before events or specific times
230145,semantic,"privacy, personal information, location"
238913,semantic,word definitions and origins
242163,semantic,termination regarding final pay
252642,semantic,fear of failure
3903,other,ōng
5153,other,determine what to do
8142,other,describing Gemma characteristics with pronouns
9956,other,"say, like, shall"
27425,other,calling from
40122,other,whether you are a
53319,other,"asking ""how"" it works"
87210,other,certain words
113699,other,end punctuation!
123603,other,don't exist yet
131999,other,common prefix
156880,other,someone else
174384,other,"less, smaller, minimal"
10647,syntactic,1. Introduction
28158,syntactic,positive descriptions after 'was'
18308,semantic,board or boards
457,other,
1562,other,
2505,other,
3477,other,
4043,other,
5056,other,
6839,other,
8786,other,
9865,other,
10084,other,
10720,other,
12025,other,
12097,other,
15859,other,
15894,other,
16352,other,
16496,other,
16561,other,
17281,other,
17515,other,
17699,other,
19211,other,
19952,other,
20403,other,
21128,other,
24228,other,
24528,other,
24975,other,
28407,other,
29521,other,
29923,other,
30080,other,
31508,other,
31982,other,
32307,other,
33602,other,
35234,other,
36269,other,
36483,other,
37906,other,
38533,other,
41080,other,
43124,other,
44671,other,
51006,other,
51197,other,
57422,other,
59146,other,
60726,other,
61108,other,
62024,other,
62972,other,
67342,other,
69383,other,
73824,other,
75814,other,
78899,other,
80662,other,
81815,other,
85565,other,
86781,other,
88133,other,
89315,other,
92053,other,
94938,other,
95958,other,
97534,other,
97537,other,
103133,other,
103143,other,
106042,other,
106377,other,
108439,other,
110350,other,
112044,other,
120812,other,
121819,other,
124718,other,
132988,other,
135488,other,
136294,other,
140778,other,
145908,other,
147516,other,
147569,other,
153482,other,
153854,other,
156104,other,
157902,other,
160145,other,
161153,other,
163892,other,
166154,other,
167254,other,
171655,other,
172424,other,
178180,other,
178562,other,
180065,other,
184282,other,
185132,other,
190346,other,
191742,other,
192962,other,
196261,other,
198707,other,
200673,other,
204783,other,
207074,other,
207930,other,
208441,other,
213135,other,
215910,other,
231409,other,
231688,other,
231833,other,
232137,other,
233190,other,
245145,other,
246389,other,
249136,other,
258448,other,
39,syntactic,kinds of
111,syntactic,**
184,syntactic,the particular phrase
833,syntactic,https links
1237,syntactic,numbers and points
1678,syntactic,summarizing or comparing
3985,syntactic,. followed by file extensions or commands
5783,syntactic,at its core
7152,syntactic,; it
7200,syntactic,answer is
7615,syntactic,we will
8077,syntactic,that
8635,syntactic,"pseudo, quasi, ~"
8644,syntactic,it's
8787,syntactic,better than
10099,syntactic,* lists
11048,syntactic,"left, right, direction"
11297,syntactic,keywords and non-english words
11300,syntactic,numbers denoting quantity
11635,syntactic,listing actions or functions
11792,syntactic,"definitions of ""means"""
12230,syntactic,time ago
12927,syntactic,"when, where, which, how, can, should"
13075,syntactic,perfect / ideal
13093,syntactic,lambda expression
13658,syntactic,"list, array, files, keywords"
14447,syntactic,short or sort
14690,syntactic,finding or noticing
15595,syntactic,"for = """
15016,syntactic,create vue or nebula
17181,syntactic,"calculates, forms, takes, logs"
17362,syntactic,dictionary keys
17378,syntactic,specific parts or concepts
17648,syntactic,"crucial, key, vital, essential"
18141,syntactic,if clauses
18350,syntactic,how many/much
19721,syntactic,coefficient / polynomial
20998,syntactic,entity classification
21982,syntactic,reliant on
22007,syntactic,"link href="""
23632,syntactic,polishing text phrasing
24308,syntactic,top 5
25484,syntactic,if not
27194,syntactic,anticipate future events
27357,syntactic,image generation prompt words
27623,syntactic,source of
27656,syntactic,questions starting with where
27703,syntactic,initialized with
27928,syntactic,for everyone
29037,syntactic,numerical calculations
29441,syntactic,ticking boxes
31997,syntactic,sql SELECT statements
32305,syntactic,`newline=''` in file writing
32486,syntactic,"joke, mistake, explanation"
33506,syntactic,to [verb/noun/pronoun]
33744,syntactic,'enum' keyword or type definitions
34353,syntactic,breakdown of options and frequencies
35095,syntactic,"executed when, than two, outside the"
36191,syntactic,multiple ways
36270,syntactic,"while others, and some"
36457,syntactic,mathematical expressions
36653,syntactic,some people
37255,syntactic,solution to
37266,syntactic,squared terms in equations
37420,syntactic,which
37687,syntactic,boolean false;
38816,syntactic,believed tothought to
39392,syntactic,"numbers, colors, or specific adjectives"
40087,syntactic,error handling or invalid input
40535,syntactic,"one, question, first, attempt"
41726,syntactic,"consequently, therefore, accordingly"
42341,syntactic,where can i find
42802,syntactic,cite sources or references
42866,syntactic,maximum or latest
43240,syntactic,list and code structure
43509,syntactic,soon / shortly
44144,syntactic,sufficient quality or state
45925,syntactic,if checks
78,semantic,mask wearing and protocols
215,semantic,vocal sounds and pronunciation
1221,semantic,affordable housing
1661,semantic,income generation and reliance
1990,semantic,socket.io and chat
3249,semantic,HTTP request status checks
3803,semantic,academic study titles
4696,semantic,recursive functions
4850,semantic,customer service and assistance
5194,semantic,risk and loss avoidance
5639,semantic,collapse of order
5957,semantic,mathematical increases and positive placements
6188,semantic,"patent, refuge, opposing counsel"
6276,semantic,"wedding, bridal, and couples events"
7548,semantic,bloodstream and digestion effects
7881,semantic,dramatic natural landscapes
8337,semantic,cosmic microwave background universe galaxies
8450,semantic,goalkeeper
8625,semantic,laser
8674,semantic,"epistemology, epicaricacy, etus, epithelial"
8895,semantic,national center for missing and exploited children
9120,semantic,manufacturing partnerships
9749,semantic,clarity and vagueness
9782,semantic,"chain, probability, symmetric, electricity"
10110,semantic,"restorations, intricate details, authenticity"
10497,semantic,growth rates
10686,semantic,responsible AI ethical implications
11264,semantic,"limited, candor, under 30"
11436,semantic,musical descriptions and transitions
11739,semantic,governance or university affiliations
12282,semantic,product categories
12374,semantic,commenting out or fixing issues
13685,semantic,scaling laws
14428,semantic,hypothetical or conditional situations
14554,semantic,"scientific method, experiments, proposals"
14693,semantic,acceptance of imperfections
14762,semantic,interest and calculations
14854,semantic,soil geotechnical stability
15001,semantic,park or parking followed by a place name
15046,semantic,dates and years
15270,semantic,safe and
16410,semantic,significant downsides or challenges
16689,semantic,web-based cloud SaaS
17400,semantic,maintenance
17527,semantic,unit conversion and measurement equivalences
17656,semantic,propagation of waves
18054,semantic,legal arguments and precedents
19004,semantic,dorm room items and activities
19319,semantic,SQL integer types and constraints
19931,semantic,workplace safety hazards
19957,semantic,azurerm and aws provider configuration
20111,semantic,flexbox column css drag
20339,semantic,"clockwork automaton, music box, greeting cards"
22175,semantic,traffic or roads
22189,semantic,diarrhea and gastroenteritis
22281,semantic,"tailbone, tailcoat, tails"
22508,semantic,colors and descriptors
22583,semantic,CAGR and half-life
22630,semantic,"hate speech, discrimination, identity characteristics"
22676,semantic,economic growth and stability
23898,semantic,New York City
23920,semantic,eigenvectors and eigenvalues
23938,semantic,months of the year
24317,semantic,sports events and dates
25040,semantic,image processing and computer vision
25853,semantic,All Knower
26315,semantic,"noise, barking, or complaints"
26951,semantic,sed command
28460,semantic,library and librarians
28622,semantic,networking with others
29194,semantic,curve simplification epsilon cv2.approxPolyDP
29605,semantic,access to places
30534,semantic,specific ID
30699,semantic,"axial load, shape, fracture"
30885,semantic,states are
31502,semantic,hovering or floating above ground
31736,semantic,stock investing and financial news
32769,semantic,regional or administrative divisions
32782,semantic,job postings agency
34141,semantic,movement and rotation
35375,semantic,"respiratory, renal, saturation, effusion"
35732,semantic,"nel parco, nonlinear optimization, NLTK"
35942,semantic,defining mathematical variables
36935,semantic,"invention, inventors, assignee, applicable"
37482,semantic,performance with other models
38111,semantic,job offer closings
38215,semantic,manufacturing motors
38804,semantic,adults can be hurt or vulnerable
39145,semantic,strains of viruses and bacteria
39590,semantic,negative emotional states and intense experiences
40341,semantic,propagating or distributing information or traffic
40598,semantic,supercavitating projectiles
40741,semantic,Psalm chapters and references
43547,semantic,strength and resilience
44998,semantic,financial independence for women
46458,semantic,heart rate during exercise
46849,semantic,military and naval incidents
47296,semantic,don't rely or risk
1233,other,be prepared to listen
4481,other,ready when you are
5849,other,model
6907,other,normalization division width height
7279,other,informational and educational purposes
8909,other,Math.max
10827,other,sequences of numbers and operations
11961,other,function calls and declarations
13330,other,note to or about
15074,other,flow direction and loss
17833,other,¡Claro!
18026,other,identifying strengths
19905,other,"Due Diligence, Cost, Do, Long"
20975,other,asking for help or options
21898,other,`cout <<` statements
26957,other,my programming purpose
31939,other,ตาม (Thai)
32160,other,"acknowledges ""understand you"""
33808,other,unsettling feelings and impressions
43831,other,soft
45916,other,industries and products
48136,syntactic,code block delimiters
48641,syntactic,website:
49067,syntactic,we / I + verb/action
50687,syntactic,understanding the approach
50749,syntactic,many/several/numerous followed by a noun
51105,syntactic,generally leads to
52714,syntactic,years including 1966
54178,syntactic,a or an followed by a noun
56983,syntactic,bottom/base/ground locations
59040,syntactic,over or coast
62196,syntactic,making two types
63624,syntactic,metrics and formulas
64370,syntactic,fractions or mathematical expressions
64394,syntactic,"not, without"
64591,syntactic,"yes, it's"
65269,syntactic,might + verb
65296,syntactic,shapes and sizes
65777,syntactic,HTML closing tags
68275,syntactic,"contributed, also, bowled, does, important"
68786,syntactic,both ... and
71217,syntactic,welcome to the channel
71271,syntactic,I followed by verbs
73158,syntactic,counts and lists
73219,syntactic,code blocks or tables
75777,syntactic,I followed by a verb
75797,syntactic,variant of
80544,syntactic,go to
81639,syntactic,double-check or verify
84403,syntactic,"""it's about"" or ""about"" followed by a noun"
84953,syntactic,this is
85046,syntactic,contextual prepositions or pronouns
85377,syntactic,time durations
85492,syntactic,"player, trader, investor"
89257,syntactic,"Benefits, Qualifications, Cost, Employee"
93731,syntactic,if not isinstance
102504,syntactic,someone might
103862,syntactic,$ per unit
104571,syntactic,"gradually, slowly, eventual"
104694,syntactic,commented out
105305,syntactic,disappointment after anticipation
109264,syntactic,object or `thing`
109903,syntactic,phrase starters
122110,syntactic,conditional clauses
126106,syntactic,public modifiers
129067,syntactic,correcting mistakes
129131,syntactic,parentheses or brackets
129559,syntactic,on the
130244,syntactic,pronoun followed by verb
131868,syntactic,purpose of
133485,syntactic,unique variations
137292,syntactic,inscribed or embedded
142638,syntactic,"size, quantity, zero, infinity"
143991,syntactic,You won't believe
143998,syntactic,exceeded expectations
144766,syntactic,asking another to try something
146201,syntactic,"words after ""during"" (foreign)"
147360,syntactic,line splitting boundary
148894,syntactic,cannot or incapable of
149942,syntactic,equations and symbols
150902,syntactic,"classifications, dynamics, falsely"
151310,syntactic,'o' sound followed by a consonant or nasal
152935,syntactic,* Therefore
155863,syntactic,no right or wrong answer
157162,syntactic,my birth / the flag / the case
162893,syntactic,improving the passage
165521,syntactic,$
165747,syntactic,purpose of
171522,syntactic,change or modification
179476,syntactic,numbers and code snippets
179958,syntactic,'
181366,syntactic,closing of formal correspondence
182631,syntactic,multi-language words
190003,syntactic,specific placement or boundary
194063,syntactic,roles with actions
196266,syntactic,"duck, quote, sentence end"
198005,syntactic,millions
198131,syntactic,estimates and units
199795,syntactic,questions and explanations
200500,syntactic,one of a list
200810,syntactic,help you
200937,syntactic,struggle with
202644,syntactic,do you good
203337,syntactic,excuses liability or performance
204018,syntactic,still
49250,semantic,Iran sanctions foreign investment economic instability
51111,semantic,"Normandy, France, Conquer, Camembert"
51113,semantic,tax codes and numbers
52493,semantic,css display: block
53683,semantic,standing or leaning
53775,semantic,database schema creation
54911,semantic,causes of wars and events
54954,semantic,cors
55253,semantic,water resource management
55643,semantic,medical analysis and reports
55735,semantic,bowl or basin
56854,semantic,rules or conditions
57203,semantic,extreme value estimation
59929,semantic,managing or reducing pandemic effects
61826,semantic,lung injury and inflammation
62688,semantic,cosmic impact events
63321,semantic,"plastics, composites, and materials"
63482,semantic,competitions and tournaments
64132,semantic,roadblocks and impediments
64162,semantic,odoo
65030,semantic,courses and learning
65222,semantic,words with similar meanings are closer
67746,semantic,on demand
68352,semantic,infrastructure maintenance and administration
68430,semantic,authentication and user data retrieval
69250,semantic,"Joseph narratives, biblical names"
71789,semantic,focusing on revenue and management
72733,semantic,contrast conjunctions
74905,semantic,tokens versus words
75939,semantic,"spherical aberration, lens shape"
76786,semantic,"legal checklists, compliance, guidance, counsel"
77328,semantic,iron in oceans
79380,semantic,iranian films or dramas
80769,semantic,expecting a baby
84544,semantic,city populations and statistics
84318,semantic,dependencies in Cargo.toml
87845,semantic,long-term planning and timescales
89039,semantic,pointers and memory management
89239,semantic,location breakdowns
91898,semantic,Material UI components
98492,semantic,"player, door, consequences, lives, interaction, relationships, friendly, money"
99881,semantic,inertial fusion or confinement
101463,semantic,"risk-taking, moderation, social, ethical"
103200,semantic,"DNA replication, binary fission"
103371,semantic,exits and interchanges
105289,semantic,Mount Everest and Nepal
106160,semantic,earn a commission
106280,semantic,resale value and longevity
107691,semantic,level authorization clearance switches
107809,semantic,Serbian/Federal position
107831,semantic,scouts
109456,semantic,distinction or sameness
113207,semantic,discussions and questions
115154,semantic,replaces or is replaced by
116445,semantic,mysqli database connection
117207,semantic,language and grammar rules
117725,semantic,animal or Animalia kingdom
119146,semantic,piston movement in cylinder
120802,semantic,penalty shootout
125997,semantic,ranked lists or scores
127783,semantic,digital
128520,semantic,air expands and cools
129960,semantic,"derivative, copying, stealing"
130087,semantic,mathematical fraction formulas
138818,semantic,"senior officials, leaders, and colleagues"
139834,semantic,"price, cons, downsides"
142230,semantic,hope and expectation
143770,semantic,vector coordinates and operations
144711,semantic,`z = z * z + c`
145953,semantic,Earth planet
149398,semantic,golden brown
150461,semantic,chess set notations
152049,semantic,declaration submitted registered
153823,semantic,joy and thrill
154771,semantic,campaigns and journeys
155537,semantic,weather patterns and consequences
157642,semantic,technical support roles
159696,semantic,final model or production
160030,semantic,aircraft and golf
163868,semantic,outward movement and transformation
165164,semantic,measurement and interpretation
165493,semantic,acceleration
171162,semantic,begging the question or circular reasoning
172715,semantic,Ann
174040,semantic,scanning application capabilities
174805,semantic,"benefits, allowances, housing, retirement, year"
176488,semantic,wants to
181355,semantic,solar services
182488,semantic,engine specs
182818,semantic,engineering fields
185118,semantic,so bad it's good
187896,semantic,dangers of hate speech
192833,semantic,code comments and declarations
195316,semantic,health or treatment decisions
195608,semantic,commands and instructions
198054,semantic,over time deterioration
201264,semantic,cause harm or violence
203320,semantic,casts a shadow
47781,other,asking for harmful information
51253,other,**with a**
53425,other,past experiences
63759,other,hallucinate facts
70134,other,afternoon sun
80430,other,wished I could regret
94658,other,have a heightened responsibility
94882,other,asking questions is okay
104551,other,regulations govern or operational training
113361,other,perceive or consider failure
113859,other,"Rush, OTH, masts, man-made"
142360,other,cross paths again
204215,syntactic,citations and years
205719,syntactic,mode
211566,syntactic,"please note, see photos, don't miss"
213187,syntactic,negation
216014,syntactic,form and results
229600,syntactic,"punctuation, especially sentence endings"
231831,syntactic,While
233311,syntactic,keep only
234690,syntactic,because
236850,syntactic,in a world
239453,syntactic,how much/many
254548,syntactic,capitalized words
256664,syntactic,process steps:
256669,syntactic,live content is available
257320,syntactic,code check diagonals
204247,semantic,bit of practice
204959,semantic,paying attention to present
208943,semantic,carpets and related items
211385,semantic,"alerts, foreign certifications, recommendations"
211639,semantic,striving for achievement and admiration
212324,semantic,maintaining protocols and continuing policies
217273,semantic,Southern Poverty Law Center
218467,semantic,"3Blue1Brown, mathematics, calculus"
218529,semantic,billions or trillions
218588,semantic,"strength, intensity, amplitude"
219208,semantic,before and after measurements
221147,semantic,with age
221576,semantic,past mistakes regretful choices
221628,semantic,holds its shape
221711,semantic,scattered away blue light
224567,semantic,particles and their interactions
226800,semantic,distance measures and metrics
231995,semantic,probability of life elsewhere
232985,semantic,marketing strategies and market analysis
239899,semantic,mathematical structures and definitions
243550,semantic,draped over
245113,semantic,AWS services and products
248188,semantic,name variations and origins
249775,semantic,love of / for
252469,semantic,not explained by classical physics
254218,semantic,remote verification ID
254636,semantic,market and economic factors
259318,semantic,USD to EUR conversion
213183,other,be followed by outcomes
4810,other,
6385,other,
6653,other,
6869,other,
7480,other,
8152,other,
9153,other,
12632,other,
14292,other,
15056,other,
17495,other,
20174,other,
21094,other,
22386,other,
23796,other,
25578,other,
27858,other,
30430,other,
32377,other,
34100,other,
34752,other,
36241,other,
38527,other,
43744,other,
46611,other,
47727,other,
49650,other,
51490,other,
57672,other,
58525,other,
59346,other,
61320,other,
63977,other,
66118,other,
66434,other,
69216,other,
70017,other,
70174,other,
74937,other,
84182,other,
84863,other,
86176,other,
93195,other,
96496,other,
99825,other,
100445,other,
100551,other,
101462,other,
109101,other,
115189,other,
118808,other,
120272,other,
122006,other,
128376,other,
131312,other,
131387,other,
132572,other,
143174,other,
144102,other,
144269,other,
144420,other,
144736,other,
153305,other,
153550,other,
160604,other,
172163,other,
174367,other,
176813,other,
179347,other,
184607,other,
185010,other,
188099,other,
192046,other,
192890,other,
193525,other,
200222,other,
209680,other,
219503,other,
224179,other,
225512,other,
235916,other,
239006,other,
246491,other,
251275,other,
251990,other,
252336,other,
255664,other,
256907,other,
260557,other,
260759,other,
261742,other,
189,syntactic,aspects of
657,syntactic,find or given a task
811,syntactic,have attached / have been
1245,syntactic,map keys
2104,syntactic,URL paths and file references
2242,syntactic,ratings on a scale of 1-5
2593,syntactic,lists
2657,syntactic,asking questions
3341,syntactic,length or duration
3710,syntactic,state or components
3964,syntactic,chapter titles
4165,syntactic,numbers/digits possibly part of lists/coordinates
4277,syntactic,URL paths
4449,syntactic,crucially
5177,syntactic,numbers and quantities
5710,syntactic,assumptions or examples
6194,syntactic,"fully, completely, entirely"
6538,syntactic,numbers and often followed by units
6555,syntactic,SPDX-License-Identifier MIT
7078,syntactic,json objects as names
7414,syntactic,according to
7435,syntactic,mathematical expressions and code
8879,syntactic,determining rotations or market items
9479,syntactic,asking 'how can'
9829,syntactic,foreign articles and conjunctions
10517,syntactic,magnitude represents
10568,syntactic,article titles and content structure
10701,syntactic,URLs and file paths
10865,syntactic,"numbers after ""the"""
11348,syntactic,questions about length or quantity
11561,syntactic,) followed by and
12004,syntactic,TL;DR
12395,syntactic,global context
12594,syntactic,special characters and code punctuation
12899,syntactic,specification lists
13577,syntactic,in... this / the
14347,syntactic,numbers and measurements
14466,syntactic,approximately before numbers/quantities
14558,syntactic,presents challenges
15624,syntactic,explains purposes or limitations
16037,syntactic,multiplication calculations
16383,syntactic,code comments and structure
16450,syntactic,original input or error
16590,syntactic,among other
16778,syntactic,regardless of
17088,syntactic,parsing symbols or code structures
17336,syntactic,possessive pronoun followed by noun
17825,syntactic,numbers and punctuation
17911,syntactic,"past, previous, before"
17955,syntactic,`//` or `)`
18465,syntactic,justifying or forming specific
18950,syntactic,URL separators or domain endings
19118,syntactic,module exports require
19180,syntactic,what you want
19345,syntactic,'@' import components
19783,syntactic,"hesitation or trailing off ""I just"""
19813,syntactic,"any, anyone, if"
20302,syntactic,with + phrase
20446,syntactic,"one, single, first, largest"
21973,syntactic,"positive, formal, consistent"
22515,syntactic,numbers or punctuation marks
23239,syntactic,most common route or scenario
23799,syntactic,define clause provisions
25028,syntactic,mathematical or numbered calculations
26950,syntactic,alternatives and frustration
30278,syntactic,what followed by verb
30986,syntactic,what others have would
31149,syntactic,x relates to y in a four-to-four
31311,syntactic,words starting with 't'
34562,syntactic,for simplicity
34720,syntactic,find more information
35241,syntactic,"exactly, identical"
35307,syntactic,everything
37262,syntactic,identifying/discernible elements
37267,syntactic,larger than
37605,syntactic,consists of
37701,syntactic,not exclusively
38052,syntactic,default value
38716,syntactic,not yet
39770,syntactic,Option 1
40343,syntactic,a poetic line break
40354,syntactic,aiming to include
40600,syntactic,device or service information
40711,syntactic,comma-separated lists
41778,syntactic,icon attributes
42425,syntactic,contextualizing foreign locations
45063,syntactic,"efficient, dependency, regression"
45871,syntactic,measuring or measure
46308,syntactic,package version numbers
47219,syntactic,can be
49095,syntactic,numbers in sequences
50178,syntactic,on a / on the
51426,syntactic,hexadecimal values and hash
52264,syntactic,mathematical expressions and code
53061,syntactic,e.g
53439,syntactic,divide components by length
53469,syntactic,the [concept]
53484,syntactic,all project information
53557,syntactic,scale based on needs
54394,syntactic,already exists
54816,syntactic,difficulty or challenge
55218,syntactic,"unlever, temporary, initially, unable"
56262,syntactic,be used
56614,syntactic,explicitly state or clarify
56754,syntactic,"rare, relatively rare, very rare"
773,semantic,course topics
786,semantic,NAMI
884,semantic,mybatis flags and updates
1417,semantic,Ukraine allies aid Zelenskyy
1653,semantic,personally identifiable information
2191,semantic,"the ""word"" definition"
2397,semantic,answer to life
2461,semantic,magnifying objects
3289,semantic,market direction and stock prices
3323,semantic,November 11th Veterans Day
3782,semantic,moving delivery service
3841,semantic,decompressing or deblurring
4386,semantic,evaluations and assessments
4817,semantic,times per second
5697,semantic,Reuters news headlines
5880,semantic,countries and continents
7326,semantic,licensing and copyright
7338,semantic,walking then
8298,semantic,economic conditions and crises
8513,semantic,ber- related words
8596,semantic,book titles
8748,semantic,address and zip code
8873,semantic,Funds and ETFs
9213,semantic,API authorization headers
9229,semantic,django framework
9272,semantic,compounding frequency
9931,semantic,emergency declarations and measures
9934,semantic,loyalty and choosing a brand
10511,semantic,rather than
11064,semantic,ensure accountability and strategic delivery
11696,semantic,training methods and resources
11935,semantic,airport transfer to accommodation
12182,semantic,expert group recommendations
12473,semantic,leaning against
12774,semantic,healthy diet and lifestyle
13495,semantic,"tools, libraries, plugins"
13651,semantic,fees and costs
14430,semantic,"imaginable rates, highest environments"
15187,semantic,express code and server setup
16080,semantic,business and financial reporting
16751,semantic,body parts and systems
17467,semantic,Direct effect of EU directives
17594,semantic,"bou, bo, belarusian, bulgarian"
18119,semantic,"financial terms like taxes, interest, depreciation"
18369,semantic,teacher for children
19608,semantic,tooth nerves
20014,semantic,modulo arithmetic
20710,semantic,space agency
23418,semantic,"deliberate, planned, systematic actions"
23489,semantic,locations and places
23617,semantic,Meiji Jingu Shrine
24829,semantic,rental property or storage
25601,semantic,"largest, most, record"
26861,semantic,aggregate value
27756,semantic,companies
27866,semantic,news media and press releases
28733,semantic,"master suite, king bed, private balcony"
29098,semantic,"company customers, mission, or work"
30156,semantic,specific or specialized
30876,semantic,negotiated and discussed
30973,semantic,statistical sampling and parameters
31006,semantic,disease and parasites
31360,semantic,consider sponsorship
32573,semantic,interest rates and monetary policy
33305,semantic,modellearned from data
34092,semantic,"average, variance, standard deviation"
34738,semantic,regular before adverbs or nouns like practice/meditation
37329,semantic,producer and exporter
38226,semantic,Authorities and officials
39489,semantic,investment terms like 'ETFs' and 'buy or sell'
40244,semantic,low interest rates
44472,semantic,safe and healthy
44787,semantic,no prior experience
46232,semantic,how efficiently it uses assets
49540,semantic,days of the week
49598,semantic,vintage historical imagery
52793,semantic,without consent
54139,semantic,random number generation
56492,semantic,"design, manufacture, and sell"
1102,other,very seriously
1755,other,value and importance
7386,other,please read that
7647,other,feeling confused or asking questions
16799,other,financial and time measurements
17494,other,make decisions
20979,other,best types or choices
30947,other,ip address
31945,other,order and related concepts
32392,other,various aspects of self
46968,other,forget yesterday or separate
57806,syntactic,but
59388,syntactic,each followed by a singular noun
59438,syntactic,"examine, following, commitment"
61004,syntactic,adjectives followed by nouns
63030,syntactic,maximum or minimum
63308,syntactic,"filename, files, hashes"
63355,syntactic,list markers
65632,syntactic,"Every ""X"" has a ""Y"""
69712,syntactic,explaining no single answer
70977,syntactic,key indicators
71863,syntactic,sequence length input
74008,syntactic,headers
74707,syntactic,display Bible
74965,syntactic,correctly
77946,syntactic,May/might not have/lack
80748,syntactic,explicitly states/printed
81761,syntactic,everywhere
82935,syntactic,following 'the' or 'this'
85810,syntactic,why the
86212,syntactic,not censored
87455,syntactic,craft a
92488,syntactic,blame for being
94920,syntactic,both / combination
99987,syntactic,lists of things
101766,syntactic,individuals deserve respect and agency
102113,syntactic,numbers to be drawn
108401,syntactic,justification or reasoning
111990,syntactic,starting or direction
112155,syntactic,"unbutton, detach, take back, use, pull out"
123252,syntactic,we're given/are/dealing/have/looking
123758,syntactic,Here's how to solve
124931,syntactic,if i understand
126404,syntactic,"primary, key, dominant, norm, most"
134594,syntactic,code structure initialization
135428,syntactic,this / this này
139171,syntactic,"cons, weaknesses, limitations"
141295,syntactic,ask for exact details
142684,syntactic,However
148970,syntactic,overall impression
149141,syntactic,positive quality options
149540,syntactic,max followed by parenthesis
153646,syntactic,parts of
156047,syntactic,code and formatting
158294,syntactic,no guarantee
159524,syntactic,instead of
159628,syntactic,paying attention only to
160198,syntactic,brief or briefly
161813,syntactic,how much/many
162357,syntactic,prohibition against
162824,syntactic,"He assumed, was, is, has"
168754,syntactic,**Tracking progress toward goals**
168757,syntactic,with a
168969,syntactic,aligns with
169568,syntactic,plus indicators
176320,syntactic,"admittedly, frankly, honestly, suppose, again"
178834,syntactic,phrases or sequences ending in punctuation
184023,syntactic,other [qualifier]
189505,syntactic,different answers and approaches
190500,syntactic,first line
192011,syntactic,the followed by noun
193093,syntactic,"output, operating, power, BEC"
205922,syntactic,multilingual word fragments
206237,syntactic,"`i` followed by `=`, `*`, or `%`"
209991,syntactic,fraction p/q
210429,syntactic,isn't just X
210563,syntactic,`}` code blocks
211187,syntactic,according to critics
213818,syntactic,proving possibility or uncertainty
217208,syntactic,It started
217821,syntactic,numbers
219931,syntactic,section 2
220403,syntactic,HTML/XML closing tags and attributes
222634,syntactic,no limit or restriction
224102,syntactic,in * or a
229928,syntactic,personal pronouns and references
231027,syntactic,you could say
234384,syntactic,appearances of figures
235111,syntactic,mentioned
235717,syntactic,known each other
244961,syntactic,**importance or special notes**
250244,syntactic,asking about you
251307,syntactic,no evidence that
251333,syntactic,aswell
253845,syntactic,"Same as, similar to"
254102,syntactic,programming code snippets
256782,syntactic,"parts of a list, enumerations"
258469,syntactic,technical compliancy
57079,syntactic,mentioning or referencing
73186,syntactic,part of
180003,syntactic,"effect, receptors, pain, CAN, entropy, prediction, dynamics"
57155,semantic,percentages and calculations
57572,semantic,"trope, typical, initiate"
60474,semantic,"fairly, fairness, mature, reasonable"
60715,semantic,incorporates decoration or motifs
63821,semantic,"toxic, poisonous, toxicity"
66227,semantic,salary and wages
66295,semantic,funding and grants
67269,semantic,units of measure
67472,semantic,"financial assistance, costs, allowance"
69330,semantic,"limit, estimate"
70187,semantic,CVE-
71506,semantic,Confidential Information and statements
72385,semantic,compatible with
72773,semantic,address underlying issues and reasons
72829,semantic,prayer to God
75003,semantic,export promotion council
76135,semantic,"percentage calculation, ratio, comparison"
76199,semantic,human-readable file sizes
77006,semantic,ImGui setup
79534,semantic,legally in possession of authorisation
79932,semantic,legally placed on the market or new residents
82126,semantic,potential losses and individual value
82940,semantic,mechanisms of action
82974,semantic,Kim Jong Un and North Korean leadership
87664,semantic,2018
87964,semantic,monthly pricing
89813,semantic,proper nouns and brands
94614,semantic,"import, retrieve, transaction, Complex"
100029,semantic,business ideas
101669,semantic,random alphanumeric strings
105039,semantic,Project expenditure and funding
107617,semantic,stablecoin
108005,semantic,seasonal times and weather
108241,semantic,sign of harmful intent
110799,semantic,"year, make, model"
113563,semantic,payment and financial transactions
113566,semantic,older hardware or embedded systems
114896,semantic,author's claims and experiences
119811,semantic,awal Bhutto Khamenei Ing
121759,semantic,CO₂ conversion and utilization
123511,semantic,locations and names to sporting events
123589,semantic,quality of products
126779,semantic,working and service terms
130175,semantic,harmful stereotypes
130857,semantic,"PwC, Deloitte, audit, clients"
138082,semantic,refactoring
139550,semantic,synthesize
140048,semantic,supervised training sessions
144094,semantic,valuation and appraisal reports
144973,semantic,growing and spreading
145872,semantic,statistical measures
149139,semantic,dividend payments
150066,semantic,precise orbital determination
154120,semantic,kinematic equations with time and variables
156209,semantic,"season, episode, number"
167786,semantic,personalized advice and recommendations
167934,semantic,Manual
172307,semantic,"King's Landing, retinoic acid, season 4/8"
175349,semantic,fact check links
180805,semantic,speeches about landing or warning
188686,semantic,energy storage and efficiency
193387,semantic,"Wittgenstein, Frege, logic, language"
195764,semantic,sizing and fit issues
196985,semantic,new object instantiation
197724,semantic,order number
203741,semantic,prohibited or forbidden
204338,semantic,original price
208053,semantic,copyright duration and corporate works
211458,semantic,online courses and resources
214784,semantic,gentle assistance or relief
216492,semantic,game loop state
228427,semantic,damage or modifications
231195,semantic,generation speeds
240344,semantic,civil procedure rules
243755,semantic,segregation of duties
248976,semantic,test procedure or requirements
252820,semantic,tax deduction and expense calculation
253613,semantic,"B.Sc., B.A., BBA, B.Tech degrees"
258995,semantic,"base pairing rules A-T, C-G"
259845,semantic,script interpreter
261121,semantic,digging into something
149349,semantic,existential questioning or soccer
106182,semantic,stick to things
131434,semantic,this year feels different
133984,semantic,unique and creative
138363,semantic,or equivalent
248090,semantic,tag prediction for structured data
188328,semantic,"however, but, safety, ethical, principles, will not"
243682,other,"**Explaining Neuron Behavior**To determine the explanation, I need the actual lists: `TOP_POSITIVE_LOGITS`, `TOP_ACTIVATING_TEXTS`, `MAX_ACTIVATING_TOKENS`, and `TOKENS_AFTER_MAX_ACTIVATING_TOKEN`.Once I have those lists, I will follow these steps:1.  **Analyze `MAX_ACTIVATING_TOKENS` and `TOKENS_AFTER_MAX_ACTIVATING_TOKEN`**: Look for recurring sequences or relationships. Are there specific words followed by specific punctuation or other words?2.  **Analyze `TOP_POSITIVE_LOGITS`**: These are the most likely *words* or *tokens* associated with this neuron. They provide clues about the overall concept or domain the neuron is sensitive to.3.  **Analyze `TOP_ACTIVATING_TEXTS`**: Skim these texts to understand the context in which the neuron is most active. Do they share common themes, sentence structures, or topics?4.  **Synthesize**: Combine insights from all lists to identify a unifying pattern.    *   Is it about specific grammatical structures? (e.g., a verb followed by an infinitive)    *   Is it about semantic categories? (e.g., words related to emotion, action, place)    *   Is it about specific formatting or punctuation?    *   Is it about foreign language snippets?    *   Is it about prefixes/suffixes?5.  **Formulate the explanation**: Create a concise phrase (3-20 words) that captures the discovered pattern. It should be specific, avoid jargon like ""tokens"" or ""patterns,"" and not start with ""This neuron detects/predicts"".**Please provide the four lists so I can generate the explanation.**I need the lists to generate an explanation. Please provide the content for `TOP_POSITIVE_LOGITS`, `TOP_ACTIVATING_TEXTS`, `MAX_ACTIVATING_TOKENS`, and `TOKENS_AFTER_MAX_ACTIVATING_TOKEN`"
701,other,
1352,other,
2028,other,
2167,other,
4067,other,
5400,other,
8770,other,
9424,other,
10012,other,
10769,other,
12297,other,
13490,other,
20763,other,
24213,other,
25353,other,
30343,other,
30473,other,
33089,other,
36600,other,
37453,other,
45501,other,
45537,other,
45813,other,
48235,other,
48731,other,
56237,other,
57043,other,
58795,other,
62941,other,
68372,other,
72977,other,
93616,other,
93713,other,
96070,other,
96796,other,
100837,other,
103246,other,
135608,other,
148668,other,
149433,other,
150779,other,
226994,other,
232125,other,
234967,other,
237002,other,
241992,other,
499,syntactic,closing parenthesis period
878,syntactic,not mentioned or reported
2290,syntactic,possessives followed by nouns
3700,syntactic,dialogue tags and quotes
5860,syntactic,"""One day"""
8095,syntactic,time ago
8173,syntactic,studies have shown or suggest
9209,syntactic,contractions
11800,syntactic,Day 1:
15466,syntactic,"phrases starting with ""the"", ""in"", ""we"", ""time"", ""how"""
15666,syntactic,following punctuation
16813,syntactic,most probable / likely
16941,syntactic,impression and seeming
22269,syntactic,ordinarily traditionally usually
31813,syntactic,simultaneously or concurrently
32905,syntactic,closing parenthesis or semicolon
33490,syntactic,"Tagalog article ""Ang"""
36575,syntactic,to be + verb
36594,syntactic,"List items, including lists of all or necessary things"
37146,syntactic,coming soon / scheduled
40424,syntactic,filename extraction
44149,syntactic,the followed by specific nouns
44752,syntactic,specific aspects of something
50828,syntactic,is / determine / compare / function calls
53463,syntactic,"describe, suggesting"
60814,syntactic,dialogue turn separators
71202,syntactic,conjunctions connecting phrases
79808,syntactic,"will consider, ever want, decide to"
93412,syntactic,explains or tells
99146,syntactic,by the
119106,syntactic,into an
130789,syntactic,from
133419,syntactic,entering or continuing in a location
138662,syntactic,let me know
161269,syntactic,My first request
164922,syntactic,follow instructions
184391,syntactic,line breaks
196761,syntactic,`and` followed by punctuation or variable names
216371,syntactic,attributed speech
225530,syntactic,ideal for descriptions
233208,syntactic,"""that"" followed by ""the"""
482,semantic,Khan Academy URLs for math/science/computing
596,semantic,closing or ending
732,semantic,increases
1768,semantic,lucid dreams and hallucinations
2061,semantic,"limits, quotient rule, indefinite fractions"
2330,semantic,Islam and Muhammad
3033,semantic,legal/financial advice disclaimer
4397,semantic,energy generation and solutions
4569,semantic,friendship related words
5260,semantic,news article titles
6525,semantic,reproduce or iterate
6769,semantic,test / testing
7013,semantic,textbook authors and editions
7551,semantic,afternoon activities
8151,semantic,amino acid sequence
8154,semantic,enzymes
9201,semantic,job responsibilities and descriptions
9345,semantic,formation of body parts or structures
9973,semantic,age and drivers in US
10924,semantic,IELTS aptitude tests
12968,semantic,study plans and syllabi
14435,semantic,protein interactions and inhibition
15179,semantic,parent or independent living
17250,semantic,science or related field
17307,semantic,coffee maker filter basket
17357,semantic,"build reputation, get reviews, gather content"
17998,semantic,"healthspan, lifespan extension"
20359,semantic,building or creating
20801,semantic,medical profession
20868,semantic,immune and insensitive
22339,semantic,sharing or shared
23759,semantic,design and build systems
24443,semantic,email drafts
24649,semantic,"building blocks, primary drivers, creators, foundation"
25218,semantic,loss of connection
25627,semantic,entitled / entitlement
26356,semantic,regression and statistical analysis
26392,semantic,Indian film production
28479,semantic,organize space
28639,semantic,topics for conversation
29496,semantic,currently doing or studying
31338,semantic,following meeting discussions
32072,semantic,hotel names and locations
32403,semantic,histogram bins distribution
35537,semantic,correlation with
35631,semantic,"practice questions, exams, problems"
36353,semantic,when certain conditions are met
36564,semantic,Civil War
38164,semantic,stages or levels
38519,semantic,places things are sold
38758,semantic,player roles and experience levels
38912,semantic,cut into cubes or slices
40413,semantic,abiotic factors
41678,semantic,expressing feelings or states
44899,semantic,single guy or man
47512,semantic,win defeated
47837,semantic,budget management
48601,semantic,liquidity and resistance
49310,semantic,emotional connection without explicit details
49440,semantic,download and updates
49557,semantic,interpretations of religious texts
49662,semantic,health concerns or
51572,semantic,"covid, restrictions, dog meat"
52390,semantic,glycerol and its derivatives
55377,semantic,sustained ability and recovery
55482,semantic,fetus and pregnancy
56177,semantic,solution or success
57363,semantic,held at or in
58638,semantic,gas or chemical reactions
59358,semantic,math and computer science problems
61495,semantic,weeks and days
61714,semantic,overseas scam money
62902,semantic,**erase** **culture** **assimil**ate
66281,semantic,released oxygen as byproduct
70534,semantic,organic acids
73673,semantic,books with authors and years
74050,semantic,physician
75130,semantic,sons and daughters
75975,semantic,"nanoscale, atomic, nano"
77175,semantic,start of an action
82190,semantic,their home or country
82510,semantic,Stormworks: Build and Rescue
84558,semantic,skeletons and bones
84625,semantic,specific memory recall
87018,semantic,oxygen transport
87155,semantic,Poisson Brackets
87565,semantic,application requirements
88262,semantic,signing documents
90004,semantic,"COVID, cases, test, centers"
93035,semantic,distinguishing actions from concepts
94524,semantic,clamp and crimp
95521,semantic,anaerobic glycolysis and cellular respiration
97250,semantic,"slows, resists, less"
98439,semantic,temperature ranges with °C
101348,semantic,listing multi-lingual definitions
101350,semantic,gel electrophoresis and protein analysis
102537,semantic,formal declarations and statements
103775,semantic,dwell on or in
107267,semantic,amplify and reinforce
111253,semantic,uncontrolled cell growth
112283,semantic,for centuries/decades/millennia
117707,semantic,Romeo and Juliet relationships
123134,semantic,last minute/stage
123246,semantic,potential impact
124412,semantic,vulnerable children and developing bodies
139901,semantic,pinyin romanization
153402,semantic,abstract method implementation contract
161471,semantic,dialogue cues and parentheticals
166055,semantic,"explaining consequences of ""means"""
167377,semantic,pulling or lifting things
179034,semantic,comparison | comparison | comparación | regulated contexts
181120,semantic,"financial transactions, weather, error handling, country statistics, sexual stimulation, model optimization"
191720,semantic,names of people
197856,semantic,difficult to understand or do
201858,semantic,Would you rather
204259,semantic,package management tools
204938,semantic,"mix, blend, mixture"
208820,semantic,designed to be
209487,semantic,high-paying skilled jobs
211122,semantic,lack of features
217609,semantic,modern versus old time periods
217615,semantic,communication with stakeholders
218456,semantic,today and now
220806,semantic,Vietnamese greetings and conversational starters
225875,semantic,making decisions and judgments
227495,semantic,speaking questions
228398,semantic,medical topics
228403,semantic,expected value calculations
239333,semantic,customs declarations and regulations
8124,other,endExpNow variations
8276,other,St. Olly Prefix
11308,other,correctly handles code execution
12531,other,"a, an, or, of, in, to"
12538,other,"path, acronym, id, title, start"
14037,other,respect boundaries
16486,other,why i cannot
19084,other,work or seconds
25940,other,percentage of
27710,other,exact details unknown
32615,other,center of
32772,other,in your area
33020,other,`human` or `person` often followed by a verb or descriptive phrase
37188,other,skills and experience alignment
41076,other,"reliable device, versatile milk, rich reader, recognizable representation"
42753,other,a
58303,other,**cumulative gain**
67933,other,error returning data
69137,other,entire
70998,other,don't do
88764,other,"body, female, nasal, kernel, large, firmware, user, far, boot"
115938,other,examples of relationships
167440,other,as
204724,other,their closest
240526,syntactic,at [condition]
242398,syntactic,the idea that
246374,syntactic,and/or followed by abstract nouns
248549,syntactic,i'm not sure about
254173,syntactic,range in tone and length
261383,syntactic,thanks to
243628,semantic,"National Football, Golden Gate"
248049,semantic,json parsing and serialization
252045,semantic,mutual assistance
242454,other,all you
2486,other,
4064,other,
19502,other,
21498,other,
26299,other,
30053,other,
31077,other,
32736,other,
37702,other,
41702,other,
67278,other,
73490,other,
75701,other,
81114,other,
82835,other,
113128,other,
127567,other,
131882,other,
144856,other,
147219,other,
163059,other,
193958,other,
233954,other,
30,syntactic,make + noun objectives
1377,syntactic,best
2079,syntactic,put on
3664,syntactic,exploring reasons why
5685,syntactic,arguing or presenting viewpoints
12694,syntactic,Then
12998,syntactic,"create, build, define, query, buy"
13851,syntactic,outputting text with echo
14121,syntactic,phrases offering options or suggestions
14196,syntactic,"packing lists, essentials"
14242,syntactic,recalling or remembering
15576,syntactic,Final Answer: $\boxed{}$
19583,syntactic,"unix timestamp, day index, or number translations"
30252,syntactic,now or today
31995,syntactic,numbers and calculations
36671,syntactic,expressing need or desire
36813,syntactic,python function definition prefixes
48474,syntactic,enum serializer deserializer
60984,syntactic,cloud functions authentication transaction
63575,syntactic,converting data or calculating values
69665,syntactic,no / none / not any
70873,syntactic,javascript code blocks
82086,syntactic,all data elements
93566,syntactic,generate or provide
100629,syntactic,He/She followed by was/finally/grabbed/puts
110712,syntactic,"lists of items, options, or categories"
115339,syntactic,"start, leads, at, by, coach, it"
115917,syntactic,values are expressed as
129828,syntactic,more / comparisons
130708,syntactic,led to
164367,syntactic,"""whether you've just"""
209802,syntactic,break
239244,syntactic,that even
241899,syntactic,input validation and encoding
248684,syntactic,dimensions for measurement units
1695,semantic,"black holes, pollen grains, atoms"
3591,semantic,particles floating in air
4176,semantic,arXiv and shared papers
12382,semantic,"helpline, hotline, center, children, assault"
15534,semantic,Generative Adversarial Networks
15963,semantic,consequences of lacking something
16973,semantic,splash and water related activities
18732,semantic,japanese evening greeting
24525,semantic,bibliographic entries or parenthetical citations
26239,semantic,links to academic papers
26476,semantic,drawing and painting
30906,semantic,transcription and transcripts
37007,semantic,statistical data analysis
44604,semantic,lifting at the gym
44710,semantic,highest quality people
46246,semantic,photos and images
47222,semantic,movement of particles
54586,semantic,skills and requirements
75775,semantic,honey pecans
77343,semantic,195-205°F (90-96°C)
85526,semantic,witnessed history or events
88143,semantic,ability to do things
102415,semantic,"peace, Islamic names, wisdom"
104666,semantic,streamlined regulations
109587,semantic,binds to receptor
134710,semantic,Pacific Theater invasion
148098,semantic,Yahoo Finance
176496,semantic,Gemma team actions
185224,semantic,animal safety precautions
190098,semantic,skid steer loaders
197485,semantic,strength and speed
209139,semantic,dates and years
210122,semantic,log rules and simplification
236741,semantic,"degree distribution, PageRank, algorithms, networks, probability"
242465,semantic,"kelp, seaweed, grows"
1802,other,constant 0-1 range
48980,other,refusing your request
28561,other,we beat on
44995,other,"considering, given, light"
85526,other,witnessed history or events
176496,other,Gemma team actions
